2026-08-25 14:00:56.451 ################ T=102 TRANSPORT EXPERIMENT START ################
2026-08-25 14:00:56.489 SDK guard OK: stock roarm_sdk at /home/mukund/.local/lib/python3.10/site-packages/roarm_sdk/__init__.py
2026-08-25 14:00:56.507 ENV: {
 "timestamp_utc": "2026-08-25T13:00:56.494519Z",
 "python": "3.10.12 (main, Jun 22 2026, 18:55:27) [GCC 11.4.0]",
 "roarm_sdk_version": "0.1.0",
 "roarm_sdk_path": "/home/mukund/.local/lib/python3.10/site-packages/roarm_sdk/__init__.py",
 "pyserial_version": "3.5",
 "kernel": "6.18.33.2-microsoft-standard-WSL2",
 "os": "Linux #1 SMP PREEMPT_DYNAMIC Thu Jun 18 21:54:43 UTC 2026",
 "lsusb": "Bus 002 Device 001: ID 1d6b:0003 Linux Foundation 3.0 root hub\nBus 001 Device 002: ID 10c4:ea60 Silicon Labs CP210x UART Bridge\nBus 001 Device 001: ID 1d6b:0002 Linux Foundation 2.0 root hub",
 "ttyUSB0": "crw-rw-rw- 1 root dialout 188, 0 Aug 25 13:57 /dev/ttyUSB0",
 "cwd": "/home/mukund/streaming_baseline"
}
2026-08-25 14:00:56.508 PORT check OK: /dev/ttyUSB0 exists, no foreign holders
2026-08-25 14:00:56.532 CONNECTED to arm via stock SDK
2026-08-25 14:00:56.532 ===== BASELINE: 3 s idle feedback sampling =====
2026-08-25 14:00:56.582 [baseline] fb ok t+0.050 xyz=[204.8996, 192.6977, 180.7132] j=[0.7547, -0.2531, 2.0371, -0.1442, -0.0031, 0.0261]
2026-08-25 14:00:56.792 [baseline] fb ok t+0.259 xyz=[204.8996, 192.6977, 180.7132] j=[0.7547, -0.2531, 2.0371, -0.1442, -0.0031, 0.0261]
2026-08-25 14:00:56.862 [baseline] fb ok t+0.330 xyz=[204.8996, 192.6977, 180.7132] j=[0.7547, -0.2531, 2.0371, -0.1442, -0.0031, 0.0261]
2026-08-25 14:00:56.967 [baseline] fb ok t+0.434 xyz=[204.8996, 192.6977, 180.7132] j=[0.7547, -0.2531, 2.0371, -0.1442, -0.0031, 0.0261]
2026-08-25 14:00:57.071 [baseline] fb ok t+0.539 xyz=[204.8996, 192.6977, 180.7132] j=[0.7547, -0.2531, 2.0371, -0.1442, -0.0031, 0.0261]
2026-08-25 14:00:57.176 [baseline] fb ok t+0.644 xyz=[204.8996, 192.6977, 180.7132] j=[0.7547, -0.2531, 2.0371, -0.1442, -0.0031, 0.0261]
2026-08-25 14:00:57.281 [baseline] fb ok t+0.749 xyz=[204.8996, 192.6977, 180.7132] j=[0.7547, -0.2531, 2.0371, -0.1442, -0.0031, 0.0261]
2026-08-25 14:00:57.386 [baseline] fb ok t+0.854 xyz=[204.8996, 192.6977, 180.7132] j=[0.7547, -0.2531, 2.0371, -0.1442, -0.0031, 0.0261]
2026-08-25 14:00:57.491 [baseline] fb ok t+0.959 xyz=[204.8996, 192.6977, 180.7132] j=[0.7547, -0.2531, 2.0371, -0.1442, -0.0031, 0.0261]
2026-08-25 14:00:57.561 [baseline] fb ok t+1.029 xyz=[204.8996, 192.6977, 180.7132] j=[0.7547, -0.2531, 2.0371, -0.1442, -0.0031, 0.0261]
2026-08-25 14:00:57.666 [baseline] fb ok t+1.134 xyz=[204.8996, 192.6977, 180.7132] j=[0.7547, -0.2531, 2.0371, -0.1442, -0.0031, 0.0261]
2026-08-25 14:00:57.771 [baseline] fb ok t+1.239 xyz=[204.8996, 192.6977, 180.7132] j=[0.7547, -0.2531, 2.0371, -0.1442, -0.0031, 0.0261]
2026-08-25 14:00:57.876 [baseline] fb ok t+1.344 xyz=[204.8996, 192.6977, 180.7132] j=[0.7547, -0.2531, 2.0371, -0.1442, -0.0031, 0.0261]
2026-08-25 14:00:57.981 [baseline] fb ok t+1.448 xyz=[204.8996, 192.6977, 180.7132] j=[0.7547, -0.2531, 2.0371, -0.1442, -0.0031, 0.0261]
2026-08-25 14:00:58.086 [baseline] fb ok t+1.553 xyz=[204.8996, 192.6977, 180.7132] j=[0.7547, -0.2531, 2.0371, -0.1442, -0.0031, 0.0261]
2026-08-25 14:00:58.191 [baseline] fb ok t+1.658 xyz=[204.8996, 192.6977, 180.7132] j=[0.7547, -0.2531, 2.0371, -0.1442, -0.0031, 0.0261]
2026-08-25 14:00:58.261 [baseline] fb ok t+1.729 xyz=[204.8996, 192.6977, 180.7132] j=[0.7547, -0.2531, 2.0371, -0.1442, -0.0031, 0.0261]
2026-08-25 14:00:58.366 [baseline] fb ok t+1.834 xyz=[204.8996, 192.6977, 180.7132] j=[0.7547, -0.2531, 2.0371, -0.1442, -0.0031, 0.0261]
2026-08-25 14:00:58.471 [baseline] fb ok t+1.938 xyz=[204.8996, 192.6977, 180.7132] j=[0.7547, -0.2531, 2.0371, -0.1442, -0.0031, 0.0261]
2026-08-25 14:00:58.576 [baseline] fb ok t+2.043 xyz=[204.8996, 192.6977, 180.7132] j=[0.7547, -0.2531, 2.0371, -0.1442, -0.0031, 0.0261]
2026-08-25 14:00:58.680 [baseline] fb ok t+2.148 xyz=[204.8996, 192.6977, 180.7132] j=[0.7547, -0.2531, 2.0371, -0.1442, -0.0031, 0.0261]
2026-08-25 14:00:58.785 [baseline] fb ok t+2.253 xyz=[204.8996, 192.6977, 180.7132] j=[0.7547, -0.2531, 2.0371, -0.1442, -0.0031, 0.0261]
2026-08-25 14:00:58.890 [baseline] fb ok t+2.358 xyz=[204.8996, 192.6977, 180.7132] j=[0.7547, -0.2531, 2.0371, -0.1442, -0.0031, 0.0261]
2026-08-25 14:00:58.995 [baseline] fb ok t+2.463 xyz=[204.8996, 192.6977, 180.7132] j=[0.7547, -0.2531, 2.0371, -0.1442, -0.0031, 0.0261]
2026-08-25 14:00:59.066 [baseline] fb ok t+2.533 xyz=[204.8996, 192.6977, 180.7132] j=[0.7547, -0.2531, 2.0371, -0.1442, -0.0031, 0.0261]
2026-08-25 14:00:59.170 [baseline] fb ok t+2.638 xyz=[204.8996, 192.6977, 180.7132] j=[0.7547, -0.2531, 2.0371, -0.1442, -0.0031, 0.0261]
2026-08-25 14:00:59.275 [baseline] fb ok t+2.743 xyz=[204.8996, 192.6977, 180.7132] j=[0.7547, -0.2531, 2.0371, -0.1442, -0.0031, 0.0261]
2026-08-25 14:00:59.380 [baseline] fb ok t+2.848 xyz=[204.8996, 192.6977, 180.7132] j=[0.7547, -0.2531, 2.0371, -0.1442, -0.0031, 0.0261]
2026-08-25 14:00:59.485 [baseline] fb ok t+2.952 xyz=[204.8996, 192.6977, 180.7132] j=[0.7547, -0.2531, 2.0371, -0.1442, -0.0031, 0.0261]
2026-08-25 14:00:59.535 [baseline] success=29/29 median_joints=[0.7547, -0.2531, 2.0371, -0.1442, -0.0031, 0.0261] ([43.24, -14.5, 116.72, -8.26, -0.18, 1.5] deg) xyz=[204.8996, 192.6977, 180.7132]
2026-08-25 14:00:59.535 POSE A rad=[0.7547, -0.2531, 2.0371, -0.1442, -0.0031, 0.0261] deg=[43.24, -14.5, 116.72, -8.26, -0.18, 1.5]
2026-08-25 14:00:59.535 POSE B rad=[0.6674, -0.2531, 2.0371, -0.0918, -0.0031, 0.0261] deg=[38.24, -14.5, 116.72, -5.26, -0.18, 1.5]
2026-08-25 14:00:59.535 PHYSICAL MOTION IS ABOUT TO BEGIN: small base/wrist moves only, same A/B in all tests
2026-08-25 14:00:59.590 [setupA] already at target, no setup move needed
2026-08-25 14:00:59.590 ===== TEST A: one-shot sparse, speed=180, acc=10 =====
2026-08-25 14:00:59.625 [A/1]pre already at target, no setup move needed
2026-08-25 14:00:59.625 [A/1] dwell 3.0s before send
2026-08-25 14:01:03.025 [A/1] SENT T=102 A->B target=[0.6674, -0.2531, 2.0371, -0.0918, -0.0031, 0.0261] ([38.24, -14.5, 116.72, -5.26, -0.18, 1.5]) speed=180 acc=10 ret=b'{"T": 102, "base": 0.6674335374002835, "shoulder": -0.2531, "elbow": 2.0371, "wrist": -0.0918401224401701, "roll": -0.0031, "hand": 3.115492653589793, "spd": 180, "acc": 10}\n'
2026-08-25 14:01:03.052 [A/1] fb ok t+0.026 j=[0.7547, -0.2531, 2.0371, -0.1442, -0.0031, 0.0261] err_to_target=0.0873 (read 26ms)
2026-08-25 14:01:03.162 [A/1] fb ok t+0.130 j=[0.7547, -0.2531, 2.0371, -0.1442, -0.0031, 0.0261] err_to_target=0.0873 (read 32ms)
2026-08-25 14:01:03.267 [A/1] fb ok t+0.234 j=[0.7547, -0.2454, 2.0371, -0.1396, -0.0031, 0.0261] err_to_target=0.0873 (read 33ms)
2026-08-25 14:01:03.372 [A/1] MOTION toward target (joint=wrist) latency=0.338s dev=0.0276
2026-08-25 14:01:03.372 [A/1] fb ok t+0.338 j=[0.7547, -0.2454, 2.0371, -0.1166, -0.0031, 0.0261] err_to_target=0.0873 (read 34ms)
2026-08-25 14:01:03.477 [A/1] fb ok t+0.442 j=[0.7424, -0.2454, 2.0463, -0.0997, -0.0031, 0.0261] err_to_target=0.0750 (read 35ms)
2026-08-25 14:01:03.582 [A/1] fb ok t+0.544 j=[0.7179, -0.2454, 2.0463, -0.0966, -0.0031, 0.0261] err_to_target=0.0505 (read 38ms)
2026-08-25 14:01:03.686 [A/1] fb ok t+0.648 j=[0.7026, -0.2454, 2.0463, -0.0966, -0.0031, 0.0261] err_to_target=0.0351 (read 39ms)
2026-08-25 14:01:03.791 [A/1] fb ok t+0.752 j=[0.701, -0.2454, 2.0463, -0.0966, -0.0031, 0.0261] err_to_target=0.0336 (read 40ms)
2026-08-25 14:01:03.896 [A/1] fb ok t+0.855 j=[0.6995, -0.2454, 2.0463, -0.0966, -0.0031, 0.0261] err_to_target=0.0321 (read 42ms)
2026-08-25 14:01:04.001 [A/1] fb ok t+0.958 j=[0.6995, -0.2454, 2.0463, -0.0966, -0.0031, 0.0261] err_to_target=0.0321 (read 44ms)
2026-08-25 14:01:04.106 [A/1] fb ok t+1.061 j=[0.6995, -0.2454, 2.0463, -0.0966, -0.0031, 0.0261] err_to_target=0.0321 (read 46ms)
2026-08-25 14:01:04.211 [A/1] fb ok t+1.164 j=[0.6995, -0.2454, 2.0463, -0.0966, -0.0031, 0.0261] err_to_target=0.0321 (read 47ms)
2026-08-25 14:01:04.316 [A/1] fb ok t+1.268 j=[0.6995, -0.2454, 2.0463, -0.0966, -0.0031, 0.0261] err_to_target=0.0321 (read 49ms)
2026-08-25 14:01:04.421 [A/1] fb ok t+1.371 j=[0.6995, -0.2454, 2.0463, -0.0966, -0.0031, 0.0261] err_to_target=0.0321 (read 51ms)
2026-08-25 14:01:04.526 [A/1] fb ok t+1.471 j=[0.6995, -0.2454, 2.0463, -0.0966, -0.0031, 0.0261] err_to_target=0.0321 (read 55ms)
2026-08-25 14:01:04.631 [A/1] fb ok t+1.574 j=[0.6995, -0.2454, 2.0463, -0.0966, -0.0031, 0.0261] err_to_target=0.0321 (read 57ms)
2026-08-25 14:01:04.701 [A/1] fb ok t+1.674 j=[0.6995, -0.2454, 2.0463, -0.0966, -0.0031, 0.0261] err_to_target=0.0321 (read 27ms)
2026-08-25 14:01:04.806 [A/1] fb ok t+1.775 j=[0.6995, -0.2454, 2.0463, -0.0966, -0.0031, 0.0261] err_to_target=0.0321 (read 31ms)
2026-08-25 14:01:04.911 [A/1] fb ok t+1.879 j=[0.6995, -0.2454, 2.0463, -0.0966, -0.0031, 0.0261] err_to_target=0.0321 (read 32ms)
2026-08-25 14:01:05.016 [A/1] fb ok t+1.981 j=[0.6995, -0.2454, 2.0463, -0.0966, -0.0031, 0.0261] err_to_target=0.0321 (read 35ms)
2026-08-25 14:01:05.121 [A/1] fb ok t+2.085 j=[0.6995, -0.2454, 2.0463, -0.0966, -0.0031, 0.0261] err_to_target=0.0321 (read 36ms)
2026-08-25 14:01:05.226 [A/1] fb ok t+2.189 j=[0.6995, -0.2454, 2.0463, -0.0966, -0.0031, 0.0261] err_to_target=0.0321 (read 37ms)
2026-08-25 14:01:05.331 [A/1] fb ok t+2.293 j=[0.6995, -0.2454, 2.0463, -0.0966, -0.0031, 0.0261] err_to_target=0.0321 (read 38ms)
2026-08-25 14:01:05.436 [A/1] fb ok t+2.396 j=[0.6995, -0.2454, 2.0463, -0.0966, -0.0031, 0.0261] err_to_target=0.0321 (read 39ms)
2026-08-25 14:01:05.540 [A/1] fb ok t+2.500 j=[0.6995, -0.2454, 2.0463, -0.0966, -0.0031, 0.0261] err_to_target=0.0321 (read 41ms)
2026-08-25 14:01:05.645 [A/1] fb ok t+2.603 j=[0.6995, -0.2454, 2.0463, -0.0966, -0.0031, 0.0261] err_to_target=0.0321 (read 42ms)
2026-08-25 14:01:05.750 [A/1] fb ok t+2.707 j=[0.6995, -0.2454, 2.0463, -0.0966, -0.0031, 0.0261] err_to_target=0.0321 (read 44ms)
2026-08-25 14:01:05.855 [A/1] fb ok t+2.809 j=[0.6995, -0.2454, 2.0463, -0.0966, -0.0031, 0.0261] err_to_target=0.0321 (read 46ms)
2026-08-25 14:01:05.960 [A/1] fb ok t+2.912 j=[0.6995, -0.2454, 2.0463, -0.0966, -0.0031, 0.0261] err_to_target=0.0321 (read 48ms)
2026-08-25 14:01:06.065 [A/1] fb ok t+3.016 j=[0.6995, -0.2454, 2.0463, -0.0966, -0.0031, 0.0261] err_to_target=0.0321 (read 50ms)
2026-08-25 14:01:06.170 [A/1] fb ok t+3.116 j=[0.6995, -0.2454, 2.0463, -0.0966, -0.0031, 0.0261] err_to_target=0.0321 (read 54ms)
2026-08-25 14:01:06.275 [A/1] fb ok t+3.219 j=[0.6995, -0.2454, 2.0463, -0.0966, -0.0031, 0.0261] err_to_target=0.0321 (read 56ms)
2026-08-25 14:01:06.345 [A/1] fb ok t+3.319 j=[0.6995, -0.2454, 2.0463, -0.0966, -0.0031, 0.0261] err_to_target=0.0321 (read 26ms)
2026-08-25 14:01:06.450 [A/1] fb ok t+3.423 j=[0.6995, -0.2454, 2.0463, -0.0966, -0.0031, 0.0261] err_to_target=0.0321 (read 27ms)
2026-08-25 14:01:06.555 [A/1] fb ok t+3.528 j=[0.6995, -0.2454, 2.0463, -0.0966, -0.0031, 0.0261] err_to_target=0.0321 (read 27ms)
2026-08-25 14:01:06.660 [A/1] fb ok t+3.630 j=[0.6995, -0.2454, 2.0463, -0.0966, -0.0031, 0.0261] err_to_target=0.0321 (read 30ms)
2026-08-25 14:01:06.765 [A/1] fb ok t+3.734 j=[0.6995, -0.2454, 2.0463, -0.0966, -0.0031, 0.0261] err_to_target=0.0321 (read 31ms)
2026-08-25 14:01:06.869 [A/1] fb ok t+3.838 j=[0.6995, -0.2454, 2.0463, -0.0966, -0.0031, 0.0261] err_to_target=0.0321 (read 31ms)
2026-08-25 14:01:06.974 [A/1] fb ok t+3.942 j=[0.6995, -0.2454, 2.0463, -0.0966, -0.0031, 0.0261] err_to_target=0.0321 (read 32ms)
2026-08-25 14:01:07.079 [A/1] fb ok t+4.047 j=[0.6995, -0.2454, 2.0463, -0.0966, -0.0031, 0.0261] err_to_target=0.0321 (read 33ms)
2026-08-25 14:01:07.184 [A/1] fb ok t+4.147 j=[0.6995, -0.2454, 2.0463, -0.0966, -0.0031, 0.0261] err_to_target=0.0321 (read 38ms)
2026-08-25 14:01:07.289 [A/1] fb ok t+4.249 j=[0.6995, -0.2454, 2.0463, -0.0966, -0.0031, 0.0261] err_to_target=0.0321 (read 41ms)
2026-08-25 14:01:07.394 [A/1] fb ok t+4.353 j=[0.6995, -0.2454, 2.0463, -0.0966, -0.0031, 0.0261] err_to_target=0.0321 (read 42ms)
2026-08-25 14:01:07.499 [A/1] fb ok t+4.456 j=[0.6995, -0.2454, 2.0463, -0.0966, -0.0031, 0.0261] err_to_target=0.0321 (read 43ms)
2026-08-25 14:01:07.604 [A/1] fb ok t+4.557 j=[0.6995, -0.2454, 2.0463, -0.0966, -0.0031, 0.0261] err_to_target=0.0321 (read 47ms)
2026-08-25 14:01:07.709 [A/1] fb ok t+4.660 j=[0.6995, -0.2454, 2.0463, -0.0966, -0.0031, 0.0261] err_to_target=0.0321 (read 49ms)
2026-08-25 14:01:07.814 [A/1] fb ok t+4.762 j=[0.6995, -0.2454, 2.0463, -0.0966, -0.0031, 0.0261] err_to_target=0.0321 (read 52ms)
2026-08-25 14:01:07.919 [A/1] fb ok t+4.865 j=[0.6995, -0.2454, 2.0463, -0.0966, -0.0031, 0.0261] err_to_target=0.0321 (read 54ms)
2026-08-25 14:01:08.024 [A/1] fb ok t+4.965 j=[0.6995, -0.2454, 2.0463, -0.0966, -0.0031, 0.0261] err_to_target=0.0321 (read 59ms)
2026-08-25 14:01:08.094 [A/1] fb ok t+5.068 j=[0.6995, -0.2454, 2.0463, -0.0966, -0.0031, 0.0261] err_to_target=0.0321 (read 27ms)
2026-08-25 14:01:08.199 [A/1] fb ok t+5.172 j=[0.6995, -0.2454, 2.0463, -0.0966, -0.0031, 0.0261] err_to_target=0.0321 (read 27ms)
2026-08-25 14:01:08.304 [A/1] fb ok t+5.277 j=[0.6995, -0.2454, 2.0463, -0.0966, -0.0031, 0.0261] err_to_target=0.0321 (read 27ms)
2026-08-25 14:01:08.409 [A/1] fb ok t+5.381 j=[0.6995, -0.2454, 2.0463, -0.0966, -0.0031, 0.0261] err_to_target=0.0321 (read 28ms)
2026-08-25 14:01:08.514 [A/1] fb ok t+5.485 j=[0.6995, -0.2454, 2.0463, -0.0966, -0.0031, 0.0261] err_to_target=0.0321 (read 29ms)
2026-08-25 14:01:08.619 [A/1] fb ok t+5.589 j=[0.6995, -0.2454, 2.0463, -0.0966, -0.0031, 0.0261] err_to_target=0.0321 (read 29ms)
2026-08-25 14:01:08.723 [A/1] fb ok t+5.694 j=[0.6995, -0.2454, 2.0463, -0.0966, -0.0031, 0.0261] err_to_target=0.0321 (read 30ms)
2026-08-25 14:01:08.828 [A/1] fb ok t+5.798 j=[0.6995, -0.2454, 2.0463, -0.0966, -0.0031, 0.0261] err_to_target=0.0321 (read 31ms)
2026-08-25 14:01:08.933 [A/1] fb ok t+5.902 j=[0.6995, -0.2454, 2.0463, -0.0966, -0.0031, 0.0261] err_to_target=0.0321 (read 32ms)
2026-08-25 14:01:09.038 [A/1] fb ok t+6.006 j=[0.6995, -0.2454, 2.0463, -0.0966, -0.0031, 0.0261] err_to_target=0.0321 (read 32ms)
2026-08-25 14:01:09.144 [A/1] fb ok t+6.110 j=[0.6995, -0.2454, 2.0463, -0.0966, -0.0031, 0.0261] err_to_target=0.0321 (read 33ms)
2026-08-25 14:01:09.249 [A/1] fb ok t+6.212 j=[0.6995, -0.2454, 2.0463, -0.0966, -0.0031, 0.0261] err_to_target=0.0321 (read 37ms)
2026-08-25 14:01:09.353 [A/1] fb ok t+6.316 j=[0.6995, -0.2454, 2.0463, -0.0966, -0.0031, 0.0261] err_to_target=0.0321 (read 38ms)
2026-08-25 14:01:09.458 [A/1] fb ok t+6.419 j=[0.6995, -0.2454, 2.0463, -0.0966, -0.0031, 0.0261] err_to_target=0.0321 (read 39ms)
2026-08-25 14:01:09.563 [A/1] fb ok t+6.521 j=[0.6995, -0.2454, 2.0463, -0.0966, -0.0031, 0.0261] err_to_target=0.0321 (read 43ms)
2026-08-25 14:01:09.668 [A/1] fb ok t+6.621 j=[0.6995, -0.2454, 2.0463, -0.0966, -0.0031, 0.0261] err_to_target=0.0321 (read 47ms)
2026-08-25 14:01:09.773 [A/1] fb ok t+6.725 j=[0.6995, -0.2454, 2.0463, -0.0966, -0.0031, 0.0261] err_to_target=0.0321 (read 49ms)
2026-08-25 14:01:09.878 [A/1] fb ok t+6.825 j=[0.6995, -0.2454, 2.0463, -0.0966, -0.0031, 0.0261] err_to_target=0.0321 (read 53ms)
2026-08-25 14:01:09.983 [A/1] fb ok t+6.925 j=[0.6995, -0.2454, 2.0463, -0.0966, -0.0031, 0.0261] err_to_target=0.0321 (read 58ms)
2026-08-25 14:01:10.088 [A/1] fb ok t+7.028 j=[0.6995, -0.2454, 2.0463, -0.0966, -0.0031, 0.0261] err_to_target=0.0321 (read 60ms)
2026-08-25 14:01:10.158 [A/1] fb ok t+7.130 j=[0.6995, -0.2454, 2.0463, -0.0966, -0.0031, 0.0261] err_to_target=0.0321 (read 28ms)
2026-08-25 14:01:10.263 [A/1] fb ok t+7.232 j=[0.6995, -0.2454, 2.0463, -0.0966, -0.0031, 0.0261] err_to_target=0.0321 (read 32ms)
2026-08-25 14:01:10.368 [A/1] fb ok t+7.334 j=[0.6995, -0.2454, 2.0463, -0.0966, -0.0031, 0.0261] err_to_target=0.0321 (read 35ms)
2026-08-25 14:01:10.473 [A/1] fb ok t+7.437 j=[0.6995, -0.2454, 2.0463, -0.0966, -0.0031, 0.0261] err_to_target=0.0321 (read 36ms)
2026-08-25 14:01:10.578 [A/1] fb ok t+7.541 j=[0.6995, -0.2454, 2.0463, -0.0966, -0.0031, 0.0261] err_to_target=0.0321 (read 38ms)
2026-08-25 14:01:10.683 [A/1] fb ok t+7.645 j=[0.6995, -0.2454, 2.0463, -0.0966, -0.0031, 0.0261] err_to_target=0.0321 (read 39ms)
2026-08-25 14:01:10.788 [A/1] fb ok t+7.748 j=[0.6995, -0.2454, 2.0463, -0.0966, -0.0031, 0.0261] err_to_target=0.0321 (read 40ms)
2026-08-25 14:01:10.893 [A/1] fb ok t+7.852 j=[0.6995, -0.2454, 2.0463, -0.0966, -0.0031, 0.0261] err_to_target=0.0321 (read 42ms)
2026-08-25 14:01:10.998 [A/1] fb ok t+7.952 j=[0.6995, -0.2454, 2.0463, -0.0966, -0.0031, 0.0261] err_to_target=0.0321 (read 46ms)
2026-08-25 14:01:11.103 [A/1] fb ok t+8.056 j=[0.6995, -0.2454, 2.0463, -0.0966, -0.0031, 0.0261] err_to_target=0.0321 (read 47ms)
2026-08-25 14:01:11.208 [A/1] fb ok t+8.156 j=[0.6995, -0.2454, 2.0463, -0.0966, -0.0031, 0.0261] err_to_target=0.0321 (read 52ms)
2026-08-25 14:01:11.313 [A/1] fb ok t+8.259 j=[0.6995, -0.2454, 2.0463, -0.0966, -0.0031, 0.0261] err_to_target=0.0321 (read 54ms)
2026-08-25 14:01:11.418 [A/1] fb ok t+8.359 j=[0.6995, -0.2454, 2.0463, -0.0966, -0.0031, 0.0261] err_to_target=0.0321 (read 59ms)
2026-08-25 14:01:11.488 [A/1] fb ok t+8.461 j=[0.6995, -0.2454, 2.0463, -0.0966, -0.0031, 0.0261] err_to_target=0.0321 (read 27ms)
2026-08-25 14:01:11.593 [A/1] fb ok t+8.561 j=[0.6995, -0.2454, 2.0463, -0.0966, -0.0031, 0.0261] err_to_target=0.0321 (read 32ms)
2026-08-25 14:01:11.698 [A/1] fb ok t+8.664 j=[0.6995, -0.2454, 2.0463, -0.0966, -0.0031, 0.0261] err_to_target=0.0321 (read 35ms)
2026-08-25 14:01:11.803 [A/1] fb ok t+8.768 j=[0.6995, -0.2454, 2.0463, -0.0966, -0.0031, 0.0261] err_to_target=0.0321 (read 36ms)
2026-08-25 14:01:11.908 [A/1] fb ok t+8.871 j=[0.6995, -0.2454, 2.0463, -0.0966, -0.0031, 0.0261] err_to_target=0.0321 (read 37ms)
2026-08-25 14:01:12.013 [A/1] fb ok t+8.972 j=[0.6995, -0.2454, 2.0463, -0.0966, -0.0031, 0.0261] err_to_target=0.0321 (read 41ms)
2026-08-25 14:01:12.118 [A/1] fb ok t+9.075 j=[0.6995, -0.2454, 2.0463, -0.0966, -0.0031, 0.0261] err_to_target=0.0321 (read 43ms)
2026-08-25 14:01:12.223 [A/1] fb ok t+9.176 j=[0.6995, -0.2454, 2.0463, -0.0966, -0.0031, 0.0261] err_to_target=0.0321 (read 47ms)
2026-08-25 14:01:12.328 [A/1] fb ok t+9.280 j=[0.6995, -0.2454, 2.0463, -0.0966, -0.0031, 0.0261] err_to_target=0.0321 (read 48ms)
2026-08-25 14:01:12.433 [A/1] fb ok t+9.383 j=[0.6995, -0.2454, 2.0463, -0.0966, -0.0031, 0.0261] err_to_target=0.0321 (read 50ms)
2026-08-25 14:01:12.537 [A/1] fb ok t+9.486 j=[0.6995, -0.2454, 2.0463, -0.0966, -0.0031, 0.0261] err_to_target=0.0321 (read 52ms)
2026-08-25 14:01:12.642 [A/1] fb ok t+9.588 j=[0.6995, -0.2454, 2.0463, -0.0966, -0.0031, 0.0261] err_to_target=0.0321 (read 54ms)
2026-08-25 14:01:12.748 [A/1] fb ok t+9.691 j=[0.6995, -0.2454, 2.0463, -0.0966, -0.0031, 0.0261] err_to_target=0.0321 (read 57ms)
2026-08-25 14:01:12.852 [A/1] fb ok t+9.794 j=[0.6995, -0.2454, 2.0463, -0.0966, -0.0031, 0.0261] err_to_target=0.0321 (read 59ms)
2026-08-25 14:01:12.923 [A/1] fb ok t+9.894 j=[0.6995, -0.2454, 2.0463, -0.0966, -0.0031, 0.0261] err_to_target=0.0321 (read 29ms)
2026-08-25 14:01:13.028 [A/1] fb ok t+9.994 j=[0.6995, -0.2454, 2.0463, -0.0966, -0.0031, 0.0261] err_to_target=0.0321 (read 34ms)
2026-08-25 14:01:13.133 [A/1] fb ok t+10.096 j=[0.6995, -0.2454, 2.0463, -0.0966, -0.0031, 0.0261] err_to_target=0.0321 (read 37ms)
2026-08-25 14:01:13.238 [A/1] fb ok t+10.200 j=[0.6995, -0.2454, 2.0463, -0.0966, -0.0031, 0.0261] err_to_target=0.0321 (read 38ms)
2026-08-25 14:01:13.343 [A/1] fb ok t+10.303 j=[0.6995, -0.2454, 2.0463, -0.0966, -0.0031, 0.0261] err_to_target=0.0321 (read 40ms)
2026-08-25 14:01:13.448 [A/1] fb ok t+10.407 j=[0.6995, -0.2454, 2.0463, -0.0966, -0.0031, 0.0261] err_to_target=0.0321 (read 41ms)
2026-08-25 14:01:13.553 [A/1] fb ok t+10.510 j=[0.6995, -0.2454, 2.0463, -0.0966, -0.0031, 0.0261] err_to_target=0.0321 (read 43ms)
2026-08-25 14:01:13.658 [A/1] fb ok t+10.612 j=[0.6995, -0.2454, 2.0463, -0.0966, -0.0031, 0.0261] err_to_target=0.0321 (read 46ms)
2026-08-25 14:01:13.762 [A/1] fb ok t+10.715 j=[0.6995, -0.2454, 2.0463, -0.0966, -0.0031, 0.0261] err_to_target=0.0321 (read 48ms)
2026-08-25 14:01:13.867 [A/1] fb ok t+10.818 j=[0.6995, -0.2454, 2.0463, -0.0966, -0.0031, 0.0261] err_to_target=0.0321 (read 49ms)
2026-08-25 14:01:13.973 [A/1] fb ok t+10.921 j=[0.6995, -0.2454, 2.0463, -0.0966, -0.0031, 0.0261] err_to_target=0.0321 (read 52ms)
2026-08-25 14:01:14.078 [A/1] fb ok t+11.024 j=[0.6995, -0.2454, 2.0463, -0.0966, -0.0031, 0.0261] err_to_target=0.0321 (read 54ms)
2026-08-25 14:01:14.182 [A/1] fb ok t+11.127 j=[0.6995, -0.2454, 2.0463, -0.0966, -0.0031, 0.0261] err_to_target=0.0321 (read 56ms)
2026-08-25 14:01:14.287 [A/1] fb ok t+11.230 j=[0.6995, -0.2454, 2.0463, -0.0966, -0.0031, 0.0261] err_to_target=0.0321 (read 58ms)
2026-08-25 14:01:14.358 [A/1] fb ok t+11.332 j=[0.6995, -0.2454, 2.0463, -0.0966, -0.0031, 0.0261] err_to_target=0.0321 (read 26ms)
2026-08-25 14:01:14.463 [A/1] fb ok t+11.437 j=[0.6995, -0.2454, 2.0463, -0.0966, -0.0031, 0.0261] err_to_target=0.0321 (read 26ms)
2026-08-25 14:01:14.568 [A/1] fb ok t+11.541 j=[0.6995, -0.2454, 2.0463, -0.0966, -0.0031, 0.0261] err_to_target=0.0321 (read 27ms)
2026-08-25 14:01:14.673 [A/1] fb ok t+11.646 j=[0.6995, -0.2454, 2.0463, -0.0966, -0.0031, 0.0261] err_to_target=0.0321 (read 27ms)
2026-08-25 14:01:14.778 [A/1] fb ok t+11.750 j=[0.6995, -0.2454, 2.0463, -0.0966, -0.0031, 0.0261] err_to_target=0.0321 (read 28ms)
2026-08-25 14:01:14.883 [A/1] fb ok t+11.854 j=[0.6995, -0.2454, 2.0463, -0.0966, -0.0031, 0.0261] err_to_target=0.0321 (read 29ms)
2026-08-25 14:01:14.987 [A/1] fb ok t+11.956 j=[0.6995, -0.2454, 2.0463, -0.0966, -0.0031, 0.0261] err_to_target=0.0321 (read 32ms)
2026-08-25 14:01:15.092 [A/1] fb ok t+12.060 j=[0.6995, -0.2454, 2.0463, -0.0966, -0.0031, 0.0261] err_to_target=0.0321 (read 33ms)
2026-08-25 14:01:15.197 [A/1] fb ok t+12.162 j=[0.6995, -0.2454, 2.0463, -0.0966, -0.0031, 0.0261] err_to_target=0.0321 (read 36ms)
2026-08-25 14:01:15.302 [A/1] fb ok t+12.266 j=[0.6995, -0.2454, 2.0463, -0.0966, -0.0031, 0.0261] err_to_target=0.0321 (read 37ms)
2026-08-25 14:01:15.407 [A/1] fb ok t+12.370 j=[0.6995, -0.2454, 2.0463, -0.0966, -0.0031, 0.0261] err_to_target=0.0321 (read 38ms)
2026-08-25 14:01:15.513 [A/1] fb ok t+12.473 j=[0.6995, -0.2454, 2.0463, -0.0966, -0.0031, 0.0261] err_to_target=0.0321 (read 40ms)
2026-08-25 14:01:15.618 [A/1] fb ok t+12.574 j=[0.6995, -0.2454, 2.0463, -0.0966, -0.0031, 0.0261] err_to_target=0.0321 (read 43ms)
2026-08-25 14:01:15.722 [A/1] fb ok t+12.678 j=[0.6995, -0.2454, 2.0463, -0.0966, -0.0031, 0.0261] err_to_target=0.0321 (read 45ms)
2026-08-25 14:01:15.827 [A/1] fb ok t+12.781 j=[0.6995, -0.2454, 2.0463, -0.0966, -0.0031, 0.0261] err_to_target=0.0321 (read 47ms)
2026-08-25 14:01:15.932 [A/1] fb ok t+12.882 j=[0.6995, -0.2454, 2.0463, -0.0966, -0.0031, 0.0261] err_to_target=0.0321 (read 51ms)
2026-08-25 14:01:16.037 [A/1] fb ok t+12.983 j=[0.6995, -0.2454, 2.0463, -0.0966, -0.0031, 0.0261] err_to_target=0.0321 (read 55ms)
2026-08-25 14:01:16.142 [A/1] fb ok t+13.085 j=[0.6995, -0.2454, 2.0463, -0.0966, -0.0031, 0.0261] err_to_target=0.0321 (read 57ms)
2026-08-25 14:01:16.247 [A/1] fb ok t+13.188 j=[0.6995, -0.2454, 2.0463, -0.0966, -0.0031, 0.0261] err_to_target=0.0321 (read 59ms)
2026-08-25 14:01:16.317 [A/1] fb ok t+13.290 j=[0.6995, -0.2454, 2.0463, -0.0966, -0.0031, 0.0261] err_to_target=0.0321 (read 27ms)
2026-08-25 14:01:16.422 [A/1] fb ok t+13.394 j=[0.6995, -0.2454, 2.0463, -0.0966, -0.0031, 0.0261] err_to_target=0.0321 (read 29ms)
2026-08-25 14:01:16.527 [A/1] fb ok t+13.498 j=[0.6995, -0.2454, 2.0463, -0.0966, -0.0031, 0.0261] err_to_target=0.0321 (read 29ms)
2026-08-25 14:01:16.632 [A/1] fb ok t+13.603 j=[0.6995, -0.2454, 2.0463, -0.0966, -0.0031, 0.0261] err_to_target=0.0321 (read 30ms)
2026-08-25 14:01:16.737 [A/1] fb ok t+13.704 j=[0.6995, -0.2454, 2.0463, -0.0966, -0.0031, 0.0261] err_to_target=0.0321 (read 33ms)
2026-08-25 14:01:16.842 [A/1] fb ok t+13.806 j=[0.6995, -0.2454, 2.0463, -0.0966, -0.0031, 0.0261] err_to_target=0.0321 (read 37ms)
2026-08-25 14:01:16.947 [A/1] fb ok t+13.910 j=[0.6995, -0.2454, 2.0463, -0.0966, -0.0031, 0.0261] err_to_target=0.0321 (read 38ms)
2026-08-25 14:01:17.052 [A/1] fb ok t+14.013 j=[0.6995, -0.2454, 2.0463, -0.0966, -0.0031, 0.0261] err_to_target=0.0321 (read 39ms)
2026-08-25 14:01:17.157 [A/1] fb ok t+14.117 j=[0.6995, -0.2454, 2.0463, -0.0966, -0.0031, 0.0261] err_to_target=0.0321 (read 41ms)
2026-08-25 14:01:17.262 [A/1] fb ok t+14.221 j=[0.6995, -0.2454, 2.0463, -0.0966, -0.0031, 0.0261] err_to_target=0.0321 (read 42ms)
2026-08-25 14:01:17.367 [A/1] fb ok t+14.324 j=[0.6995, -0.2454, 2.0463, -0.0966, -0.0031, 0.0261] err_to_target=0.0321 (read 43ms)
2026-08-25 14:01:17.472 [A/1] fb ok t+14.428 j=[0.6995, -0.2454, 2.0463, -0.0966, -0.0031, 0.0261] err_to_target=0.0321 (read 45ms)
2026-08-25 14:01:17.577 [A/1] fb ok t+14.528 j=[0.6995, -0.2454, 2.0463, -0.0966, -0.0031, 0.0261] err_to_target=0.0321 (read 49ms)
2026-08-25 14:01:17.682 [A/1] fb ok t+14.631 j=[0.6995, -0.2454, 2.0463, -0.0966, -0.0031, 0.0261] err_to_target=0.0321 (read 51ms)
2026-08-25 14:01:17.787 [A/1] fb ok t+14.734 j=[0.6995, -0.2454, 2.0463, -0.0966, -0.0031, 0.0261] err_to_target=0.0321 (read 53ms)
2026-08-25 14:01:17.892 [A/1] fb ok t+14.837 j=[0.6995, -0.2454, 2.0463, -0.0966, -0.0031, 0.0261] err_to_target=0.0321 (read 55ms)
2026-08-25 14:01:17.997 [A/1] fb ok t+14.940 j=[0.6995, -0.2454, 2.0463, -0.0966, -0.0031, 0.0261] err_to_target=0.0321 (read 57ms)
2026-08-25 14:01:38.117 [A/2]pre SETUP move to [0.6674, -0.2531, 2.0371, -0.0918, -0.0031, 0.0261] (repeated target, not measured)
2026-08-25 14:02:13.254 [A/2]pre SETUP done sends=56 settled=False final=[0.6995, -0.2454, 2.0463, -0.0966, -0.0031, 0.0261]
2026-08-25 14:02:13.254 [A/2]pre WARNING: setup move did not settle; continuing (pose drift possible)
2026-08-25 14:02:13.254 [A/2] dwell 3.0s before send
2026-08-25 14:02:16.549 [A/2] SENT T=102 B->A target=[0.7547, -0.2531, 2.0371, -0.1442, -0.0031, 0.0261] ([43.24, -14.5, 116.72, -8.26, -0.18, 1.5]) speed=180 acc=10 ret=b'{"T": 102, "base": 0.7547, "shoulder": -0.2531, "elbow": 2.0371, "wrist": -0.1442, "roll": -0.0031, "hand": 3.115492653589793, "spd": 180, "acc": 10}\n'
2026-08-25 14:02:16.582 [A/2] fb ok t+0.019 j=[0.6995, -0.2454, 2.0463, -0.0966, -0.0031, 0.0261] err_to_target=0.0552 (read 33ms)
2026-08-25 14:02:16.691 [A/2] fb ok t+0.123 j=[0.6995, -0.2454, 2.0463, -0.0966, -0.0031, 0.0261] err_to_target=0.0552 (read 38ms)
2026-08-25 14:02:16.796 [A/2] fb ok t+0.226 j=[0.6995, -0.2454, 2.0463, -0.1028, -0.0031, 0.0261] err_to_target=0.0552 (read 40ms)
2026-08-25 14:02:16.901 [A/2] MOTION toward target (joint=wrist) latency=0.33s dev=0.0245
2026-08-25 14:02:16.901 [A/2] fb ok t+0.330 j=[0.701, -0.2454, 2.0463, -0.1212, -0.0031, 0.0261] err_to_target=0.0537 (read 41ms)
2026-08-25 14:02:17.006 [A/2] fb ok t+0.431 j=[0.7102, -0.2454, 2.0463, -0.1289, -0.0031, 0.0261] err_to_target=0.0445 (read 45ms)
2026-08-25 14:02:17.111 [A/2] fb ok t+0.534 j=[0.724, -0.2454, 2.0463, -0.1289, -0.0031, 0.0261] err_to_target=0.0307 (read 46ms)
2026-08-25 14:02:17.216 [A/2] fb ok t+0.637 j=[0.7256, -0.2454, 2.0463, -0.1289, -0.0031, 0.0261] err_to_target=0.0291 (read 48ms)
2026-08-25 14:02:17.321 [A/2] fb ok t+0.740 j=[0.7256, -0.2454, 2.0463, -0.1289, -0.0031, 0.0261] err_to_target=0.0291 (read 50ms)
2026-08-25 14:02:17.426 [A/2] fb ok t+0.841 j=[0.7256, -0.2454, 2.0463, -0.1289, -0.0031, 0.0261] err_to_target=0.0291 (read 55ms)
2026-08-25 14:02:17.531 [A/2] fb ok t+0.944 j=[0.7256, -0.2454, 2.0463, -0.1289, -0.0031, 0.0261] err_to_target=0.0291 (read 57ms)
2026-08-25 14:02:17.636 [A/2] fb ok t+1.046 j=[0.7256, -0.2454, 2.0463, -0.1289, -0.0031, 0.0261] err_to_target=0.0291 (read 60ms)
2026-08-25 14:02:17.706 [A/2] fb ok t+1.148 j=[0.7256, -0.2454, 2.0463, -0.1289, -0.0031, 0.0261] err_to_target=0.0291 (read 28ms)
2026-08-25 14:02:17.811 [A/2] fb ok t+1.253 j=[0.7256, -0.2454, 2.0463, -0.1289, -0.0031, 0.0261] err_to_target=0.0291 (read 28ms)
2026-08-25 14:02:17.916 [A/2] fb ok t+1.357 j=[0.7256, -0.2454, 2.0463, -0.1289, -0.0031, 0.0261] err_to_target=0.0291 (read 29ms)
2026-08-25 14:02:18.021 [A/2] fb ok t+1.460 j=[0.7256, -0.2454, 2.0463, -0.1289, -0.0031, 0.0261] err_to_target=0.0291 (read 31ms)
2026-08-25 14:02:18.126 [A/2] fb ok t+1.564 j=[0.7256, -0.2454, 2.0463, -0.1289, -0.0031, 0.0261] err_to_target=0.0291 (read 32ms)
2026-08-25 14:02:18.231 [A/2] fb ok t+1.668 j=[0.7256, -0.2454, 2.0463, -0.1289, -0.0031, 0.0261] err_to_target=0.0291 (read 33ms)
2026-08-25 14:02:18.336 [A/2] fb ok t+1.772 j=[0.7256, -0.2454, 2.0463, -0.1289, -0.0031, 0.0261] err_to_target=0.0291 (read 34ms)
2026-08-25 14:02:18.441 [A/2] fb ok t+1.876 j=[0.7256, -0.2454, 2.0463, -0.1289, -0.0031, 0.0261] err_to_target=0.0291 (read 35ms)
2026-08-25 14:02:18.546 [A/2] fb ok t+1.980 j=[0.7256, -0.2454, 2.0463, -0.1289, -0.0031, 0.0261] err_to_target=0.0291 (read 36ms)
2026-08-25 14:02:18.651 [A/2] fb ok t+2.081 j=[0.7256, -0.2454, 2.0463, -0.1289, -0.0031, 0.0261] err_to_target=0.0291 (read 39ms)
2026-08-25 14:02:18.756 [A/2] fb ok t+2.185 j=[0.7256, -0.2454, 2.0463, -0.1289, -0.0031, 0.0261] err_to_target=0.0291 (read 41ms)
2026-08-25 14:02:18.861 [A/2] fb ok t+2.289 j=[0.7256, -0.2454, 2.0463, -0.1289, -0.0031, 0.0261] err_to_target=0.0291 (read 42ms)
2026-08-25 14:02:18.966 [A/2] fb ok t+2.392 j=[0.7256, -0.2454, 2.0463, -0.1289, -0.0031, 0.0261] err_to_target=0.0291 (read 44ms)
2026-08-25 14:02:19.071 [A/2] fb ok t+2.493 j=[0.7256, -0.2454, 2.0463, -0.1289, -0.0031, 0.0261] err_to_target=0.0291 (read 48ms)
2026-08-25 14:02:19.176 [A/2] fb ok t+2.595 j=[0.7256, -0.2454, 2.0463, -0.1289, -0.0031, 0.0261] err_to_target=0.0291 (read 51ms)
2026-08-25 14:02:19.280 [A/2] fb ok t+2.698 j=[0.7256, -0.2454, 2.0463, -0.1289, -0.0031, 0.0261] err_to_target=0.0291 (read 53ms)
2026-08-25 14:02:19.385 [A/2] fb ok t+2.801 j=[0.7256, -0.2454, 2.0463, -0.1289, -0.0031, 0.0261] err_to_target=0.0291 (read 55ms)
2026-08-25 14:02:19.491 [A/2] fb ok t+2.903 j=[0.7256, -0.2454, 2.0463, -0.1289, -0.0031, 0.0261] err_to_target=0.0291 (read 57ms)
2026-08-25 14:02:19.561 [A/2] fb ok t+3.004 j=[0.7256, -0.2454, 2.0463, -0.1289, -0.0031, 0.0261] err_to_target=0.0291 (read 27ms)
2026-08-25 14:02:19.666 [A/2] fb ok t+3.108 j=[0.7256, -0.2454, 2.0463, -0.1289, -0.0031, 0.0261] err_to_target=0.0291 (read 28ms)
2026-08-25 14:02:19.771 [A/2] fb ok t+3.212 j=[0.7256, -0.2454, 2.0463, -0.1289, -0.0031, 0.0261] err_to_target=0.0291 (read 28ms)
2026-08-25 14:02:19.876 [A/2] fb ok t+3.313 j=[0.7256, -0.2454, 2.0463, -0.1289, -0.0031, 0.0261] err_to_target=0.0291 (read 32ms)
2026-08-25 14:02:18.142 [A/2] fb ok t+3.418 j=[0.7256, -0.2454, 2.0463, -0.1289, -0.0031, 0.0261] err_to_target=0.0291 (read -1806ms)
2026-08-25 14:02:20.137 [A/2] fb ok t+3.568 j=[0.7256, -0.2454, 2.0463, -0.1289, -0.0031, 0.0261] err_to_target=0.0291 (read 38ms)
2026-08-25 14:02:20.242 [A/2] fb ok t+3.672 j=[0.7256, -0.2454, 2.0463, -0.1289, -0.0031, 0.0261] err_to_target=0.0291 (read 39ms)
2026-08-25 14:02:20.347 [A/2] fb ok t+3.776 j=[0.7256, -0.2454, 2.0463, -0.1289, -0.0031, 0.0261] err_to_target=0.0291 (read 41ms)
2026-08-25 14:02:20.452 [A/2] fb ok t+3.879 j=[0.7256, -0.2454, 2.0463, -0.1289, -0.0031, 0.0261] err_to_target=0.0291 (read 42ms)
2026-08-25 14:02:20.556 [A/2] fb ok t+3.980 j=[0.7256, -0.2454, 2.0463, -0.1289, -0.0031, 0.0261] err_to_target=0.0291 (read 46ms)
2026-08-25 14:02:20.661 [A/2] fb ok t+4.084 j=[0.7256, -0.2454, 2.0463, -0.1289, -0.0031, 0.0261] err_to_target=0.0291 (read 48ms)
2026-08-25 14:02:20.766 [A/2] fb ok t+4.187 j=[0.7256, -0.2454, 2.0463, -0.1289, -0.0031, 0.0261] err_to_target=0.0291 (read 49ms)
2026-08-25 14:02:20.871 [A/2] fb ok t+4.290 j=[0.7256, -0.2454, 2.0463, -0.1289, -0.0031, 0.0261] err_to_target=0.0291 (read 51ms)
2026-08-25 14:02:20.976 [A/2] fb ok t+4.393 j=[0.7256, -0.2454, 2.0463, -0.1289, -0.0031, 0.0261] err_to_target=0.0291 (read 53ms)
2026-08-25 14:02:21.081 [A/2] fb ok t+4.495 j=[0.7256, -0.2454, 2.0463, -0.1289, -0.0031, 0.0261] err_to_target=0.0291 (read 56ms)
2026-08-25 14:02:21.186 [A/2] fb ok t+4.598 j=[0.7256, -0.2454, 2.0463, -0.1289, -0.0031, 0.0261] err_to_target=0.0291 (read 58ms)
2026-08-25 14:02:21.257 [A/2] fb ok t+4.698 j=[0.7256, -0.2454, 2.0463, -0.1289, -0.0031, 0.0261] err_to_target=0.0291 (read 28ms)
2026-08-25 14:02:21.362 [A/2] fb ok t+4.802 j=[0.7256, -0.2454, 2.0463, -0.1289, -0.0031, 0.0261] err_to_target=0.0291 (read 29ms)
2026-08-25 14:02:21.466 [A/2] fb ok t+4.907 j=[0.7256, -0.2454, 2.0463, -0.1289, -0.0031, 0.0261] err_to_target=0.0291 (read 30ms)
2026-08-25 14:02:21.571 [A/2] fb ok t+5.011 j=[0.7256, -0.2454, 2.0463, -0.1289, -0.0031, 0.0261] err_to_target=0.0291 (read 30ms)
2026-08-25 14:02:21.677 [A/2] fb ok t+5.115 j=[0.7256, -0.2454, 2.0463, -0.1289, -0.0031, 0.0261] err_to_target=0.0291 (read 31ms)
2026-08-25 14:02:21.781 [A/2] fb ok t+5.219 j=[0.7256, -0.2454, 2.0463, -0.1289, -0.0031, 0.0261] err_to_target=0.0291 (read 32ms)
2026-08-25 14:02:21.886 [A/2] fb ok t+5.323 j=[0.7256, -0.2454, 2.0463, -0.1289, -0.0031, 0.0261] err_to_target=0.0291 (read 33ms)
2026-08-25 14:02:21.991 [A/2] fb ok t+5.428 j=[0.7256, -0.2454, 2.0463, -0.1289, -0.0031, 0.0261] err_to_target=0.0291 (read 34ms)
2026-08-25 14:02:22.096 [A/2] fb ok t+5.532 j=[0.7256, -0.2454, 2.0463, -0.1289, -0.0031, 0.0261] err_to_target=0.0291 (read 35ms)
2026-08-25 14:02:22.202 [A/2] fb ok t+5.635 j=[0.7256, -0.2454, 2.0463, -0.1289, -0.0031, 0.0261] err_to_target=0.0291 (read 36ms)
2026-08-25 14:02:22.306 [A/2] fb ok t+5.736 j=[0.7256, -0.2454, 2.0463, -0.1289, -0.0031, 0.0261] err_to_target=0.0291 (read 40ms)
2026-08-25 14:02:22.411 [A/2] fb ok t+5.838 j=[0.7256, -0.2454, 2.0463, -0.1289, -0.0031, 0.0261] err_to_target=0.0291 (read 44ms)
2026-08-25 14:02:22.516 [A/2] fb ok t+5.941 j=[0.7256, -0.2454, 2.0463, -0.1289, -0.0031, 0.0261] err_to_target=0.0291 (read 45ms)
2026-08-25 14:02:22.621 [A/2] fb ok t+6.044 j=[0.7256, -0.2454, 2.0463, -0.1289, -0.0031, 0.0261] err_to_target=0.0291 (read 47ms)
2026-08-25 14:02:22.726 [A/2] fb ok t+6.147 j=[0.7256, -0.2454, 2.0463, -0.1289, -0.0031, 0.0261] err_to_target=0.0291 (read 48ms)
2026-08-25 14:02:22.831 [A/2] fb ok t+6.250 j=[0.7256, -0.2454, 2.0463, -0.1289, -0.0031, 0.0261] err_to_target=0.0291 (read 50ms)
2026-08-25 14:02:22.936 [A/2] fb ok t+6.353 j=[0.7256, -0.2454, 2.0463, -0.1289, -0.0031, 0.0261] err_to_target=0.0291 (read 52ms)
2026-08-25 14:02:23.041 [A/2] fb ok t+6.454 j=[0.7256, -0.2454, 2.0463, -0.1289, -0.0031, 0.0261] err_to_target=0.0291 (read 57ms)
2026-08-25 14:02:23.146 [A/2] fb ok t+6.556 j=[0.7256, -0.2454, 2.0463, -0.1289, -0.0031, 0.0261] err_to_target=0.0291 (read 60ms)
2026-08-25 14:02:23.216 [A/2] fb ok t+6.659 j=[0.7256, -0.2454, 2.0463, -0.1289, -0.0031, 0.0261] err_to_target=0.0291 (read 28ms)
2026-08-25 14:02:23.321 [A/2] fb ok t+6.759 j=[0.7256, -0.2454, 2.0463, -0.1289, -0.0031, 0.0261] err_to_target=0.0291 (read 32ms)
2026-08-25 14:02:23.426 [A/2] fb ok t+6.864 j=[0.7256, -0.2454, 2.0463, -0.1289, -0.0031, 0.0261] err_to_target=0.0291 (read 33ms)
2026-08-25 14:02:23.531 [A/2] fb ok t+6.968 j=[0.7256, -0.2454, 2.0463, -0.1289, -0.0031, 0.0261] err_to_target=0.0291 (read 33ms)
2026-08-25 14:02:23.636 [A/2] fb ok t+7.072 j=[0.7256, -0.2454, 2.0463, -0.1289, -0.0031, 0.0261] err_to_target=0.0291 (read 34ms)
2026-08-25 14:02:23.741 [A/2] fb ok t+7.176 j=[0.7256, -0.2454, 2.0463, -0.1289, -0.0031, 0.0261] err_to_target=0.0291 (read 35ms)
2026-08-25 14:02:23.846 [A/2] fb ok t+7.277 j=[0.7256, -0.2454, 2.0463, -0.1289, -0.0031, 0.0261] err_to_target=0.0291 (read 39ms)
2026-08-25 14:02:23.951 [A/2] fb ok t+7.381 j=[0.7256, -0.2454, 2.0463, -0.1289, -0.0031, 0.0261] err_to_target=0.0291 (read 40ms)
2026-08-25 14:02:24.056 [A/2] fb ok t+7.484 j=[0.7256, -0.2454, 2.0463, -0.1289, -0.0031, 0.0261] err_to_target=0.0291 (read 42ms)
2026-08-25 14:02:24.161 [A/2] fb ok t+7.588 j=[0.7256, -0.2454, 2.0463, -0.1289, -0.0031, 0.0261] err_to_target=0.0291 (read 43ms)
2026-08-25 14:02:24.266 [A/2] fb ok t+7.691 j=[0.7256, -0.2454, 2.0463, -0.1289, -0.0031, 0.0261] err_to_target=0.0291 (read 45ms)
2026-08-25 14:02:24.371 [A/2] fb ok t+7.792 j=[0.7256, -0.2454, 2.0463, -0.1289, -0.0031, 0.0261] err_to_target=0.0291 (read 48ms)
2026-08-25 14:02:24.476 [A/2] fb ok t+7.896 j=[0.7256, -0.2454, 2.0463, -0.1289, -0.0031, 0.0261] err_to_target=0.0291 (read 50ms)
2026-08-25 14:02:24.581 [A/2] fb ok t+7.996 j=[0.7256, -0.2454, 2.0463, -0.1289, -0.0031, 0.0261] err_to_target=0.0291 (read 55ms)
2026-08-25 14:02:24.686 [A/2] fb ok t+8.099 j=[0.7256, -0.2454, 2.0463, -0.1289, -0.0031, 0.0261] err_to_target=0.0291 (read 57ms)
2026-08-25 14:02:24.756 [A/2] fb ok t+8.200 j=[0.7256, -0.2454, 2.0463, -0.1289, -0.0031, 0.0261] err_to_target=0.0291 (read 26ms)
2026-08-25 14:02:24.861 [A/2] fb ok t+8.304 j=[0.7256, -0.2454, 2.0463, -0.1289, -0.0031, 0.0261] err_to_target=0.0291 (read 27ms)
2026-08-25 14:02:24.966 [A/2] fb ok t+8.409 j=[0.7256, -0.2454, 2.0463, -0.1289, -0.0031, 0.0261] err_to_target=0.0291 (read 27ms)
2026-08-25 14:02:25.071 [A/2] fb ok t+8.511 j=[0.7256, -0.2454, 2.0463, -0.1289, -0.0031, 0.0261] err_to_target=0.0291 (read 30ms)
2026-08-25 14:02:25.176 [A/2] fb ok t+8.615 j=[0.7256, -0.2454, 2.0463, -0.1289, -0.0031, 0.0261] err_to_target=0.0291 (read 31ms)
2026-08-25 14:02:25.281 [A/2] fb ok t+8.719 j=[0.7256, -0.2454, 2.0463, -0.1289, -0.0031, 0.0261] err_to_target=0.0291 (read 32ms)
2026-08-25 14:02:25.386 [A/2] fb ok t+8.821 j=[0.7256, -0.2454, 2.0463, -0.1289, -0.0031, 0.0261] err_to_target=0.0291 (read 35ms)
2026-08-25 14:02:25.491 [A/2] fb ok t+8.924 j=[0.7256, -0.2454, 2.0463, -0.1289, -0.0031, 0.0261] err_to_target=0.0291 (read 36ms)
2026-08-25 14:02:25.596 [A/2] fb ok t+9.028 j=[0.7256, -0.2454, 2.0463, -0.1289, -0.0031, 0.0261] err_to_target=0.0291 (read 37ms)
2026-08-25 14:02:25.701 [A/2] fb ok t+9.132 j=[0.7256, -0.2454, 2.0463, -0.1289, -0.0031, 0.0261] err_to_target=0.0291 (read 39ms)
2026-08-25 14:02:25.806 [A/2] fb ok t+9.236 j=[0.7256, -0.2454, 2.0463, -0.1289, -0.0031, 0.0261] err_to_target=0.0291 (read 40ms)
2026-08-25 14:02:25.911 [A/2] fb ok t+9.339 j=[0.7256, -0.2454, 2.0463, -0.1289, -0.0031, 0.0261] err_to_target=0.0291 (read 42ms)
2026-08-25 14:02:26.016 [A/2] fb ok t+9.443 j=[0.7256, -0.2454, 2.0463, -0.1289, -0.0031, 0.0261] err_to_target=0.0291 (read 43ms)
2026-08-25 14:02:26.120 [A/2] fb ok t+9.544 j=[0.7256, -0.2454, 2.0463, -0.1289, -0.0031, 0.0261] err_to_target=0.0291 (read 46ms)
2026-08-25 14:02:26.225 [A/2] fb ok t+9.647 j=[0.7256, -0.2454, 2.0463, -0.1289, -0.0031, 0.0261] err_to_target=0.0291 (read 48ms)
2026-08-25 14:02:26.330 [A/2] fb ok t+9.750 j=[0.7256, -0.2454, 2.0463, -0.1289, -0.0031, 0.0261] err_to_target=0.0291 (read 50ms)
2026-08-25 14:02:26.435 [A/2] fb ok t+9.852 j=[0.7256, -0.2454, 2.0463, -0.1289, -0.0031, 0.0261] err_to_target=0.0291 (read 53ms)
2026-08-25 14:02:26.540 [A/2] fb ok t+9.953 j=[0.7256, -0.2454, 2.0463, -0.1289, -0.0031, 0.0261] err_to_target=0.0291 (read 58ms)
2026-08-25 14:02:26.611 [A/2] fb ok t+10.055 j=[0.7256, -0.2454, 2.0463, -0.1289, -0.0031, 0.0261] err_to_target=0.0291 (read 26ms)
2026-08-25 14:02:26.716 [A/2] fb ok t+10.160 j=[0.7256, -0.2454, 2.0463, -0.1289, -0.0031, 0.0261] err_to_target=0.0291 (read 26ms)
2026-08-25 14:02:26.821 [A/2] fb ok t+10.264 j=[0.7256, -0.2454, 2.0463, -0.1289, -0.0031, 0.0261] err_to_target=0.0291 (read 27ms)
2026-08-25 14:02:26.926 [A/2] fb ok t+10.368 j=[0.7256, -0.2454, 2.0463, -0.1289, -0.0031, 0.0261] err_to_target=0.0291 (read 27ms)
2026-08-25 14:02:27.031 [A/2] fb ok t+10.473 j=[0.7256, -0.2454, 2.0463, -0.1289, -0.0031, 0.0261] err_to_target=0.0291 (read 28ms)
2026-08-25 14:02:27.136 [A/2] fb ok t+10.577 j=[0.7256, -0.2454, 2.0463, -0.1289, -0.0031, 0.0261] err_to_target=0.0291 (read 28ms)
2026-08-25 14:02:27.241 [A/2] fb ok t+10.682 j=[0.7256, -0.2454, 2.0463, -0.1289, -0.0031, 0.0261] err_to_target=0.0291 (read 29ms)
2026-08-25 14:02:27.346 [A/2] fb ok t+10.786 j=[0.7256, -0.2454, 2.0463, -0.1289, -0.0031, 0.0261] err_to_target=0.0291 (read 30ms)
2026-08-25 14:02:27.450 [A/2] fb ok t+10.886 j=[0.7256, -0.2454, 2.0463, -0.1289, -0.0031, 0.0261] err_to_target=0.0291 (read 34ms)
2026-08-25 14:02:27.555 [A/2] fb ok t+10.990 j=[0.7256, -0.2454, 2.0463, -0.1289, -0.0031, 0.0261] err_to_target=0.0291 (read 35ms)
2026-08-25 14:02:27.661 [A/2] fb ok t+11.094 j=[0.7256, -0.2454, 2.0463, -0.1289, -0.0031, 0.0261] err_to_target=0.0291 (read 36ms)
2026-08-25 14:02:27.765 [A/2] fb ok t+11.195 j=[0.7256, -0.2454, 2.0463, -0.1289, -0.0031, 0.0261] err_to_target=0.0291 (read 40ms)
2026-08-25 14:02:27.870 [A/2] fb ok t+11.299 j=[0.7256, -0.2454, 2.0463, -0.1289, -0.0031, 0.0261] err_to_target=0.0291 (read 41ms)
2026-08-25 14:02:27.975 [A/2] fb ok t+11.403 j=[0.7256, -0.2454, 2.0463, -0.1289, -0.0031, 0.0261] err_to_target=0.0291 (read 43ms)
2026-08-25 14:02:28.080 [A/2] fb ok t+11.506 j=[0.7256, -0.2454, 2.0463, -0.1289, -0.0031, 0.0261] err_to_target=0.0291 (read 44ms)
2026-08-25 14:02:28.185 [A/2] fb ok t+11.609 j=[0.7256, -0.2454, 2.0463, -0.1289, -0.0031, 0.0261] err_to_target=0.0291 (read 46ms)
2026-08-25 14:02:28.290 [A/2] fb ok t+11.713 j=[0.7256, -0.2454, 2.0463, -0.1289, -0.0031, 0.0261] err_to_target=0.0291 (read 47ms)
2026-08-25 14:02:28.395 [A/2] fb ok t+11.813 j=[0.7256, -0.2454, 2.0463, -0.1289, -0.0031, 0.0261] err_to_target=0.0291 (read 52ms)
2026-08-25 14:02:28.500 [A/2] fb ok t+11.916 j=[0.7256, -0.2454, 2.0463, -0.1289, -0.0031, 0.0261] err_to_target=0.0291 (read 54ms)
2026-08-25 14:02:28.605 [A/2] fb ok t+12.019 j=[0.7256, -0.2454, 2.0463, -0.1289, -0.0031, 0.0261] err_to_target=0.0291 (read 56ms)
2026-08-25 14:02:28.710 [A/2] fb ok t+12.122 j=[0.7256, -0.2454, 2.0463, -0.1289, -0.0031, 0.0261] err_to_target=0.0291 (read 58ms)
2026-08-25 14:02:28.780 [A/2] fb ok t+12.224 j=[0.7256, -0.2454, 2.0463, -0.1289, -0.0031, 0.0261] err_to_target=0.0291 (read 26ms)
2026-08-25 14:02:28.885 [A/2] fb ok t+12.328 j=[0.7256, -0.2454, 2.0463, -0.1289, -0.0031, 0.0261] err_to_target=0.0291 (read 27ms)
2026-08-25 14:02:28.990 [A/2] fb ok t+12.433 j=[0.7256, -0.2454, 2.0463, -0.1289, -0.0031, 0.0261] err_to_target=0.0291 (read 27ms)
2026-08-25 14:02:29.096 [A/2] fb ok t+12.535 j=[0.7256, -0.2454, 2.0463, -0.1289, -0.0031, 0.0261] err_to_target=0.0291 (read 31ms)
2026-08-25 14:02:29.200 [A/2] fb ok t+12.639 j=[0.7256, -0.2454, 2.0463, -0.1289, -0.0031, 0.0261] err_to_target=0.0291 (read 31ms)
2026-08-25 14:02:29.305 [A/2] fb ok t+12.743 j=[0.7256, -0.2454, 2.0463, -0.1289, -0.0031, 0.0261] err_to_target=0.0291 (read 32ms)
2026-08-25 14:02:29.410 [A/2] fb ok t+12.847 j=[0.7256, -0.2454, 2.0463, -0.1289, -0.0031, 0.0261] err_to_target=0.0291 (read 33ms)
2026-08-25 14:02:29.515 [A/2] fb ok t+12.947 j=[0.7256, -0.2454, 2.0463, -0.1289, -0.0031, 0.0261] err_to_target=0.0291 (read 38ms)
2026-08-25 14:02:29.620 [A/2] fb ok t+13.051 j=[0.7256, -0.2454, 2.0463, -0.1289, -0.0031, 0.0261] err_to_target=0.0291 (read 39ms)
2026-08-25 14:02:29.725 [A/2] fb ok t+13.155 j=[0.7256, -0.2454, 2.0463, -0.1289, -0.0031, 0.0261] err_to_target=0.0291 (read 40ms)
2026-08-25 14:02:29.830 [A/2] fb ok t+13.258 j=[0.7256, -0.2454, 2.0463, -0.1289, -0.0031, 0.0261] err_to_target=0.0291 (read 42ms)
2026-08-25 14:02:29.935 [A/2] fb ok t+13.362 j=[0.7256, -0.2454, 2.0463, -0.1289, -0.0031, 0.0261] err_to_target=0.0291 (read 43ms)
2026-08-25 14:02:30.040 [A/2] fb ok t+13.462 j=[0.7256, -0.2454, 2.0463, -0.1289, -0.0031, 0.0261] err_to_target=0.0291 (read 48ms)
2026-08-25 14:02:30.145 [A/2] fb ok t+13.565 j=[0.7256, -0.2454, 2.0463, -0.1289, -0.0031, 0.0261] err_to_target=0.0291 (read 50ms)
2026-08-25 14:02:30.250 [A/2] fb ok t+13.668 j=[0.7256, -0.2454, 2.0463, -0.1289, -0.0031, 0.0261] err_to_target=0.0291 (read 52ms)
2026-08-25 14:02:30.355 [A/2] fb ok t+13.771 j=[0.7256, -0.2454, 2.0463, -0.1289, -0.0031, 0.0261] err_to_target=0.0291 (read 54ms)
2026-08-25 14:02:30.460 [A/2] fb ok t+13.874 j=[0.7256, -0.2454, 2.0463, -0.1289, -0.0031, 0.0261] err_to_target=0.0291 (read 56ms)
2026-08-25 14:02:30.530 [A/2] fb ok t+13.974 j=[0.7256, -0.2454, 2.0463, -0.1289, -0.0031, 0.0261] err_to_target=0.0291 (read 26ms)
2026-08-25 14:02:30.635 [A/2] fb ok t+14.078 j=[0.7256, -0.2454, 2.0463, -0.1289, -0.0031, 0.0261] err_to_target=0.0291 (read 27ms)
2026-08-25 14:02:30.740 [A/2] fb ok t+14.183 j=[0.7256, -0.2454, 2.0463, -0.1289, -0.0031, 0.0261] err_to_target=0.0291 (read 27ms)
2026-08-25 14:02:30.845 [A/2] fb ok t+14.287 j=[0.7256, -0.2454, 2.0463, -0.1289, -0.0031, 0.0261] err_to_target=0.0291 (read 28ms)
2026-08-25 14:02:30.950 [A/2] fb ok t+14.392 j=[0.7256, -0.2454, 2.0463, -0.1289, -0.0031, 0.0261] err_to_target=0.0291 (read 28ms)
2026-08-25 14:02:31.055 [A/2] fb ok t+14.496 j=[0.7256, -0.2454, 2.0463, -0.1289, -0.0031, 0.0261] err_to_target=0.0291 (read 29ms)
2026-08-25 14:02:31.160 [A/2] fb ok t+14.598 j=[0.7256, -0.2454, 2.0463, -0.1289, -0.0031, 0.0261] err_to_target=0.0291 (read 32ms)
2026-08-25 14:02:31.265 [A/2] fb ok t+14.702 j=[0.7256, -0.2454, 2.0463, -0.1289, -0.0031, 0.0261] err_to_target=0.0291 (read 33ms)
2026-08-25 14:02:31.370 [A/2] fb ok t+14.806 j=[0.7256, -0.2454, 2.0463, -0.1289, -0.0031, 0.0261] err_to_target=0.0291 (read 34ms)
2026-08-25 14:02:31.475 [A/2] fb ok t+14.910 j=[0.7256, -0.2454, 2.0463, -0.1289, -0.0031, 0.0261] err_to_target=0.0291 (read 35ms)
2026-08-25 14:02:31.580 [A/2] fb ok t+15.014 j=[0.7256, -0.2454, 2.0463, -0.1289, -0.0031, 0.0261] err_to_target=0.0291 (read 36ms)
2026-08-25 14:02:32.840 [A/3]pre already at target, no setup move needed
2026-08-25 14:02:32.840 [A/3] dwell 3.0s before send
2026-08-25 14:02:36.130 [A/3] SENT T=102 A->B target=[0.6674, -0.2531, 2.0371, -0.0918, -0.0031, 0.0261] ([38.24, -14.5, 116.72, -5.26, -0.18, 1.5]) speed=180 acc=10 ret=b'{"T": 102, "base": 0.6674335374002835, "shoulder": -0.2531, "elbow": 2.0371, "wrist": -0.0918401224401701, "roll": -0.0031, "hand": 3.115492653589793, "spd": 180, "acc": 10}\n'
2026-08-25 14:02:36.164 [A/3] fb ok t+0.020 j=[0.7256, -0.2454, 2.0463, -0.1289, -0.0031, 0.0261] err_to_target=0.0581 (read 34ms)
2026-08-25 14:02:36.274 [A/3] fb ok t+0.124 j=[0.7256, -0.2454, 2.0463, -0.1289, -0.0031, 0.0261] err_to_target=0.0581 (read 40ms)
2026-08-25 14:02:36.380 [A/3] fb ok t+0.228 j=[0.7256, -0.2454, 2.0463, -0.1227, -0.0031, 0.0261] err_to_target=0.0581 (read 42ms)
2026-08-25 14:02:36.485 [A/3] MOTION toward target (joint=wrist) latency=0.329s dev=0.0230
2026-08-25 14:02:36.485 [A/3] fb ok t+0.329 j=[0.7256, -0.2454, 2.0463, -0.1058, -0.0031, 0.0261] err_to_target=0.0581 (read 46ms)
2026-08-25 14:02:36.590 [A/3] fb ok t+0.432 j=[0.7148, -0.2454, 2.0463, -0.0966, -0.0031, 0.0261] err_to_target=0.0474 (read 48ms)
2026-08-25 14:02:36.694 [A/3] fb ok t+0.535 j=[0.701, -0.2454, 2.0463, -0.0966, -0.0031, 0.0261] err_to_target=0.0336 (read 49ms)
2026-08-25 14:02:36.800 [A/3] fb ok t+0.638 j=[0.6995, -0.2454, 2.0463, -0.0966, -0.0031, 0.0261] err_to_target=0.0321 (read 52ms)
2026-08-25 14:02:36.905 [A/3] fb ok t+0.739 j=[0.6995, -0.2454, 2.0463, -0.0966, -0.0031, 0.0261] err_to_target=0.0321 (read 56ms)
2026-08-25 14:02:37.009 [A/3] fb ok t+0.841 j=[0.6995, -0.2454, 2.0463, -0.0966, -0.0031, 0.0261] err_to_target=0.0321 (read 59ms)
2026-08-25 14:02:37.080 [A/3] fb ok t+0.944 j=[0.6995, -0.2454, 2.0463, -0.0966, -0.0031, 0.0261] err_to_target=0.0321 (read 26ms)
2026-08-25 14:02:37.185 [A/3] fb ok t+1.046 j=[0.6995, -0.2454, 2.0463, -0.0966, -0.0031, 0.0261] err_to_target=0.0321 (read 29ms)
2026-08-25 14:02:37.290 [A/3] fb ok t+1.150 j=[0.6995, -0.2454, 2.0463, -0.0966, -0.0031, 0.0261] err_to_target=0.0321 (read 30ms)
2026-08-25 14:02:37.395 [A/3] fb ok t+1.254 j=[0.6995, -0.2454, 2.0463, -0.0966, -0.0031, 0.0261] err_to_target=0.0321 (read 31ms)
2026-08-25 14:02:37.500 [A/3] fb ok t+1.359 j=[0.6995, -0.2454, 2.0463, -0.0966, -0.0031, 0.0261] err_to_target=0.0321 (read 31ms)
2026-08-25 14:02:37.605 [A/3] fb ok t+1.460 j=[0.6995, -0.2454, 2.0463, -0.0966, -0.0031, 0.0261] err_to_target=0.0321 (read 35ms)
2026-08-25 14:02:37.710 [A/3] fb ok t+1.562 j=[0.6995, -0.2454, 2.0463, -0.0966, -0.0031, 0.0261] err_to_target=0.0321 (read 38ms)
2026-08-25 14:02:37.815 [A/3] fb ok t+1.665 j=[0.6995, -0.2454, 2.0463, -0.0966, -0.0031, 0.0261] err_to_target=0.0321 (read 40ms)
2026-08-25 14:02:37.920 [A/3] fb ok t+1.769 j=[0.6995, -0.2454, 2.0463, -0.0966, -0.0031, 0.0261] err_to_target=0.0321 (read 41ms)
2026-08-25 14:02:38.024 [A/3] fb ok t+1.873 j=[0.6995, -0.2454, 2.0463, -0.0966, -0.0031, 0.0261] err_to_target=0.0321 (read 42ms)
2026-08-25 14:02:38.130 [A/3] fb ok t+1.976 j=[0.6995, -0.2454, 2.0463, -0.0966, -0.0031, 0.0261] err_to_target=0.0321 (read 44ms)
2026-08-25 14:02:38.235 [A/3] fb ok t+2.079 j=[0.6995, -0.2454, 2.0463, -0.0966, -0.0031, 0.0261] err_to_target=0.0321 (read 46ms)
2026-08-25 14:02:38.339 [A/3] fb ok t+2.183 j=[0.6995, -0.2454, 2.0463, -0.0966, -0.0031, 0.0261] err_to_target=0.0321 (read 47ms)
2026-08-25 14:02:38.444 [A/3] fb ok t+2.286 j=[0.6995, -0.2454, 2.0463, -0.0966, -0.0031, 0.0261] err_to_target=0.0321 (read 49ms)
2026-08-25 14:02:38.549 [A/3] fb ok t+2.387 j=[0.6995, -0.2454, 2.0463, -0.0966, -0.0031, 0.0261] err_to_target=0.0321 (read 53ms)
2026-08-25 14:02:38.654 [A/3] fb ok t+2.490 j=[0.6995, -0.2454, 2.0463, -0.0966, -0.0031, 0.0261] err_to_target=0.0321 (read 55ms)
2026-08-25 14:02:38.759 [A/3] fb ok t+2.590 j=[0.6995, -0.2454, 2.0463, -0.0966, -0.0031, 0.0261] err_to_target=0.0321 (read 59ms)
2026-08-25 14:02:38.830 [A/3] fb ok t+2.693 j=[0.6995, -0.2454, 2.0463, -0.0966, -0.0031, 0.0261] err_to_target=0.0321 (read 27ms)
2026-08-25 14:02:38.934 [A/3] fb ok t+2.797 j=[0.6995, -0.2454, 2.0463, -0.0966, -0.0031, 0.0261] err_to_target=0.0321 (read 27ms)
2026-08-25 14:02:39.039 [A/3] fb ok t+2.899 j=[0.6995, -0.2454, 2.0463, -0.0966, -0.0031, 0.0261] err_to_target=0.0321 (read 30ms)
2026-08-25 14:02:39.144 [A/3] fb ok t+3.004 j=[0.6995, -0.2454, 2.0463, -0.0966, -0.0031, 0.0261] err_to_target=0.0321 (read 31ms)
2026-08-25 14:02:39.249 [A/3] fb ok t+3.108 j=[0.6995, -0.2454, 2.0463, -0.0966, -0.0031, 0.0261] err_to_target=0.0321 (read 32ms)
2026-08-25 14:02:39.354 [A/3] fb ok t+3.212 j=[0.6995, -0.2454, 2.0463, -0.0966, -0.0031, 0.0261] err_to_target=0.0321 (read 33ms)
2026-08-25 14:02:39.459 [A/3] fb ok t+3.316 j=[0.6995, -0.2454, 2.0463, -0.0966, -0.0031, 0.0261] err_to_target=0.0321 (read 34ms)
2026-08-25 14:02:39.564 [A/3] fb ok t+3.420 j=[0.6995, -0.2454, 2.0463, -0.0966, -0.0031, 0.0261] err_to_target=0.0321 (read 35ms)
2026-08-25 14:02:39.669 [A/3] fb ok t+3.524 j=[0.6995, -0.2454, 2.0463, -0.0966, -0.0031, 0.0261] err_to_target=0.0321 (read 36ms)
2026-08-25 14:02:39.774 [A/3] fb ok t+3.628 j=[0.6995, -0.2454, 2.0463, -0.0966, -0.0031, 0.0261] err_to_target=0.0321 (read 37ms)
2026-08-25 14:02:39.879 [A/3] fb ok t+3.731 j=[0.6995, -0.2454, 2.0463, -0.0966, -0.0031, 0.0261] err_to_target=0.0321 (read 38ms)
2026-08-25 14:02:39.984 [A/3] fb ok t+3.835 j=[0.6995, -0.2454, 2.0463, -0.0966, -0.0031, 0.0261] err_to_target=0.0321 (read 40ms)
2026-08-25 14:02:40.089 [A/3] fb ok t+3.939 j=[0.6995, -0.2454, 2.0463, -0.0966, -0.0031, 0.0261] err_to_target=0.0321 (read 41ms)
2026-08-25 14:02:40.194 [A/3] fb ok t+4.040 j=[0.6995, -0.2454, 2.0463, -0.0966, -0.0031, 0.0261] err_to_target=0.0321 (read 45ms)
2026-08-25 14:02:40.299 [A/3] fb ok t+4.143 j=[0.6995, -0.2454, 2.0463, -0.0966, -0.0031, 0.0261] err_to_target=0.0321 (read 47ms)
2026-08-25 14:02:40.404 [A/3] fb ok t+4.246 j=[0.6995, -0.2454, 2.0463, -0.0966, -0.0031, 0.0261] err_to_target=0.0321 (read 48ms)
2026-08-25 14:02:40.509 [A/3] fb ok t+4.347 j=[0.6995, -0.2454, 2.0463, -0.0966, -0.0031, 0.0261] err_to_target=0.0321 (read 53ms)
2026-08-25 14:02:40.614 [A/3] fb ok t+4.449 j=[0.6995, -0.2454, 2.0463, -0.0966, -0.0031, 0.0261] err_to_target=0.0321 (read 55ms)
2026-08-25 14:02:40.719 [A/3] fb ok t+4.552 j=[0.6995, -0.2454, 2.0463, -0.0966, -0.0031, 0.0261] err_to_target=0.0321 (read 57ms)
2026-08-25 14:02:40.824 [A/3] fb ok t+4.655 j=[0.6995, -0.2454, 2.0463, -0.0966, -0.0031, 0.0261] err_to_target=0.0321 (read 60ms)
2026-08-25 14:02:40.894 [A/3] fb ok t+4.757 j=[0.6995, -0.2454, 2.0463, -0.0966, -0.0031, 0.0261] err_to_target=0.0321 (read 28ms)
2026-08-25 14:02:41.000 [A/3] fb ok t+4.862 j=[0.6995, -0.2454, 2.0463, -0.0966, -0.0031, 0.0261] err_to_target=0.0321 (read 28ms)
2026-08-25 14:02:41.104 [A/3] fb ok t+4.966 j=[0.6995, -0.2454, 2.0463, -0.0966, -0.0031, 0.0261] err_to_target=0.0321 (read 29ms)
2026-08-25 14:02:41.209 [A/3] fb ok t+5.070 j=[0.6995, -0.2454, 2.0463, -0.0966, -0.0031, 0.0261] err_to_target=0.0321 (read 30ms)
2026-08-25 14:02:41.315 [A/3] fb ok t+5.175 j=[0.6995, -0.2454, 2.0463, -0.0966, -0.0031, 0.0261] err_to_target=0.0321 (read 30ms)
2026-08-25 14:02:41.419 [A/3] fb ok t+5.276 j=[0.6995, -0.2454, 2.0463, -0.0966, -0.0031, 0.0261] err_to_target=0.0321 (read 34ms)
2026-08-25 14:02:41.524 [A/3] fb ok t+5.380 j=[0.6995, -0.2454, 2.0463, -0.0966, -0.0031, 0.0261] err_to_target=0.0321 (read 34ms)
2026-08-25 14:02:41.629 [A/3] fb ok t+5.484 j=[0.6995, -0.2454, 2.0463, -0.0966, -0.0031, 0.0261] err_to_target=0.0321 (read 36ms)
2026-08-25 14:02:41.734 [A/3] fb ok t+5.588 j=[0.6995, -0.2454, 2.0463, -0.0966, -0.0031, 0.0261] err_to_target=0.0321 (read 37ms)
2026-08-25 14:02:41.840 [A/3] fb ok t+5.692 j=[0.6995, -0.2454, 2.0463, -0.0966, -0.0031, 0.0261] err_to_target=0.0321 (read 38ms)
2026-08-25 14:02:41.944 [A/3] fb ok t+5.796 j=[0.6995, -0.2454, 2.0463, -0.0966, -0.0031, 0.0261] err_to_target=0.0321 (read 39ms)
2026-08-25 14:02:42.049 [A/3] fb ok t+5.899 j=[0.6995, -0.2454, 2.0463, -0.0966, -0.0031, 0.0261] err_to_target=0.0321 (read 40ms)
2026-08-25 14:02:42.154 [A/3] fb ok t+6.003 j=[0.6995, -0.2454, 2.0463, -0.0966, -0.0031, 0.0261] err_to_target=0.0321 (read 42ms)
2026-08-25 14:02:42.259 [A/3] fb ok t+6.107 j=[0.6995, -0.2454, 2.0463, -0.0966, -0.0031, 0.0261] err_to_target=0.0321 (read 43ms)
2026-08-25 14:02:42.364 [A/3] fb ok t+6.210 j=[0.6995, -0.2454, 2.0463, -0.0966, -0.0031, 0.0261] err_to_target=0.0321 (read 45ms)
2026-08-25 14:02:42.469 [A/3] fb ok t+6.313 j=[0.6995, -0.2454, 2.0463, -0.0966, -0.0031, 0.0261] err_to_target=0.0321 (read 46ms)
2026-08-25 14:02:42.574 [A/3] fb ok t+6.414 j=[0.6995, -0.2454, 2.0463, -0.0966, -0.0031, 0.0261] err_to_target=0.0321 (read 51ms)
2026-08-25 14:02:42.679 [A/3] fb ok t+6.517 j=[0.6995, -0.2454, 2.0463, -0.0966, -0.0031, 0.0261] err_to_target=0.0321 (read 53ms)
2026-08-25 14:02:42.784 [A/3] fb ok t+6.620 j=[0.6995, -0.2454, 2.0463, -0.0966, -0.0031, 0.0261] err_to_target=0.0321 (read 55ms)
2026-08-25 14:02:42.889 [A/3] fb ok t+6.723 j=[0.6995, -0.2454, 2.0463, -0.0966, -0.0031, 0.0261] err_to_target=0.0321 (read 57ms)
2026-08-25 14:02:42.994 [A/3] fb ok t+6.825 j=[0.6995, -0.2454, 2.0463, -0.0966, -0.0031, 0.0261] err_to_target=0.0321 (read 60ms)
2026-08-25 14:02:43.065 [A/3] fb ok t+6.928 j=[0.6995, -0.2454, 2.0463, -0.0966, -0.0031, 0.0261] err_to_target=0.0321 (read 27ms)
2026-08-25 14:02:43.170 [A/3] fb ok t+7.032 j=[0.6995, -0.2454, 2.0463, -0.0966, -0.0031, 0.0261] err_to_target=0.0321 (read 28ms)
2026-08-25 14:02:43.275 [A/3] fb ok t+7.136 j=[0.6995, -0.2454, 2.0463, -0.0966, -0.0031, 0.0261] err_to_target=0.0321 (read 29ms)
2026-08-25 14:02:43.380 [A/3] fb ok t+7.241 j=[0.6995, -0.2454, 2.0463, -0.0966, -0.0031, 0.0261] err_to_target=0.0321 (read 29ms)
2026-08-25 14:02:43.485 [A/3] fb ok t+7.345 j=[0.6995, -0.2454, 2.0463, -0.0966, -0.0031, 0.0261] err_to_target=0.0321 (read 30ms)
2026-08-25 14:02:43.590 [A/3] fb ok t+7.447 j=[0.6995, -0.2454, 2.0463, -0.0966, -0.0031, 0.0261] err_to_target=0.0321 (read 33ms)
2026-08-25 14:02:43.695 [A/3] fb ok t+7.551 j=[0.6995, -0.2454, 2.0463, -0.0966, -0.0031, 0.0261] err_to_target=0.0321 (read 34ms)
2026-08-25 14:02:43.800 [A/3] fb ok t+7.651 j=[0.6995, -0.2454, 2.0463, -0.0966, -0.0031, 0.0261] err_to_target=0.0321 (read 39ms)
2026-08-25 14:02:43.905 [A/3] fb ok t+7.755 j=[0.6995, -0.2454, 2.0463, -0.0966, -0.0031, 0.0261] err_to_target=0.0321 (read 40ms)
2026-08-25 14:02:44.010 [A/3] fb ok t+7.858 j=[0.6995, -0.2454, 2.0463, -0.0966, -0.0031, 0.0261] err_to_target=0.0321 (read 42ms)
2026-08-25 14:02:44.115 [A/3] fb ok t+7.959 j=[0.6995, -0.2454, 2.0463, -0.0966, -0.0031, 0.0261] err_to_target=0.0321 (read 46ms)
2026-08-25 14:02:44.219 [A/3] fb ok t+8.063 j=[0.6995, -0.2454, 2.0463, -0.0966, -0.0031, 0.0261] err_to_target=0.0321 (read 47ms)
2026-08-25 14:02:44.325 [A/3] fb ok t+8.166 j=[0.6995, -0.2454, 2.0463, -0.0966, -0.0031, 0.0261] err_to_target=0.0321 (read 49ms)
2026-08-25 14:02:44.429 [A/3] fb ok t+8.269 j=[0.6995, -0.2454, 2.0463, -0.0966, -0.0031, 0.0261] err_to_target=0.0321 (read 51ms)
2026-08-25 14:02:44.534 [A/3] fb ok t+8.372 j=[0.6995, -0.2454, 2.0463, -0.0966, -0.0031, 0.0261] err_to_target=0.0321 (read 53ms)
2026-08-25 14:02:44.639 [A/3] fb ok t+8.475 j=[0.6995, -0.2454, 2.0463, -0.0966, -0.0031, 0.0261] err_to_target=0.0321 (read 55ms)
2026-08-25 14:02:44.744 [A/3] fb ok t+8.578 j=[0.6995, -0.2454, 2.0463, -0.0966, -0.0031, 0.0261] err_to_target=0.0321 (read 57ms)
2026-08-25 14:02:44.814 [A/3] fb ok t+8.678 j=[0.6995, -0.2454, 2.0463, -0.0966, -0.0031, 0.0261] err_to_target=0.0321 (read 27ms)
2026-08-25 14:02:44.919 [A/3] fb ok t+8.783 j=[0.6995, -0.2454, 2.0463, -0.0966, -0.0031, 0.0261] err_to_target=0.0321 (read 27ms)
2026-08-25 14:02:45.025 [A/3] fb ok t+8.883 j=[0.6995, -0.2454, 2.0463, -0.0966, -0.0031, 0.0261] err_to_target=0.0321 (read 32ms)
2026-08-25 14:02:45.130 [A/3] fb ok t+8.984 j=[0.6995, -0.2454, 2.0463, -0.0966, -0.0031, 0.0261] err_to_target=0.0321 (read 36ms)
2026-08-25 14:02:45.235 [A/3] fb ok t+9.088 j=[0.6995, -0.2454, 2.0463, -0.0966, -0.0031, 0.0261] err_to_target=0.0321 (read 37ms)
2026-08-25 14:02:45.340 [A/3] fb ok t+9.192 j=[0.6995, -0.2454, 2.0463, -0.0966, -0.0031, 0.0261] err_to_target=0.0321 (read 38ms)
2026-08-25 14:02:45.445 [A/3] fb ok t+9.293 j=[0.6995, -0.2454, 2.0463, -0.0966, -0.0031, 0.0261] err_to_target=0.0321 (read 42ms)
2026-08-25 14:02:45.550 [A/3] fb ok t+9.394 j=[0.6995, -0.2454, 2.0463, -0.0966, -0.0031, 0.0261] err_to_target=0.0321 (read 46ms)
2026-08-25 14:02:45.655 [A/3] fb ok t+9.495 j=[0.6995, -0.2454, 2.0463, -0.0966, -0.0031, 0.0261] err_to_target=0.0321 (read 50ms)
2026-08-25 14:02:45.760 [A/3] fb ok t+9.598 j=[0.6995, -0.2454, 2.0463, -0.0966, -0.0031, 0.0261] err_to_target=0.0321 (read 52ms)
2026-08-25 14:02:45.865 [A/3] fb ok t+9.701 j=[0.6995, -0.2454, 2.0463, -0.0966, -0.0031, 0.0261] err_to_target=0.0321 (read 54ms)
2026-08-25 14:02:45.970 [A/3] fb ok t+9.803 j=[0.6995, -0.2454, 2.0463, -0.0966, -0.0031, 0.0261] err_to_target=0.0321 (read 57ms)
2026-08-25 14:02:46.075 [A/3] fb ok t+9.906 j=[0.6995, -0.2454, 2.0463, -0.0966, -0.0031, 0.0261] err_to_target=0.0321 (read 59ms)
2026-08-25 14:02:46.145 [A/3] fb ok t+10.008 j=[0.6995, -0.2454, 2.0463, -0.0966, -0.0031, 0.0261] err_to_target=0.0321 (read 27ms)
2026-08-25 14:02:46.250 [A/3] fb ok t+10.113 j=[0.6995, -0.2454, 2.0463, -0.0966, -0.0031, 0.0261] err_to_target=0.0321 (read 28ms)
2026-08-25 14:02:46.355 [A/3] fb ok t+10.213 j=[0.6995, -0.2454, 2.0463, -0.0966, -0.0031, 0.0261] err_to_target=0.0321 (read 32ms)
2026-08-25 14:02:46.460 [A/3] fb ok t+10.318 j=[0.6995, -0.2454, 2.0463, -0.0966, -0.0031, 0.0261] err_to_target=0.0321 (read 33ms)
2026-08-25 14:02:46.565 [A/3] fb ok t+10.421 j=[0.6995, -0.2454, 2.0463, -0.0966, -0.0031, 0.0261] err_to_target=0.0321 (read 35ms)
2026-08-25 14:02:46.670 [A/3] fb ok t+10.525 j=[0.6995, -0.2454, 2.0463, -0.0966, -0.0031, 0.0261] err_to_target=0.0321 (read 36ms)
2026-08-25 14:02:46.775 [A/3] fb ok t+10.626 j=[0.6995, -0.2454, 2.0463, -0.0966, -0.0031, 0.0261] err_to_target=0.0321 (read 40ms)
2026-08-25 14:02:46.880 [A/3] fb ok t+10.730 j=[0.6995, -0.2454, 2.0463, -0.0966, -0.0031, 0.0261] err_to_target=0.0321 (read 41ms)
2026-08-25 14:02:46.985 [A/3] fb ok t+10.830 j=[0.6995, -0.2454, 2.0463, -0.0966, -0.0031, 0.0261] err_to_target=0.0321 (read 45ms)
2026-08-25 14:02:47.090 [A/3] fb ok t+10.934 j=[0.6995, -0.2454, 2.0463, -0.0966, -0.0031, 0.0261] err_to_target=0.0321 (read 46ms)
2026-08-25 14:02:47.195 [A/3] fb ok t+11.037 j=[0.6995, -0.2454, 2.0463, -0.0966, -0.0031, 0.0261] err_to_target=0.0321 (read 48ms)
2026-08-25 14:02:47.300 [A/3] fb ok t+11.140 j=[0.6995, -0.2454, 2.0463, -0.0966, -0.0031, 0.0261] err_to_target=0.0321 (read 50ms)
2026-08-25 14:02:47.405 [A/3] fb ok t+11.243 j=[0.6995, -0.2454, 2.0463, -0.0966, -0.0031, 0.0261] err_to_target=0.0321 (read 52ms)
2026-08-25 14:02:47.510 [A/3] fb ok t+11.346 j=[0.6995, -0.2454, 2.0463, -0.0966, -0.0031, 0.0261] err_to_target=0.0321 (read 54ms)
2026-08-25 14:02:47.615 [A/3] fb ok t+11.449 j=[0.6995, -0.2454, 2.0463, -0.0966, -0.0031, 0.0261] err_to_target=0.0321 (read 57ms)
2026-08-25 14:02:47.720 [A/3] fb ok t+11.551 j=[0.6995, -0.2454, 2.0463, -0.0966, -0.0031, 0.0261] err_to_target=0.0321 (read 59ms)
2026-08-25 14:02:47.790 [A/3] fb ok t+11.654 j=[0.6995, -0.2454, 2.0463, -0.0966, -0.0031, 0.0261] err_to_target=0.0321 (read 27ms)
2026-08-25 14:02:47.895 [A/3] fb ok t+11.758 j=[0.6995, -0.2454, 2.0463, -0.0966, -0.0031, 0.0261] err_to_target=0.0321 (read 27ms)
2026-08-25 14:02:48.000 [A/3] fb ok t+11.863 j=[0.6995, -0.2454, 2.0463, -0.0966, -0.0031, 0.0261] err_to_target=0.0321 (read 28ms)
2026-08-25 14:02:48.105 [A/3] fb ok t+11.967 j=[0.6995, -0.2454, 2.0463, -0.0966, -0.0031, 0.0261] err_to_target=0.0321 (read 29ms)
2026-08-25 14:02:48.210 [A/3] fb ok t+12.071 j=[0.6995, -0.2454, 2.0463, -0.0966, -0.0031, 0.0261] err_to_target=0.0321 (read 29ms)
2026-08-25 14:02:48.315 [A/3] fb ok t+12.176 j=[0.6995, -0.2454, 2.0463, -0.0966, -0.0031, 0.0261] err_to_target=0.0321 (read 30ms)
2026-08-25 14:02:48.420 [A/3] fb ok t+12.280 j=[0.6995, -0.2454, 2.0463, -0.0966, -0.0031, 0.0261] err_to_target=0.0321 (read 31ms)
2026-08-25 14:02:48.525 [A/3] fb ok t+12.384 j=[0.6995, -0.2454, 2.0463, -0.0966, -0.0031, 0.0261] err_to_target=0.0321 (read 32ms)
2026-08-25 14:02:48.630 [A/3] fb ok t+12.488 j=[0.6995, -0.2454, 2.0463, -0.0966, -0.0031, 0.0261] err_to_target=0.0321 (read 32ms)
2026-08-25 14:02:48.735 [A/3] fb ok t+12.592 j=[0.6995, -0.2454, 2.0463, -0.0966, -0.0031, 0.0261] err_to_target=0.0321 (read 33ms)
2026-08-25 14:02:48.840 [A/3] fb ok t+12.696 j=[0.6995, -0.2454, 2.0463, -0.0966, -0.0031, 0.0261] err_to_target=0.0321 (read 34ms)
2026-08-25 14:02:48.945 [A/3] fb ok t+12.800 j=[0.6995, -0.2454, 2.0463, -0.0966, -0.0031, 0.0261] err_to_target=0.0321 (read 36ms)
2026-08-25 14:02:49.050 [A/3] fb ok t+12.904 j=[0.6995, -0.2454, 2.0463, -0.0966, -0.0031, 0.0261] err_to_target=0.0321 (read 36ms)
2026-08-25 14:02:49.155 [A/3] fb ok t+13.008 j=[0.6995, -0.2454, 2.0463, -0.0966, -0.0031, 0.0261] err_to_target=0.0321 (read 38ms)
2026-08-25 14:02:49.260 [A/3] fb ok t+13.112 j=[0.6995, -0.2454, 2.0463, -0.0966, -0.0031, 0.0261] err_to_target=0.0321 (read 39ms)
2026-08-25 14:02:49.365 [A/3] fb ok t+13.213 j=[0.6995, -0.2454, 2.0463, -0.0966, -0.0031, 0.0261] err_to_target=0.0321 (read 43ms)
2026-08-25 14:02:49.470 [A/3] fb ok t+13.316 j=[0.6995, -0.2454, 2.0463, -0.0966, -0.0031, 0.0261] err_to_target=0.0321 (read 44ms)
2026-08-25 14:02:49.575 [A/3] fb ok t+13.420 j=[0.6995, -0.2454, 2.0463, -0.0966, -0.0031, 0.0261] err_to_target=0.0321 (read 46ms)
2026-08-25 14:02:49.680 [A/3] fb ok t+13.523 j=[0.6995, -0.2454, 2.0463, -0.0966, -0.0031, 0.0261] err_to_target=0.0321 (read 47ms)
2026-08-25 14:02:49.785 [A/3] fb ok t+13.624 j=[0.6995, -0.2454, 2.0463, -0.0966, -0.0031, 0.0261] err_to_target=0.0321 (read 51ms)
2026-08-25 14:02:49.890 [A/3] fb ok t+13.726 j=[0.6995, -0.2454, 2.0463, -0.0966, -0.0031, 0.0261] err_to_target=0.0321 (read 54ms)
2026-08-25 14:02:49.995 [A/3] fb ok t+13.829 j=[0.6995, -0.2454, 2.0463, -0.0966, -0.0031, 0.0261] err_to_target=0.0321 (read 56ms)
2026-08-25 14:02:50.100 [A/3] fb ok t+13.932 j=[0.6995, -0.2454, 2.0463, -0.0966, -0.0031, 0.0261] err_to_target=0.0321 (read 58ms)
2026-08-25 14:02:50.170 [A/3] fb ok t+14.032 j=[0.6995, -0.2454, 2.0463, -0.0966, -0.0031, 0.0261] err_to_target=0.0321 (read 28ms)
2026-08-25 14:02:50.275 [A/3] fb ok t+14.137 j=[0.6995, -0.2454, 2.0463, -0.0966, -0.0031, 0.0261] err_to_target=0.0321 (read 29ms)
2026-08-25 14:02:50.380 [A/3] fb ok t+14.239 j=[0.6995, -0.2454, 2.0463, -0.0966, -0.0031, 0.0261] err_to_target=0.0321 (read 31ms)
2026-08-25 14:02:50.485 [A/3] fb ok t+14.340 j=[0.6995, -0.2454, 2.0463, -0.0966, -0.0031, 0.0261] err_to_target=0.0321 (read 35ms)
2026-08-25 14:02:48.741 [A/3] fb ok t+14.444 j=[0.6995, -0.2454, 2.0463, -0.0966, -0.0031, 0.0261] err_to_target=0.0321 (read -1813ms)
2026-08-25 14:02:50.697 [A/3] fb ok t+14.576 j=[0.6995, -0.2454, 2.0463, -0.0966, -0.0031, 0.0261] err_to_target=0.0321 (read 11ms)
2026-08-25 14:02:50.841 [A/3] fb ok t+14.682 j=[0.6995, -0.2454, 2.0463, -0.0966, -0.0031, 0.0261] err_to_target=0.0321 (read 49ms)
2026-08-25 14:02:50.946 [A/3] fb ok t+14.785 j=[0.6995, -0.2454, 2.0463, -0.0966, -0.0031, 0.0261] err_to_target=0.0321 (read 51ms)
2026-08-25 14:02:51.051 [A/3] fb ok t+14.888 j=[0.6995, -0.2454, 2.0463, -0.0966, -0.0031, 0.0261] err_to_target=0.0321 (read 53ms)
2026-08-25 14:02:51.156 [A/3] fb ok t+14.990 j=[0.6995, -0.2454, 2.0463, -0.0966, -0.0031, 0.0261] err_to_target=0.0321 (read 55ms)
2026-08-25 14:03:11.278 [A/4]pre SETUP move to [0.6674, -0.2531, 2.0371, -0.0918, -0.0031, 0.0261] (repeated target, not measured)
2026-08-25 14:03:46.410 [A/4]pre SETUP done sends=66 settled=False final=[0.6995, -0.2454, 2.0463, -0.0966, -0.0031, 0.0261]
2026-08-25 14:03:46.410 [A/4]pre WARNING: setup move did not settle; continuing (pose drift possible)
2026-08-25 14:03:46.410 [A/4] dwell 3.0s before send
2026-08-25 14:03:49.700 [A/4] SENT T=102 B->A target=[0.7547, -0.2531, 2.0371, -0.1442, -0.0031, 0.0261] ([43.24, -14.5, 116.72, -8.26, -0.18, 1.5]) speed=180 acc=10 ret=b'{"T": 102, "base": 0.7547, "shoulder": -0.2531, "elbow": 2.0371, "wrist": -0.1442, "roll": -0.0031, "hand": 3.115492653589793, "spd": 180, "acc": 10}\n'
2026-08-25 14:03:49.736 [A/4] fb ok t+0.017 j=[0.6995, -0.2454, 2.0463, -0.0966, -0.0031, 0.0261] err_to_target=0.0552 (read 35ms)
2026-08-25 14:03:49.845 [A/4] fb ok t+0.119 j=[0.6995, -0.2454, 2.0463, -0.0966, -0.0031, 0.0261] err_to_target=0.0552 (read 42ms)
2026-08-25 14:03:49.950 [A/4] fb ok t+0.221 j=[0.6995, -0.2454, 2.0463, -0.1028, -0.0031, 0.0261] err_to_target=0.0552 (read 46ms)
2026-08-25 14:03:50.054 [A/4] MOTION toward target (joint=wrist) latency=0.324s dev=0.0245
2026-08-25 14:03:50.054 [A/4] fb ok t+0.324 j=[0.701, -0.2454, 2.0463, -0.1212, -0.0031, 0.0261] err_to_target=0.0537 (read 47ms)
2026-08-25 14:03:50.160 [A/4] fb ok t+0.427 j=[0.7118, -0.2454, 2.0463, -0.1289, -0.0031, 0.0261] err_to_target=0.0429 (read 49ms)
2026-08-25 14:03:50.264 [A/4] fb ok t+0.530 j=[0.724, -0.2454, 2.0463, -0.1289, -0.0031, 0.0261] err_to_target=0.0307 (read 51ms)
2026-08-25 14:03:50.369 [A/4] fb ok t+0.632 j=[0.724, -0.2454, 2.0463, -0.1289, -0.0031, 0.0261] err_to_target=0.0307 (read 54ms)
2026-08-25 14:03:50.474 [A/4] fb ok t+0.735 j=[0.7256, -0.2454, 2.0463, -0.1289, -0.0031, 0.0261] err_to_target=0.0291 (read 56ms)
2026-08-25 14:03:50.579 [A/4] fb ok t+0.837 j=[0.7256, -0.2454, 2.0463, -0.1289, -0.0031, 0.0261] err_to_target=0.0291 (read 58ms)
2026-08-25 14:03:50.650 [A/4] fb ok t+0.940 j=[0.7256, -0.2454, 2.0463, -0.1289, -0.0031, 0.0261] err_to_target=0.0291 (read 26ms)
2026-08-25 14:03:50.754 [A/4] fb ok t+1.044 j=[0.7256, -0.2454, 2.0463, -0.1289, -0.0031, 0.0261] err_to_target=0.0291 (read 27ms)
2026-08-25 14:03:50.859 [A/4] fb ok t+1.146 j=[0.7256, -0.2454, 2.0463, -0.1289, -0.0031, 0.0261] err_to_target=0.0291 (read 30ms)
2026-08-25 14:03:50.965 [A/4] fb ok t+1.250 j=[0.7256, -0.2454, 2.0463, -0.1289, -0.0031, 0.0261] err_to_target=0.0291 (read 31ms)
2026-08-25 14:03:51.070 [A/4] fb ok t+1.354 j=[0.7256, -0.2454, 2.0463, -0.1289, -0.0031, 0.0261] err_to_target=0.0291 (read 32ms)
2026-08-25 14:03:51.175 [A/4] fb ok t+1.459 j=[0.7256, -0.2454, 2.0463, -0.1289, -0.0031, 0.0261] err_to_target=0.0291 (read 33ms)
2026-08-25 14:03:49.434 [A/4] fb ok t+-0.285 j=[0.7256, -0.2454, 2.0463, -0.1289, -0.0031, 0.0261] err_to_target=0.0291 (read 36ms)
2026-08-25 14:03:49.539 [A/4] fb ok t+-0.185 j=[0.7256, -0.2454, 2.0463, -0.1289, -0.0031, 0.0261] err_to_target=0.0291 (read 40ms)
2026-08-25 14:03:49.644 [A/4] fb ok t+-0.081 j=[0.7256, -0.2454, 2.0463, -0.1289, -0.0031, 0.0261] err_to_target=0.0291 (read 41ms)
2026-08-25 14:03:49.749 [A/4] fb ok t+0.020 j=[0.7256, -0.2454, 2.0463, -0.1289, -0.0031, 0.0261] err_to_target=0.0291 (read 45ms)
2026-08-25 14:03:49.853 [A/4] fb ok t+0.123 j=[0.7256, -0.2454, 2.0463, -0.1289, -0.0031, 0.0261] err_to_target=0.0291 (read 47ms)
2026-08-25 14:03:49.958 [A/4] fb ok t+0.227 j=[0.7256, -0.2454, 2.0463, -0.1289, -0.0031, 0.0261] err_to_target=0.0291 (read 48ms)
2026-08-25 14:03:50.063 [A/4] fb ok t+0.329 j=[0.7256, -0.2454, 2.0463, -0.1289, -0.0031, 0.0261] err_to_target=0.0291 (read 51ms)
2026-08-25 14:03:50.168 [A/4] fb ok t+0.432 j=[0.7256, -0.2454, 2.0463, -0.1289, -0.0031, 0.0261] err_to_target=0.0291 (read 53ms)
2026-08-25 14:03:50.273 [A/4] fb ok t+0.535 j=[0.7256, -0.2454, 2.0463, -0.1289, -0.0031, 0.0261] err_to_target=0.0291 (read 55ms)
2026-08-25 14:03:50.378 [A/4] fb ok t+0.637 j=[0.7256, -0.2454, 2.0463, -0.1289, -0.0031, 0.0261] err_to_target=0.0291 (read 58ms)
2026-08-25 14:03:50.483 [A/4] fb ok t+0.740 j=[0.7256, -0.2454, 2.0463, -0.1289, -0.0031, 0.0261] err_to_target=0.0291 (read 60ms)
2026-08-25 14:03:50.554 [A/4] fb ok t+0.842 j=[0.7256, -0.2454, 2.0463, -0.1289, -0.0031, 0.0261] err_to_target=0.0291 (read 28ms)
2026-08-25 14:03:50.659 [A/4] fb ok t+0.947 j=[0.7256, -0.2454, 2.0463, -0.1289, -0.0031, 0.0261] err_to_target=0.0291 (read 29ms)
2026-08-25 14:03:50.764 [A/4] fb ok t+1.051 j=[0.7256, -0.2454, 2.0463, -0.1289, -0.0031, 0.0261] err_to_target=0.0291 (read 29ms)
2026-08-25 14:03:50.869 [A/4] fb ok t+1.156 j=[0.7256, -0.2454, 2.0463, -0.1289, -0.0031, 0.0261] err_to_target=0.0291 (read 30ms)
2026-08-25 14:03:50.974 [A/4] fb ok t+1.260 j=[0.7256, -0.2454, 2.0463, -0.1289, -0.0031, 0.0261] err_to_target=0.0291 (read 30ms)
2026-08-25 14:03:51.079 [A/4] fb ok t+1.360 j=[0.7256, -0.2454, 2.0463, -0.1289, -0.0031, 0.0261] err_to_target=0.0291 (read 35ms)
2026-08-25 14:03:51.184 [A/4] fb ok t+1.464 j=[0.7256, -0.2454, 2.0463, -0.1289, -0.0031, 0.0261] err_to_target=0.0291 (read 36ms)
2026-08-25 14:03:51.288 [A/4] fb ok t+1.568 j=[0.7256, -0.2454, 2.0463, -0.1289, -0.0031, 0.0261] err_to_target=0.0291 (read 37ms)
2026-08-25 14:03:51.394 [A/4] fb ok t+1.672 j=[0.7256, -0.2454, 2.0463, -0.1289, -0.0031, 0.0261] err_to_target=0.0291 (read 38ms)
2026-08-25 14:03:51.499 [A/4] fb ok t+1.776 j=[0.7256, -0.2454, 2.0463, -0.1289, -0.0031, 0.0261] err_to_target=0.0291 (read 40ms)
2026-08-25 14:03:51.603 [A/4] fb ok t+1.879 j=[0.7256, -0.2454, 2.0463, -0.1289, -0.0031, 0.0261] err_to_target=0.0291 (read 41ms)
2026-08-25 14:03:51.709 [A/4] fb ok t+1.982 j=[0.7256, -0.2454, 2.0463, -0.1289, -0.0031, 0.0261] err_to_target=0.0291 (read 43ms)
2026-08-25 14:03:51.814 [A/4] fb ok t+2.086 j=[0.7256, -0.2454, 2.0463, -0.1289, -0.0031, 0.0261] err_to_target=0.0291 (read 44ms)
2026-08-25 14:03:51.919 [A/4] fb ok t+2.189 j=[0.7256, -0.2454, 2.0463, -0.1289, -0.0031, 0.0261] err_to_target=0.0291 (read 46ms)
2026-08-25 14:03:52.023 [A/4] fb ok t+2.292 j=[0.7256, -0.2454, 2.0463, -0.1289, -0.0031, 0.0261] err_to_target=0.0291 (read 47ms)
2026-08-25 14:03:52.128 [A/4] fb ok t+2.396 j=[0.7256, -0.2454, 2.0463, -0.1289, -0.0031, 0.0261] err_to_target=0.0291 (read 49ms)
2026-08-25 14:03:52.233 [A/4] fb ok t+2.498 j=[0.7256, -0.2454, 2.0463, -0.1289, -0.0031, 0.0261] err_to_target=0.0291 (read 51ms)
2026-08-25 14:03:52.338 [A/4] fb ok t+2.601 j=[0.7256, -0.2454, 2.0463, -0.1289, -0.0031, 0.0261] err_to_target=0.0291 (read 53ms)
2026-08-25 14:03:52.443 [A/4] fb ok t+2.702 j=[0.7256, -0.2454, 2.0463, -0.1289, -0.0031, 0.0261] err_to_target=0.0291 (read 58ms)
2026-08-25 14:03:52.514 [A/4] fb ok t+2.804 j=[0.7256, -0.2454, 2.0463, -0.1289, -0.0031, 0.0261] err_to_target=0.0291 (read 26ms)
2026-08-25 14:03:52.619 [A/4] fb ok t+2.905 j=[0.7256, -0.2454, 2.0463, -0.1289, -0.0031, 0.0261] err_to_target=0.0291 (read 30ms)
2026-08-25 14:03:52.723 [A/4] fb ok t+3.009 j=[0.7256, -0.2454, 2.0463, -0.1289, -0.0031, 0.0261] err_to_target=0.0291 (read 31ms)
2026-08-25 14:03:52.829 [A/4] fb ok t+3.112 j=[0.7256, -0.2454, 2.0463, -0.1289, -0.0031, 0.0261] err_to_target=0.0291 (read 33ms)
2026-08-25 14:03:52.933 [A/4] fb ok t+3.216 j=[0.7256, -0.2454, 2.0463, -0.1289, -0.0031, 0.0261] err_to_target=0.0291 (read 34ms)
2026-08-25 14:03:53.038 [A/4] fb ok t+3.319 j=[0.7256, -0.2454, 2.0463, -0.1289, -0.0031, 0.0261] err_to_target=0.0291 (read 36ms)
2026-08-25 14:03:53.143 [A/4] fb ok t+3.420 j=[0.7256, -0.2454, 2.0463, -0.1289, -0.0031, 0.0261] err_to_target=0.0291 (read 40ms)
2026-08-25 14:03:53.248 [A/4] fb ok t+3.520 j=[0.7256, -0.2454, 2.0463, -0.1289, -0.0031, 0.0261] err_to_target=0.0291 (read 45ms)
2026-08-25 14:03:53.353 [A/4] fb ok t+3.620 j=[0.7256, -0.2454, 2.0463, -0.1289, -0.0031, 0.0261] err_to_target=0.0291 (read 49ms)
2026-08-25 14:03:53.458 [A/4] fb ok t+3.723 j=[0.7256, -0.2454, 2.0463, -0.1289, -0.0031, 0.0261] err_to_target=0.0291 (read 51ms)
2026-08-25 14:03:53.563 [A/4] fb ok t+3.826 j=[0.7256, -0.2454, 2.0463, -0.1289, -0.0031, 0.0261] err_to_target=0.0291 (read 53ms)
2026-08-25 14:03:53.668 [A/4] fb ok t+3.929 j=[0.7256, -0.2454, 2.0463, -0.1289, -0.0031, 0.0261] err_to_target=0.0291 (read 56ms)
2026-08-25 14:03:53.773 [A/4] fb ok t+4.029 j=[0.7256, -0.2454, 2.0463, -0.1289, -0.0031, 0.0261] err_to_target=0.0291 (read 60ms)
2026-08-25 14:03:53.843 [A/4] fb ok t+4.132 j=[0.7256, -0.2454, 2.0463, -0.1289, -0.0031, 0.0261] err_to_target=0.0291 (read 28ms)
2026-08-25 14:03:53.949 [A/4] fb ok t+4.235 j=[0.7256, -0.2454, 2.0463, -0.1289, -0.0031, 0.0261] err_to_target=0.0291 (read 30ms)
2026-08-25 14:03:54.054 [A/4] fb ok t+4.339 j=[0.7256, -0.2454, 2.0463, -0.1289, -0.0031, 0.0261] err_to_target=0.0291 (read 31ms)
2026-08-25 14:03:54.158 [A/4] fb ok t+4.440 j=[0.7256, -0.2454, 2.0463, -0.1289, -0.0031, 0.0261] err_to_target=0.0291 (read 35ms)
2026-08-25 14:03:54.263 [A/4] fb ok t+4.544 j=[0.7256, -0.2454, 2.0463, -0.1289, -0.0031, 0.0261] err_to_target=0.0291 (read 36ms)
2026-08-25 14:03:54.368 [A/4] fb ok t+4.648 j=[0.7256, -0.2454, 2.0463, -0.1289, -0.0031, 0.0261] err_to_target=0.0291 (read 37ms)
2026-08-25 14:03:54.473 [A/4] fb ok t+4.752 j=[0.7256, -0.2454, 2.0463, -0.1289, -0.0031, 0.0261] err_to_target=0.0291 (read 38ms)
2026-08-25 14:03:54.578 [A/4] fb ok t+4.855 j=[0.7256, -0.2454, 2.0463, -0.1289, -0.0031, 0.0261] err_to_target=0.0291 (read 40ms)
2026-08-25 14:03:54.683 [A/4] fb ok t+4.958 j=[0.7256, -0.2454, 2.0463, -0.1289, -0.0031, 0.0261] err_to_target=0.0291 (read 41ms)
2026-08-25 14:03:54.788 [A/4] fb ok t+5.062 j=[0.7256, -0.2454, 2.0463, -0.1289, -0.0031, 0.0261] err_to_target=0.0291 (read 43ms)
2026-08-25 14:03:54.893 [A/4] fb ok t+5.165 j=[0.7256, -0.2454, 2.0463, -0.1289, -0.0031, 0.0261] err_to_target=0.0291 (read 44ms)
2026-08-25 14:03:54.998 [A/4] fb ok t+5.269 j=[0.7256, -0.2454, 2.0463, -0.1289, -0.0031, 0.0261] err_to_target=0.0291 (read 46ms)
2026-08-25 14:03:55.103 [A/4] fb ok t+5.372 j=[0.7256, -0.2454, 2.0463, -0.1289, -0.0031, 0.0261] err_to_target=0.0291 (read 48ms)
2026-08-25 14:03:55.208 [A/4] fb ok t+5.475 j=[0.7256, -0.2454, 2.0463, -0.1289, -0.0031, 0.0261] err_to_target=0.0291 (read 49ms)
2026-08-25 14:03:55.313 [A/4] fb ok t+5.576 j=[0.7256, -0.2454, 2.0463, -0.1289, -0.0031, 0.0261] err_to_target=0.0291 (read 54ms)
2026-08-25 14:03:55.418 [A/4] fb ok t+5.679 j=[0.7256, -0.2454, 2.0463, -0.1289, -0.0031, 0.0261] err_to_target=0.0291 (read 56ms)
2026-08-25 14:03:55.523 [A/4] fb ok t+5.781 j=[0.7256, -0.2454, 2.0463, -0.1289, -0.0031, 0.0261] err_to_target=0.0291 (read 58ms)
2026-08-25 14:03:55.593 [A/4] fb ok t+5.884 j=[0.7256, -0.2454, 2.0463, -0.1289, -0.0031, 0.0261] err_to_target=0.0291 (read 26ms)
2026-08-25 14:03:55.698 [A/4] fb ok t+5.988 j=[0.7256, -0.2454, 2.0463, -0.1289, -0.0031, 0.0261] err_to_target=0.0291 (read 27ms)
2026-08-25 14:03:55.803 [A/4] fb ok t+6.093 j=[0.7256, -0.2454, 2.0463, -0.1289, -0.0031, 0.0261] err_to_target=0.0291 (read 27ms)
2026-08-25 14:03:55.908 [A/4] fb ok t+6.197 j=[0.7256, -0.2454, 2.0463, -0.1289, -0.0031, 0.0261] err_to_target=0.0291 (read 28ms)
2026-08-25 14:03:56.013 [A/4] fb ok t+6.300 j=[0.7256, -0.2454, 2.0463, -0.1289, -0.0031, 0.0261] err_to_target=0.0291 (read 30ms)
2026-08-25 14:03:56.118 [A/4] fb ok t+6.404 j=[0.7256, -0.2454, 2.0463, -0.1289, -0.0031, 0.0261] err_to_target=0.0291 (read 30ms)
2026-08-25 14:03:56.223 [A/4] fb ok t+6.509 j=[0.7256, -0.2454, 2.0463, -0.1289, -0.0031, 0.0261] err_to_target=0.0291 (read 31ms)
2026-08-25 14:03:56.328 [A/4] fb ok t+6.613 j=[0.7256, -0.2454, 2.0463, -0.1289, -0.0031, 0.0261] err_to_target=0.0291 (read 32ms)
2026-08-25 14:03:56.433 [A/4] fb ok t+6.715 j=[0.7256, -0.2454, 2.0463, -0.1289, -0.0031, 0.0261] err_to_target=0.0291 (read 35ms)
2026-08-25 14:03:56.538 [A/4] fb ok t+6.819 j=[0.7256, -0.2454, 2.0463, -0.1289, -0.0031, 0.0261] err_to_target=0.0291 (read 36ms)
2026-08-25 14:03:56.643 [A/4] fb ok t+6.922 j=[0.7256, -0.2454, 2.0463, -0.1289, -0.0031, 0.0261] err_to_target=0.0291 (read 37ms)
2026-08-25 14:03:56.748 [A/4] fb ok t+7.026 j=[0.7256, -0.2454, 2.0463, -0.1289, -0.0031, 0.0261] err_to_target=0.0291 (read 38ms)
2026-08-25 14:03:56.853 [A/4] fb ok t+7.128 j=[0.7256, -0.2454, 2.0463, -0.1289, -0.0031, 0.0261] err_to_target=0.0291 (read 42ms)
2026-08-25 14:03:56.958 [A/4] fb ok t+7.231 j=[0.7256, -0.2454, 2.0463, -0.1289, -0.0031, 0.0261] err_to_target=0.0291 (read 44ms)
2026-08-25 14:03:57.063 [A/4] fb ok t+7.334 j=[0.7256, -0.2454, 2.0463, -0.1289, -0.0031, 0.0261] err_to_target=0.0291 (read 45ms)
2026-08-25 14:03:57.168 [A/4] fb ok t+7.438 j=[0.7256, -0.2454, 2.0463, -0.1289, -0.0031, 0.0261] err_to_target=0.0291 (read 47ms)
2026-08-25 14:03:57.272 [A/4] fb ok t+7.541 j=[0.7256, -0.2454, 2.0463, -0.1289, -0.0031, 0.0261] err_to_target=0.0291 (read 48ms)
2026-08-25 14:03:57.378 [A/4] fb ok t+7.644 j=[0.7256, -0.2454, 2.0463, -0.1289, -0.0031, 0.0261] err_to_target=0.0291 (read 50ms)
2026-08-25 14:03:57.483 [A/4] fb ok t+7.747 j=[0.7256, -0.2454, 2.0463, -0.1289, -0.0031, 0.0261] err_to_target=0.0291 (read 52ms)
2026-08-25 14:03:57.588 [A/4] fb ok t+7.850 j=[0.7256, -0.2454, 2.0463, -0.1289, -0.0031, 0.0261] err_to_target=0.0291 (read 54ms)
2026-08-25 14:03:57.693 [A/4] fb ok t+7.953 j=[0.7256, -0.2454, 2.0463, -0.1289, -0.0031, 0.0261] err_to_target=0.0291 (read 56ms)
2026-08-25 14:03:57.798 [A/4] fb ok t+8.055 j=[0.7256, -0.2454, 2.0463, -0.1289, -0.0031, 0.0261] err_to_target=0.0291 (read 59ms)
2026-08-25 14:03:57.868 [A/4] fb ok t+8.158 j=[0.7256, -0.2454, 2.0463, -0.1289, -0.0031, 0.0261] err_to_target=0.0291 (read 27ms)
2026-08-25 14:03:57.973 [A/4] fb ok t+8.262 j=[0.7256, -0.2454, 2.0463, -0.1289, -0.0031, 0.0261] err_to_target=0.0291 (read 27ms)
2026-08-25 14:03:58.078 [A/4] fb ok t+8.365 j=[0.7256, -0.2454, 2.0463, -0.1289, -0.0031, 0.0261] err_to_target=0.0291 (read 30ms)
2026-08-25 14:03:58.183 [A/4] fb ok t+8.469 j=[0.7256, -0.2454, 2.0463, -0.1289, -0.0031, 0.0261] err_to_target=0.0291 (read 30ms)
2026-08-25 14:03:58.288 [A/4] fb ok t+8.571 j=[0.7256, -0.2454, 2.0463, -0.1289, -0.0031, 0.0261] err_to_target=0.0291 (read 33ms)
2026-08-25 14:03:58.393 [A/4] fb ok t+8.673 j=[0.7256, -0.2454, 2.0463, -0.1289, -0.0031, 0.0261] err_to_target=0.0291 (read 36ms)
2026-08-25 14:03:58.498 [A/4] fb ok t+8.777 j=[0.7256, -0.2454, 2.0463, -0.1289, -0.0031, 0.0261] err_to_target=0.0291 (read 37ms)
2026-08-25 14:03:58.603 [A/4] fb ok t+8.881 j=[0.7256, -0.2454, 2.0463, -0.1289, -0.0031, 0.0261] err_to_target=0.0291 (read 38ms)
2026-08-25 14:03:58.708 [A/4] fb ok t+8.985 j=[0.7256, -0.2454, 2.0463, -0.1289, -0.0031, 0.0261] err_to_target=0.0291 (read 40ms)
2026-08-25 14:03:58.813 [A/4] fb ok t+9.089 j=[0.7256, -0.2454, 2.0463, -0.1289, -0.0031, 0.0261] err_to_target=0.0291 (read 41ms)
2026-08-25 14:03:58.918 [A/4] fb ok t+9.192 j=[0.7256, -0.2454, 2.0463, -0.1289, -0.0031, 0.0261] err_to_target=0.0291 (read 42ms)
2026-08-25 14:03:59.023 [A/4] fb ok t+9.296 j=[0.7256, -0.2454, 2.0463, -0.1289, -0.0031, 0.0261] err_to_target=0.0291 (read 44ms)
2026-08-25 14:03:59.128 [A/4] fb ok t+9.399 j=[0.7256, -0.2454, 2.0463, -0.1289, -0.0031, 0.0261] err_to_target=0.0291 (read 45ms)
2026-08-25 14:03:59.233 [A/4] fb ok t+9.503 j=[0.7256, -0.2454, 2.0463, -0.1289, -0.0031, 0.0261] err_to_target=0.0291 (read 47ms)
2026-08-25 14:03:59.338 [A/4] fb ok t+9.603 j=[0.7256, -0.2454, 2.0463, -0.1289, -0.0031, 0.0261] err_to_target=0.0291 (read 51ms)
2026-08-25 14:03:59.442 [A/4] fb ok t+9.706 j=[0.7256, -0.2454, 2.0463, -0.1289, -0.0031, 0.0261] err_to_target=0.0291 (read 53ms)
2026-08-25 14:03:59.547 [A/4] fb ok t+9.809 j=[0.7256, -0.2454, 2.0463, -0.1289, -0.0031, 0.0261] err_to_target=0.0291 (read 55ms)
2026-08-25 14:03:59.652 [A/4] fb ok t+9.912 j=[0.7256, -0.2454, 2.0463, -0.1289, -0.0031, 0.0261] err_to_target=0.0291 (read 57ms)
2026-08-25 14:03:59.757 [A/4] fb ok t+10.014 j=[0.7256, -0.2454, 2.0463, -0.1289, -0.0031, 0.0261] err_to_target=0.0291 (read 60ms)
2026-08-25 14:03:59.828 [A/4] fb ok t+10.116 j=[0.7256, -0.2454, 2.0463, -0.1289, -0.0031, 0.0261] err_to_target=0.0291 (read 28ms)
2026-08-25 14:03:59.933 [A/4] fb ok t+10.221 j=[0.7256, -0.2454, 2.0463, -0.1289, -0.0031, 0.0261] err_to_target=0.0291 (read 29ms)
2026-08-25 14:04:00.038 [A/4] fb ok t+10.325 j=[0.7256, -0.2454, 2.0463, -0.1289, -0.0031, 0.0261] err_to_target=0.0291 (read 29ms)
2026-08-25 14:04:00.143 [A/4] fb ok t+10.426 j=[0.7256, -0.2454, 2.0463, -0.1289, -0.0031, 0.0261] err_to_target=0.0291 (read 34ms)
2026-08-25 14:04:00.248 [A/4] fb ok t+10.530 j=[0.7256, -0.2454, 2.0463, -0.1289, -0.0031, 0.0261] err_to_target=0.0291 (read 35ms)
2026-08-25 14:04:00.353 [A/4] fb ok t+10.634 j=[0.7256, -0.2454, 2.0463, -0.1289, -0.0031, 0.0261] err_to_target=0.0291 (read 35ms)
2026-08-25 14:04:00.458 [A/4] fb ok t+10.738 j=[0.7256, -0.2454, 2.0463, -0.1289, -0.0031, 0.0261] err_to_target=0.0291 (read 37ms)
2026-08-25 14:04:00.563 [A/4] fb ok t+10.841 j=[0.7256, -0.2454, 2.0463, -0.1289, -0.0031, 0.0261] err_to_target=0.0291 (read 38ms)
2026-08-25 14:04:00.668 [A/4] fb ok t+10.943 j=[0.7256, -0.2454, 2.0463, -0.1289, -0.0031, 0.0261] err_to_target=0.0291 (read 42ms)
2026-08-25 14:04:00.772 [A/4] fb ok t+11.043 j=[0.7256, -0.2454, 2.0463, -0.1289, -0.0031, 0.0261] err_to_target=0.0291 (read 46ms)
2026-08-25 14:04:00.877 [A/4] fb ok t+11.146 j=[0.7256, -0.2454, 2.0463, -0.1289, -0.0031, 0.0261] err_to_target=0.0291 (read 48ms)
2026-08-25 14:04:00.982 [A/4] fb ok t+11.250 j=[0.7256, -0.2454, 2.0463, -0.1289, -0.0031, 0.0261] err_to_target=0.0291 (read 49ms)
2026-08-25 14:04:01.087 [A/4] fb ok t+11.353 j=[0.7256, -0.2454, 2.0463, -0.1289, -0.0031, 0.0261] err_to_target=0.0291 (read 51ms)
2026-08-25 14:04:01.192 [A/4] fb ok t+11.456 j=[0.7256, -0.2454, 2.0463, -0.1289, -0.0031, 0.0261] err_to_target=0.0291 (read 53ms)
2026-08-25 14:04:01.297 [A/4] fb ok t+11.558 j=[0.7256, -0.2454, 2.0463, -0.1289, -0.0031, 0.0261] err_to_target=0.0291 (read 56ms)
2026-08-25 14:04:01.402 [A/4] fb ok t+11.660 j=[0.7256, -0.2454, 2.0463, -0.1289, -0.0031, 0.0261] err_to_target=0.0291 (read 59ms)
2026-08-25 14:04:01.473 [A/4] fb ok t+11.763 j=[0.7256, -0.2454, 2.0463, -0.1289, -0.0031, 0.0261] err_to_target=0.0291 (read 27ms)
2026-08-25 14:04:01.578 [A/4] fb ok t+11.864 j=[0.7256, -0.2454, 2.0463, -0.1289, -0.0031, 0.0261] err_to_target=0.0291 (read 30ms)
2026-08-25 14:04:01.682 [A/4] fb ok t+11.969 j=[0.7256, -0.2454, 2.0463, -0.1289, -0.0031, 0.0261] err_to_target=0.0291 (read 30ms)
2026-08-25 14:04:01.787 [A/4] fb ok t+12.069 j=[0.7256, -0.2454, 2.0463, -0.1289, -0.0031, 0.0261] err_to_target=0.0291 (read 35ms)
2026-08-25 14:04:01.893 [A/4] fb ok t+12.173 j=[0.7256, -0.2454, 2.0463, -0.1289, -0.0031, 0.0261] err_to_target=0.0291 (read 36ms)
2026-08-25 14:04:01.998 [A/4] fb ok t+12.277 j=[0.7256, -0.2454, 2.0463, -0.1289, -0.0031, 0.0261] err_to_target=0.0291 (read 37ms)
2026-08-25 14:04:02.102 [A/4] fb ok t+12.381 j=[0.7256, -0.2454, 2.0463, -0.1289, -0.0031, 0.0261] err_to_target=0.0291 (read 38ms)
2026-08-25 14:04:02.207 [A/4] fb ok t+12.485 j=[0.7256, -0.2454, 2.0463, -0.1289, -0.0031, 0.0261] err_to_target=0.0291 (read 39ms)
2026-08-25 14:04:02.312 [A/4] fb ok t+12.588 j=[0.7256, -0.2454, 2.0463, -0.1289, -0.0031, 0.0261] err_to_target=0.0291 (read 41ms)
2026-08-25 14:04:02.418 [A/4] fb ok t+12.691 j=[0.7256, -0.2454, 2.0463, -0.1289, -0.0031, 0.0261] err_to_target=0.0291 (read 43ms)
2026-08-25 14:04:02.522 [A/4] fb ok t+12.794 j=[0.7256, -0.2454, 2.0463, -0.1289, -0.0031, 0.0261] err_to_target=0.0291 (read 45ms)
2026-08-25 14:04:02.627 [A/4] fb ok t+12.898 j=[0.7256, -0.2454, 2.0463, -0.1289, -0.0031, 0.0261] err_to_target=0.0291 (read 46ms)
2026-08-25 14:04:02.732 [A/4] fb ok t+13.001 j=[0.7256, -0.2454, 2.0463, -0.1289, -0.0031, 0.0261] err_to_target=0.0291 (read 48ms)
2026-08-25 14:04:02.837 [A/4] fb ok t+13.102 j=[0.7256, -0.2454, 2.0463, -0.1289, -0.0031, 0.0261] err_to_target=0.0291 (read 52ms)
2026-08-25 14:04:02.942 [A/4] fb ok t+13.205 j=[0.7256, -0.2454, 2.0463, -0.1289, -0.0031, 0.0261] err_to_target=0.0291 (read 54ms)
2026-08-25 14:04:03.047 [A/4] fb ok t+13.307 j=[0.7256, -0.2454, 2.0463, -0.1289, -0.0031, 0.0261] err_to_target=0.0291 (read 56ms)
2026-08-25 14:04:03.117 [A/4] fb ok t+13.407 j=[0.7256, -0.2454, 2.0463, -0.1289, -0.0031, 0.0261] err_to_target=0.0291 (read 27ms)
2026-08-25 14:04:03.222 [A/4] fb ok t+13.512 j=[0.7256, -0.2454, 2.0463, -0.1289, -0.0031, 0.0261] err_to_target=0.0291 (read 27ms)
2026-08-25 14:04:03.328 [A/4] fb ok t+13.616 j=[0.7256, -0.2454, 2.0463, -0.1289, -0.0031, 0.0261] err_to_target=0.0291 (read 28ms)
2026-08-25 14:04:03.432 [A/4] fb ok t+13.721 j=[0.7256, -0.2454, 2.0463, -0.1289, -0.0031, 0.0261] err_to_target=0.0291 (read 28ms)
2026-08-25 14:04:03.538 [A/4] fb ok t+13.825 j=[0.7256, -0.2454, 2.0463, -0.1289, -0.0031, 0.0261] err_to_target=0.0291 (read 29ms)
2026-08-25 14:04:03.642 [A/4] fb ok t+13.929 j=[0.7256, -0.2454, 2.0463, -0.1289, -0.0031, 0.0261] err_to_target=0.0291 (read 30ms)
2026-08-25 14:04:03.747 [A/4] fb ok t+14.031 j=[0.7256, -0.2454, 2.0463, -0.1289, -0.0031, 0.0261] err_to_target=0.0291 (read 33ms)
2026-08-25 14:04:03.852 [A/4] fb ok t+14.132 j=[0.7256, -0.2454, 2.0463, -0.1289, -0.0031, 0.0261] err_to_target=0.0291 (read 37ms)
2026-08-25 14:04:03.957 [A/4] fb ok t+14.233 j=[0.7256, -0.2454, 2.0463, -0.1289, -0.0031, 0.0261] err_to_target=0.0291 (read 40ms)
2026-08-25 14:04:04.062 [A/4] fb ok t+14.337 j=[0.7256, -0.2454, 2.0463, -0.1289, -0.0031, 0.0261] err_to_target=0.0291 (read 42ms)
2026-08-25 14:04:04.167 [A/4] fb ok t+14.440 j=[0.7256, -0.2454, 2.0463, -0.1289, -0.0031, 0.0261] err_to_target=0.0291 (read 44ms)
2026-08-25 14:04:04.272 [A/4] fb ok t+14.544 j=[0.7256, -0.2454, 2.0463, -0.1289, -0.0031, 0.0261] err_to_target=0.0291 (read 45ms)
2026-08-25 14:04:04.377 [A/4] fb ok t+14.644 j=[0.7256, -0.2454, 2.0463, -0.1289, -0.0031, 0.0261] err_to_target=0.0291 (read 49ms)
2026-08-25 14:04:04.482 [A/4] fb ok t+14.747 j=[0.7256, -0.2454, 2.0463, -0.1289, -0.0031, 0.0261] err_to_target=0.0291 (read 51ms)
2026-08-25 14:04:04.587 [A/4] fb ok t+14.849 j=[0.7256, -0.2454, 2.0463, -0.1289, -0.0031, 0.0261] err_to_target=0.0291 (read 55ms)
2026-08-25 14:04:04.692 [A/4] fb ok t+14.951 j=[0.7256, -0.2454, 2.0463, -0.1289, -0.0031, 0.0261] err_to_target=0.0291 (read 57ms)
2026-08-25 14:04:05.952 [A/5]pre already at target, no setup move needed
2026-08-25 14:04:05.952 [A/5] dwell 3.0s before send
2026-08-25 14:04:09.390 [A/5] SENT T=102 A->B target=[0.6674, -0.2531, 2.0371, -0.0918, -0.0031, 0.0261] ([38.24, -14.5, 116.72, -5.26, -0.18, 1.5]) speed=180 acc=10 ret=b'{"T": 102, "base": 0.6674335374002835, "shoulder": -0.2531, "elbow": 2.0371, "wrist": -0.0918401224401701, "roll": -0.0031, "hand": 3.115492653589793, "spd": 180, "acc": 10}\n'
2026-08-25 14:04:09.417 [A/5] fb ok t+0.026 j=[0.7256, -0.2454, 2.0463, -0.1289, -0.0031, 0.0261] err_to_target=0.0581 (read 27ms)
2026-08-25 14:04:09.527 [A/5] fb ok t+0.130 j=[0.7256, -0.2454, 2.0463, -0.1289, -0.0031, 0.0261] err_to_target=0.0581 (read 32ms)
2026-08-25 14:04:09.632 [A/5] fb ok t+0.234 j=[0.7256, -0.2454, 2.0463, -0.1227, -0.0031, 0.0261] err_to_target=0.0581 (read 33ms)
2026-08-25 14:04:09.737 [A/5] MOTION toward target (joint=wrist) latency=0.338s dev=0.0230
2026-08-25 14:04:09.737 [A/5] fb ok t+0.338 j=[0.7256, -0.2454, 2.0463, -0.1058, -0.0031, 0.0261] err_to_target=0.0581 (read 35ms)
2026-08-25 14:04:09.842 [A/5] fb ok t+0.442 j=[0.7133, -0.2454, 2.0463, -0.0966, -0.0031, 0.0261] err_to_target=0.0459 (read 36ms)
2026-08-25 14:04:09.947 [A/5] fb ok t+0.546 j=[0.701, -0.2454, 2.0463, -0.0966, -0.0031, 0.0261] err_to_target=0.0336 (read 36ms)
2026-08-25 14:04:10.052 [A/5] fb ok t+0.650 j=[0.701, -0.2454, 2.0463, -0.0966, -0.0031, 0.0261] err_to_target=0.0336 (read 38ms)
2026-08-25 14:04:10.157 [A/5] fb ok t+0.751 j=[0.701, -0.2454, 2.0463, -0.0966, -0.0031, 0.0261] err_to_target=0.0336 (read 41ms)
2026-08-25 14:04:10.262 [A/5] fb ok t+0.854 j=[0.701, -0.2454, 2.0463, -0.0966, -0.0031, 0.0261] err_to_target=0.0336 (read 43ms)
2026-08-25 14:04:10.367 [A/5] fb ok t+0.958 j=[0.701, -0.2454, 2.0463, -0.0966, -0.0031, 0.0261] err_to_target=0.0336 (read 45ms)
2026-08-25 14:04:10.472 [A/5] fb ok t+1.061 j=[0.701, -0.2454, 2.0463, -0.0966, -0.0031, 0.0261] err_to_target=0.0336 (read 46ms)
2026-08-25 14:04:10.577 [A/5] fb ok t+1.162 j=[0.701, -0.2454, 2.0463, -0.0966, -0.0031, 0.0261] err_to_target=0.0336 (read 50ms)
2026-08-25 14:04:10.682 [A/5] fb ok t+1.263 j=[0.701, -0.2454, 2.0463, -0.0966, -0.0031, 0.0261] err_to_target=0.0336 (read 55ms)
2026-08-25 14:04:10.787 [A/5] fb ok t+1.365 j=[0.701, -0.2454, 2.0463, -0.0966, -0.0031, 0.0261] err_to_target=0.0336 (read 57ms)
2026-08-25 14:04:10.892 [A/5] fb ok t+1.468 j=[0.701, -0.2454, 2.0463, -0.0966, -0.0031, 0.0261] err_to_target=0.0336 (read 59ms)
2026-08-25 14:04:10.962 [A/5] fb ok t+1.570 j=[0.701, -0.2454, 2.0463, -0.0966, -0.0031, 0.0261] err_to_target=0.0336 (read 27ms)
2026-08-25 14:04:11.067 [A/5] fb ok t+1.675 j=[0.701, -0.2454, 2.0463, -0.0966, -0.0031, 0.0261] err_to_target=0.0336 (read 28ms)
2026-08-25 14:04:11.172 [A/5] fb ok t+1.779 j=[0.701, -0.2454, 2.0463, -0.0966, -0.0031, 0.0261] err_to_target=0.0336 (read 28ms)
2026-08-25 14:04:11.277 [A/5] fb ok t+1.883 j=[0.701, -0.2454, 2.0463, -0.0966, -0.0031, 0.0261] err_to_target=0.0336 (read 30ms)
2026-08-25 14:04:11.382 [A/5] fb ok t+1.987 j=[0.701, -0.2454, 2.0463, -0.0966, -0.0031, 0.0261] err_to_target=0.0336 (read 30ms)
2026-08-25 14:04:11.487 [A/5] fb ok t+2.091 j=[0.701, -0.2454, 2.0463, -0.0966, -0.0031, 0.0261] err_to_target=0.0336 (read 31ms)
2026-08-25 14:04:11.592 [A/5] fb ok t+2.196 j=[0.701, -0.2454, 2.0463, -0.0966, -0.0031, 0.0261] err_to_target=0.0336 (read 32ms)
2026-08-25 14:04:11.697 [A/5] fb ok t+2.300 j=[0.701, -0.2454, 2.0463, -0.0966, -0.0031, 0.0261] err_to_target=0.0336 (read 33ms)
2026-08-25 14:04:11.802 [A/5] fb ok t+2.401 j=[0.701, -0.2454, 2.0463, -0.0966, -0.0031, 0.0261] err_to_target=0.0336 (read 36ms)
2026-08-25 14:04:11.907 [A/5] fb ok t+2.505 j=[0.701, -0.2454, 2.0463, -0.0966, -0.0031, 0.0261] err_to_target=0.0336 (read 37ms)
2026-08-25 14:04:12.012 [A/5] fb ok t+2.609 j=[0.701, -0.2454, 2.0463, -0.0966, -0.0031, 0.0261] err_to_target=0.0336 (read 38ms)
2026-08-25 14:04:12.117 [A/5] fb ok t+2.713 j=[0.701, -0.2454, 2.0463, -0.0966, -0.0031, 0.0261] err_to_target=0.0336 (read 40ms)
2026-08-25 14:04:12.222 [A/5] fb ok t+2.816 j=[0.701, -0.2454, 2.0463, -0.0966, -0.0031, 0.0261] err_to_target=0.0336 (read 41ms)
2026-08-25 14:04:12.327 [A/5] fb ok t+2.920 j=[0.701, -0.2454, 2.0463, -0.0966, -0.0031, 0.0261] err_to_target=0.0336 (read 43ms)
2026-08-25 14:04:12.432 [A/5] fb ok t+3.023 j=[0.701, -0.2454, 2.0463, -0.0966, -0.0031, 0.0261] err_to_target=0.0336 (read 44ms)
2026-08-25 14:04:12.537 [A/5] fb ok t+3.127 j=[0.701, -0.2454, 2.0463, -0.0966, -0.0031, 0.0261] err_to_target=0.0336 (read 46ms)
2026-08-25 14:04:12.642 [A/5] fb ok t+3.230 j=[0.701, -0.2454, 2.0463, -0.0966, -0.0031, 0.0261] err_to_target=0.0336 (read 47ms)
2026-08-25 14:04:12.747 [A/5] fb ok t+3.333 j=[0.701, -0.2454, 2.0463, -0.0966, -0.0031, 0.0261] err_to_target=0.0336 (read 49ms)
2026-08-25 14:04:12.852 [A/5] fb ok t+3.437 j=[0.701, -0.2454, 2.0463, -0.0966, -0.0031, 0.0261] err_to_target=0.0336 (read 51ms)
2026-08-25 14:04:12.957 [A/5] fb ok t+3.537 j=[0.701, -0.2454, 2.0463, -0.0966, -0.0031, 0.0261] err_to_target=0.0336 (read 56ms)
2026-08-25 14:04:13.062 [A/5] fb ok t+3.639 j=[0.701, -0.2454, 2.0463, -0.0966, -0.0031, 0.0261] err_to_target=0.0336 (read 58ms)
2026-08-25 14:04:13.132 [A/5] fb ok t+3.742 j=[0.701, -0.2454, 2.0463, -0.0966, -0.0031, 0.0261] err_to_target=0.0336 (read 26ms)
2026-08-25 14:04:13.237 [A/5] fb ok t+3.846 j=[0.701, -0.2454, 2.0463, -0.0966, -0.0031, 0.0261] err_to_target=0.0336 (read 26ms)
2026-08-25 14:04:13.343 [A/5] fb ok t+3.948 j=[0.701, -0.2454, 2.0463, -0.0966, -0.0031, 0.0261] err_to_target=0.0336 (read 30ms)
2026-08-25 14:04:13.448 [A/5] fb ok t+4.050 j=[0.701, -0.2454, 2.0463, -0.0966, -0.0031, 0.0261] err_to_target=0.0336 (read 33ms)
2026-08-25 14:04:13.553 [A/5] fb ok t+4.154 j=[0.701, -0.2454, 2.0463, -0.0966, -0.0031, 0.0261] err_to_target=0.0336 (read 34ms)
2026-08-25 14:04:13.658 [A/5] fb ok t+4.258 j=[0.701, -0.2454, 2.0463, -0.0966, -0.0031, 0.0261] err_to_target=0.0336 (read 35ms)
2026-08-25 14:04:13.763 [A/5] fb ok t+4.362 j=[0.701, -0.2454, 2.0463, -0.0966, -0.0031, 0.0261] err_to_target=0.0336 (read 36ms)
2026-08-25 14:04:13.868 [A/5] fb ok t+4.466 j=[0.701, -0.2454, 2.0463, -0.0966, -0.0031, 0.0261] err_to_target=0.0336 (read 37ms)
2026-08-25 14:04:13.973 [A/5] fb ok t+4.568 j=[0.701, -0.2454, 2.0463, -0.0966, -0.0031, 0.0261] err_to_target=0.0336 (read 41ms)
2026-08-25 14:04:14.078 [A/5] fb ok t+4.671 j=[0.701, -0.2454, 2.0463, -0.0966, -0.0031, 0.0261] err_to_target=0.0336 (read 43ms)
2026-08-25 14:04:14.183 [A/5] fb ok t+4.775 j=[0.701, -0.2454, 2.0463, -0.0966, -0.0031, 0.0261] err_to_target=0.0336 (read 44ms)
2026-08-25 14:04:14.288 [A/5] fb ok t+4.878 j=[0.701, -0.2454, 2.0463, -0.0966, -0.0031, 0.0261] err_to_target=0.0336 (read 46ms)
2026-08-25 14:04:14.393 [A/5] fb ok t+4.981 j=[0.701, -0.2454, 2.0463, -0.0966, -0.0031, 0.0261] err_to_target=0.0336 (read 47ms)
2026-08-25 14:04:14.498 [A/5] fb ok t+5.084 j=[0.701, -0.2454, 2.0463, -0.0966, -0.0031, 0.0261] err_to_target=0.0336 (read 49ms)
2026-08-25 14:04:14.603 [A/5] fb ok t+5.188 j=[0.701, -0.2454, 2.0463, -0.0966, -0.0031, 0.0261] err_to_target=0.0336 (read 51ms)
2026-08-25 14:04:14.708 [A/5] fb ok t+5.291 j=[0.701, -0.2454, 2.0463, -0.0966, -0.0031, 0.0261] err_to_target=0.0336 (read 53ms)
2026-08-25 14:04:14.813 [A/5] fb ok t+5.393 j=[0.701, -0.2454, 2.0463, -0.0966, -0.0031, 0.0261] err_to_target=0.0336 (read 55ms)
2026-08-25 14:04:14.918 [A/5] fb ok t+5.496 j=[0.701, -0.2454, 2.0463, -0.0966, -0.0031, 0.0261] err_to_target=0.0336 (read 58ms)
2026-08-25 14:04:14.989 [A/5] fb ok t+5.599 j=[0.701, -0.2454, 2.0463, -0.0966, -0.0031, 0.0261] err_to_target=0.0336 (read 26ms)
2026-08-25 14:04:15.094 [A/5] fb ok t+5.703 j=[0.701, -0.2454, 2.0463, -0.0966, -0.0031, 0.0261] err_to_target=0.0336 (read 26ms)
2026-08-25 14:04:15.199 [A/5] fb ok t+5.808 j=[0.701, -0.2454, 2.0463, -0.0966, -0.0031, 0.0261] err_to_target=0.0336 (read 27ms)
2026-08-25 14:04:15.304 [A/5] fb ok t+5.912 j=[0.701, -0.2454, 2.0463, -0.0966, -0.0031, 0.0261] err_to_target=0.0336 (read 27ms)
2026-08-25 14:04:15.409 [A/5] fb ok t+6.014 j=[0.701, -0.2454, 2.0463, -0.0966, -0.0031, 0.0261] err_to_target=0.0336 (read 31ms)
2026-08-25 14:04:15.514 [A/5] fb ok t+6.118 j=[0.701, -0.2454, 2.0463, -0.0966, -0.0031, 0.0261] err_to_target=0.0336 (read 31ms)
2026-08-25 14:04:15.619 [A/5] fb ok t+6.222 j=[0.701, -0.2454, 2.0463, -0.0966, -0.0031, 0.0261] err_to_target=0.0336 (read 32ms)
2026-08-25 14:04:15.724 [A/5] fb ok t+6.327 j=[0.701, -0.2454, 2.0463, -0.0966, -0.0031, 0.0261] err_to_target=0.0336 (read 33ms)
2026-08-25 14:04:15.829 [A/5] fb ok t+6.428 j=[0.701, -0.2454, 2.0463, -0.0966, -0.0031, 0.0261] err_to_target=0.0336 (read 36ms)
2026-08-25 14:04:15.934 [A/5] fb ok t+6.529 j=[0.701, -0.2454, 2.0463, -0.0966, -0.0031, 0.0261] err_to_target=0.0336 (read 40ms)
2026-08-25 14:04:16.040 [A/5] fb ok t+6.633 j=[0.701, -0.2454, 2.0463, -0.0966, -0.0031, 0.0261] err_to_target=0.0336 (read 42ms)
2026-08-25 14:04:16.144 [A/5] fb ok t+6.737 j=[0.701, -0.2454, 2.0463, -0.0966, -0.0031, 0.0261] err_to_target=0.0336 (read 43ms)
2026-08-25 14:04:16.250 [A/5] fb ok t+6.840 j=[0.701, -0.2454, 2.0463, -0.0966, -0.0031, 0.0261] err_to_target=0.0336 (read 45ms)
2026-08-25 14:04:16.355 [A/5] fb ok t+6.943 j=[0.701, -0.2454, 2.0463, -0.0966, -0.0031, 0.0261] err_to_target=0.0336 (read 47ms)
2026-08-25 14:04:16.459 [A/5] fb ok t+7.047 j=[0.701, -0.2454, 2.0463, -0.0966, -0.0031, 0.0261] err_to_target=0.0336 (read 48ms)
2026-08-25 14:04:16.564 [A/5] fb ok t+7.150 j=[0.701, -0.2454, 2.0463, -0.0966, -0.0031, 0.0261] err_to_target=0.0336 (read 50ms)
2026-08-25 14:04:16.670 [A/5] fb ok t+7.253 j=[0.701, -0.2454, 2.0463, -0.0966, -0.0031, 0.0261] err_to_target=0.0336 (read 52ms)
2026-08-25 14:04:16.775 [A/5] fb ok t+7.356 j=[0.701, -0.2454, 2.0463, -0.0966, -0.0031, 0.0261] err_to_target=0.0336 (read 54ms)
2026-08-25 14:04:16.879 [A/5] fb ok t+7.456 j=[0.701, -0.2454, 2.0463, -0.0966, -0.0031, 0.0261] err_to_target=0.0336 (read 59ms)
2026-08-25 14:04:16.950 [A/5] fb ok t+7.559 j=[0.701, -0.2454, 2.0463, -0.0966, -0.0031, 0.0261] err_to_target=0.0336 (read 27ms)
2026-08-25 14:04:17.055 [A/5] fb ok t+7.661 j=[0.701, -0.2454, 2.0463, -0.0966, -0.0031, 0.0261] err_to_target=0.0336 (read 29ms)
2026-08-25 14:04:17.160 [A/5] fb ok t+7.766 j=[0.701, -0.2454, 2.0463, -0.0966, -0.0031, 0.0261] err_to_target=0.0336 (read 30ms)
2026-08-25 14:04:17.265 [A/5] fb ok t+7.870 j=[0.701, -0.2454, 2.0463, -0.0966, -0.0031, 0.0261] err_to_target=0.0336 (read 31ms)
2026-08-25 14:04:17.370 [A/5] fb ok t+7.971 j=[0.701, -0.2454, 2.0463, -0.0966, -0.0031, 0.0261] err_to_target=0.0336 (read 35ms)
2026-08-25 14:04:17.475 [A/5] fb ok t+8.075 j=[0.701, -0.2454, 2.0463, -0.0966, -0.0031, 0.0261] err_to_target=0.0336 (read 36ms)
2026-08-25 14:04:17.580 [A/5] fb ok t+8.179 j=[0.701, -0.2454, 2.0463, -0.0966, -0.0031, 0.0261] err_to_target=0.0336 (read 37ms)
2026-08-25 14:04:17.685 [A/5] fb ok t+8.281 j=[0.701, -0.2454, 2.0463, -0.0966, -0.0031, 0.0261] err_to_target=0.0336 (read 40ms)
2026-08-25 14:04:17.791 [A/5] fb ok t+8.385 j=[0.701, -0.2454, 2.0463, -0.0966, -0.0031, 0.0261] err_to_target=0.0336 (read 42ms)
2026-08-25 14:04:17.896 [A/5] fb ok t+8.488 j=[0.701, -0.2454, 2.0463, -0.0966, -0.0031, 0.0261] err_to_target=0.0336 (read 43ms)
2026-08-25 14:04:18.001 [A/5] fb ok t+8.592 j=[0.701, -0.2454, 2.0463, -0.0966, -0.0031, 0.0261] err_to_target=0.0336 (read 45ms)
2026-08-25 14:04:18.105 [A/5] fb ok t+8.695 j=[0.701, -0.2454, 2.0463, -0.0966, -0.0031, 0.0261] err_to_target=0.0336 (read 46ms)
2026-08-25 14:04:18.211 [A/5] fb ok t+8.798 j=[0.701, -0.2454, 2.0463, -0.0966, -0.0031, 0.0261] err_to_target=0.0336 (read 48ms)
2026-08-25 14:04:18.316 [A/5] fb ok t+8.901 j=[0.701, -0.2454, 2.0463, -0.0966, -0.0031, 0.0261] err_to_target=0.0336 (read 50ms)
2026-08-25 14:04:18.421 [A/5] fb ok t+9.001 j=[0.701, -0.2454, 2.0463, -0.0966, -0.0031, 0.0261] err_to_target=0.0336 (read 55ms)
2026-08-25 14:04:18.526 [A/5] fb ok t+9.104 j=[0.701, -0.2454, 2.0463, -0.0966, -0.0031, 0.0261] err_to_target=0.0336 (read 57ms)
2026-08-25 14:04:18.631 [A/5] fb ok t+9.207 j=[0.701, -0.2454, 2.0463, -0.0966, -0.0031, 0.0261] err_to_target=0.0336 (read 60ms)
2026-08-25 14:04:18.701 [A/5] fb ok t+9.308 j=[0.701, -0.2454, 2.0463, -0.0966, -0.0031, 0.0261] err_to_target=0.0336 (read 29ms)
2026-08-25 14:04:18.806 [A/5] fb ok t+9.413 j=[0.701, -0.2454, 2.0463, -0.0966, -0.0031, 0.0261] err_to_target=0.0336 (read 29ms)
2026-08-25 14:04:18.911 [A/5] fb ok t+9.517 j=[0.701, -0.2454, 2.0463, -0.0966, -0.0031, 0.0261] err_to_target=0.0336 (read 30ms)
2026-08-25 14:04:19.017 [A/5] fb ok t+9.619 j=[0.701, -0.2454, 2.0463, -0.0966, -0.0031, 0.0261] err_to_target=0.0336 (read 33ms)
2026-08-25 14:04:19.121 [A/5] fb ok t+9.723 j=[0.701, -0.2454, 2.0463, -0.0966, -0.0031, 0.0261] err_to_target=0.0336 (read 34ms)
2026-08-25 14:04:19.226 [A/5] fb ok t+9.827 j=[0.701, -0.2454, 2.0463, -0.0966, -0.0031, 0.0261] err_to_target=0.0336 (read 35ms)
2026-08-25 14:04:19.332 [A/5] fb ok t+9.931 j=[0.701, -0.2454, 2.0463, -0.0966, -0.0031, 0.0261] err_to_target=0.0336 (read 36ms)
2026-08-25 14:04:19.437 [A/5] fb ok t+10.034 j=[0.701, -0.2454, 2.0463, -0.0966, -0.0031, 0.0261] err_to_target=0.0336 (read 38ms)
2026-08-25 14:04:19.542 [A/5] fb ok t+10.138 j=[0.701, -0.2454, 2.0463, -0.0966, -0.0031, 0.0261] err_to_target=0.0336 (read 39ms)
2026-08-25 14:04:19.647 [A/5] fb ok t+10.242 j=[0.701, -0.2454, 2.0463, -0.0966, -0.0031, 0.0261] err_to_target=0.0336 (read 40ms)
2026-08-25 14:04:19.752 [A/5] fb ok t+10.346 j=[0.701, -0.2454, 2.0463, -0.0966, -0.0031, 0.0261] err_to_target=0.0336 (read 42ms)
2026-08-25 14:04:19.857 [A/5] fb ok t+10.449 j=[0.701, -0.2454, 2.0463, -0.0966, -0.0031, 0.0261] err_to_target=0.0336 (read 43ms)
2026-08-25 14:04:19.962 [A/5] fb ok t+10.553 j=[0.701, -0.2454, 2.0463, -0.0966, -0.0031, 0.0261] err_to_target=0.0336 (read 45ms)
2026-08-25 14:04:20.067 [A/5] fb ok t+10.653 j=[0.701, -0.2454, 2.0463, -0.0966, -0.0031, 0.0261] err_to_target=0.0336 (read 49ms)
2026-08-25 14:04:20.172 [A/5] fb ok t+10.756 j=[0.701, -0.2454, 2.0463, -0.0966, -0.0031, 0.0261] err_to_target=0.0336 (read 51ms)
2026-08-25 14:04:20.277 [A/5] fb ok t+10.859 j=[0.701, -0.2454, 2.0463, -0.0966, -0.0031, 0.0261] err_to_target=0.0336 (read 53ms)
2026-08-25 14:04:20.382 [A/5] fb ok t+10.962 j=[0.701, -0.2454, 2.0463, -0.0966, -0.0031, 0.0261] err_to_target=0.0336 (read 56ms)
2026-08-25 14:04:20.452 [A/5] fb ok t+11.062 j=[0.701, -0.2454, 2.0463, -0.0966, -0.0031, 0.0261] err_to_target=0.0336 (read 26ms)
2026-08-25 14:04:20.557 [A/5] fb ok t+11.166 j=[0.701, -0.2454, 2.0463, -0.0966, -0.0031, 0.0261] err_to_target=0.0336 (read 27ms)
2026-08-25 14:04:20.662 [A/5] fb ok t+11.271 j=[0.701, -0.2454, 2.0463, -0.0966, -0.0031, 0.0261] err_to_target=0.0336 (read 27ms)
2026-08-25 14:04:20.767 [A/5] fb ok t+11.374 j=[0.701, -0.2454, 2.0463, -0.0966, -0.0031, 0.0261] err_to_target=0.0336 (read 29ms)
2026-08-25 14:04:20.872 [A/5] fb ok t+11.478 j=[0.701, -0.2454, 2.0463, -0.0966, -0.0031, 0.0261] err_to_target=0.0336 (read 30ms)
2026-08-25 14:04:20.977 [A/5] fb ok t+11.582 j=[0.701, -0.2454, 2.0463, -0.0966, -0.0031, 0.0261] err_to_target=0.0336 (read 31ms)
2026-08-25 14:04:21.082 [A/5] fb ok t+11.686 j=[0.701, -0.2454, 2.0463, -0.0966, -0.0031, 0.0261] err_to_target=0.0336 (read 32ms)
2026-08-25 14:04:21.187 [A/5] fb ok t+11.790 j=[0.701, -0.2454, 2.0463, -0.0966, -0.0031, 0.0261] err_to_target=0.0336 (read 32ms)
2026-08-25 14:04:21.292 [A/5] fb ok t+11.894 j=[0.701, -0.2454, 2.0463, -0.0966, -0.0031, 0.0261] err_to_target=0.0336 (read 33ms)
2026-08-25 14:04:21.397 [A/5] fb ok t+11.996 j=[0.701, -0.2454, 2.0463, -0.0966, -0.0031, 0.0261] err_to_target=0.0336 (read 37ms)
2026-08-25 14:04:21.502 [A/5] fb ok t+12.100 j=[0.701, -0.2454, 2.0463, -0.0966, -0.0031, 0.0261] err_to_target=0.0336 (read 38ms)
2026-08-25 14:04:21.607 [A/5] fb ok t+12.203 j=[0.701, -0.2454, 2.0463, -0.0966, -0.0031, 0.0261] err_to_target=0.0336 (read 40ms)
2026-08-25 14:04:19.866 [A/5] fb ok t+10.459 j=[0.701, -0.2454, 2.0463, -0.0966, -0.0031, 0.0261] err_to_target=0.0336 (read 42ms)
2026-08-25 14:04:19.971 [A/5] fb ok t+10.562 j=[0.701, -0.2454, 2.0463, -0.0966, -0.0031, 0.0261] err_to_target=0.0336 (read 44ms)
2026-08-25 14:04:20.076 [A/5] fb ok t+10.666 j=[0.701, -0.2454, 2.0463, -0.0966, -0.0031, 0.0261] err_to_target=0.0336 (read 46ms)
2026-08-25 14:04:20.180 [A/5] fb ok t+10.769 j=[0.701, -0.2454, 2.0463, -0.0966, -0.0031, 0.0261] err_to_target=0.0336 (read 47ms)
2026-08-25 14:04:20.285 [A/5] fb ok t+10.872 j=[0.701, -0.2454, 2.0463, -0.0966, -0.0031, 0.0261] err_to_target=0.0336 (read 49ms)
2026-08-25 14:04:20.391 [A/5] fb ok t+10.974 j=[0.701, -0.2454, 2.0463, -0.0966, -0.0031, 0.0261] err_to_target=0.0336 (read 52ms)
2026-08-25 14:04:20.495 [A/5] fb ok t+11.077 j=[0.701, -0.2454, 2.0463, -0.0966, -0.0031, 0.0261] err_to_target=0.0336 (read 53ms)
2026-08-25 14:04:20.600 [A/5] fb ok t+11.178 j=[0.701, -0.2454, 2.0463, -0.0966, -0.0031, 0.0261] err_to_target=0.0336 (read 58ms)
2026-08-25 14:04:20.671 [A/5] fb ok t+11.280 j=[0.701, -0.2454, 2.0463, -0.0966, -0.0031, 0.0261] err_to_target=0.0336 (read 26ms)
2026-08-25 14:04:20.775 [A/5] fb ok t+11.385 j=[0.701, -0.2454, 2.0463, -0.0966, -0.0031, 0.0261] err_to_target=0.0336 (read 26ms)
2026-08-25 14:04:20.881 [A/5] fb ok t+11.489 j=[0.701, -0.2454, 2.0463, -0.0966, -0.0031, 0.0261] err_to_target=0.0336 (read 27ms)
2026-08-25 14:04:20.986 [A/5] fb ok t+11.594 j=[0.701, -0.2454, 2.0463, -0.0966, -0.0031, 0.0261] err_to_target=0.0336 (read 28ms)
2026-08-25 14:04:21.091 [A/5] fb ok t+11.695 j=[0.701, -0.2454, 2.0463, -0.0966, -0.0031, 0.0261] err_to_target=0.0336 (read 31ms)
2026-08-25 14:04:21.196 [A/5] fb ok t+11.799 j=[0.701, -0.2454, 2.0463, -0.0966, -0.0031, 0.0261] err_to_target=0.0336 (read 32ms)
2026-08-25 14:04:21.301 [A/5] fb ok t+11.903 j=[0.701, -0.2454, 2.0463, -0.0966, -0.0031, 0.0261] err_to_target=0.0336 (read 33ms)
2026-08-25 14:04:21.405 [A/5] fb ok t+12.008 j=[0.701, -0.2454, 2.0463, -0.0966, -0.0031, 0.0261] err_to_target=0.0336 (read 33ms)
2026-08-25 14:04:21.510 [A/5] fb ok t+12.112 j=[0.701, -0.2454, 2.0463, -0.0966, -0.0031, 0.0261] err_to_target=0.0336 (read 34ms)
2026-08-25 14:04:21.615 [A/5] fb ok t+12.216 j=[0.701, -0.2454, 2.0463, -0.0966, -0.0031, 0.0261] err_to_target=0.0336 (read 35ms)
2026-08-25 14:04:21.720 [A/5] fb ok t+12.320 j=[0.701, -0.2454, 2.0463, -0.0966, -0.0031, 0.0261] err_to_target=0.0336 (read 36ms)
2026-08-25 14:04:21.825 [A/5] fb ok t+12.424 j=[0.701, -0.2454, 2.0463, -0.0966, -0.0031, 0.0261] err_to_target=0.0336 (read 37ms)
2026-08-25 14:04:21.931 [A/5] fb ok t+12.527 j=[0.701, -0.2454, 2.0463, -0.0966, -0.0031, 0.0261] err_to_target=0.0336 (read 39ms)
2026-08-25 14:04:22.035 [A/5] fb ok t+12.631 j=[0.701, -0.2454, 2.0463, -0.0966, -0.0031, 0.0261] err_to_target=0.0336 (read 40ms)
2026-08-25 14:04:22.140 [A/5] fb ok t+12.735 j=[0.701, -0.2454, 2.0463, -0.0966, -0.0031, 0.0261] err_to_target=0.0336 (read 41ms)
2026-08-25 14:04:22.245 [A/5] fb ok t+12.838 j=[0.701, -0.2454, 2.0463, -0.0966, -0.0031, 0.0261] err_to_target=0.0336 (read 43ms)
2026-08-25 14:04:22.350 [A/5] fb ok t+12.942 j=[0.701, -0.2454, 2.0463, -0.0966, -0.0031, 0.0261] err_to_target=0.0336 (read 44ms)
2026-08-25 14:04:22.455 [A/5] fb ok t+13.044 j=[0.701, -0.2454, 2.0463, -0.0966, -0.0031, 0.0261] err_to_target=0.0336 (read 47ms)
2026-08-25 14:04:22.560 [A/5] fb ok t+13.147 j=[0.701, -0.2454, 2.0463, -0.0966, -0.0031, 0.0261] err_to_target=0.0336 (read 48ms)
2026-08-25 14:04:22.665 [A/5] fb ok t+13.251 j=[0.701, -0.2454, 2.0463, -0.0966, -0.0031, 0.0261] err_to_target=0.0336 (read 50ms)
2026-08-25 14:04:22.770 [A/5] fb ok t+13.354 j=[0.701, -0.2454, 2.0463, -0.0966, -0.0031, 0.0261] err_to_target=0.0336 (read 52ms)
2026-08-25 14:04:22.875 [A/5] fb ok t+13.456 j=[0.701, -0.2454, 2.0463, -0.0966, -0.0031, 0.0261] err_to_target=0.0336 (read 54ms)
2026-08-25 14:04:22.980 [A/5] fb ok t+13.559 j=[0.701, -0.2454, 2.0463, -0.0966, -0.0031, 0.0261] err_to_target=0.0336 (read 56ms)
2026-08-25 14:04:23.085 [A/5] fb ok t+13.662 j=[0.701, -0.2454, 2.0463, -0.0966, -0.0031, 0.0261] err_to_target=0.0336 (read 59ms)
2026-08-25 14:04:23.155 [A/5] fb ok t+13.763 j=[0.701, -0.2454, 2.0463, -0.0966, -0.0031, 0.0261] err_to_target=0.0336 (read 28ms)
2026-08-25 14:04:23.260 [A/5] fb ok t+13.865 j=[0.701, -0.2454, 2.0463, -0.0966, -0.0031, 0.0261] err_to_target=0.0336 (read 31ms)
2026-08-25 14:04:23.365 [A/5] fb ok t+13.969 j=[0.701, -0.2454, 2.0463, -0.0966, -0.0031, 0.0261] err_to_target=0.0336 (read 32ms)
2026-08-25 14:04:23.470 [A/5] fb ok t+14.074 j=[0.701, -0.2454, 2.0463, -0.0966, -0.0031, 0.0261] err_to_target=0.0336 (read 32ms)
2026-08-25 14:04:23.575 [A/5] fb ok t+14.175 j=[0.701, -0.2454, 2.0463, -0.0966, -0.0031, 0.0261] err_to_target=0.0336 (read 36ms)
2026-08-25 14:04:23.680 [A/5] fb ok t+14.279 j=[0.701, -0.2454, 2.0463, -0.0966, -0.0031, 0.0261] err_to_target=0.0336 (read 37ms)
2026-08-25 14:04:23.785 [A/5] fb ok t+14.380 j=[0.701, -0.2454, 2.0463, -0.0966, -0.0031, 0.0261] err_to_target=0.0336 (read 40ms)
2026-08-25 14:04:23.890 [A/5] fb ok t+14.484 j=[0.701, -0.2454, 2.0463, -0.0966, -0.0031, 0.0261] err_to_target=0.0336 (read 42ms)
2026-08-25 14:04:23.995 [A/5] fb ok t+14.587 j=[0.701, -0.2454, 2.0463, -0.0966, -0.0031, 0.0261] err_to_target=0.0336 (read 43ms)
2026-08-25 14:04:24.100 [A/5] fb ok t+14.691 j=[0.701, -0.2454, 2.0463, -0.0966, -0.0031, 0.0261] err_to_target=0.0336 (read 45ms)
2026-08-25 14:04:24.205 [A/5] fb ok t+14.794 j=[0.701, -0.2454, 2.0463, -0.0966, -0.0031, 0.0261] err_to_target=0.0336 (read 47ms)
2026-08-25 14:04:24.310 [A/5] fb ok t+14.898 j=[0.701, -0.2454, 2.0463, -0.0966, -0.0031, 0.0261] err_to_target=0.0336 (read 48ms)
2026-08-25 14:04:24.415 [A/5] fb ok t+15.001 j=[0.701, -0.2454, 2.0463, -0.0966, -0.0031, 0.0261] err_to_target=0.0336 (read 50ms)
2026-08-25 14:04:44.587 [A/6]pre SETUP move to [0.6674, -0.2531, 2.0371, -0.0918, -0.0031, 0.0261] (repeated target, not measured)
2026-08-25 14:05:19.667 [A/6]pre SETUP done sends=66 settled=False final=[0.6995, -0.2454, 2.0463, -0.0966, -0.0031, 0.0261]
2026-08-25 14:05:19.667 [A/6]pre WARNING: setup move did not settle; continuing (pose drift possible)
2026-08-25 14:05:19.667 [A/6] dwell 3.0s before send
2026-08-25 14:05:21.108 [A/6] SENT T=102 B->A target=[0.7547, -0.2531, 2.0371, -0.1442, -0.0031, 0.0261] ([43.24, -14.5, 116.72, -8.26, -0.18, 1.5]) speed=180 acc=10 ret=b'{"T": 102, "base": 0.7547, "shoulder": -0.2531, "elbow": 2.0371, "wrist": -0.1442, "roll": -0.0031, "hand": 3.115492653589793, "spd": 180, "acc": 10}\n'
2026-08-25 14:05:21.143 [A/6] fb ok t+0.017 j=[0.6995, -0.2454, 2.0463, -0.0966, -0.0031, 0.0261] err_to_target=0.0552 (read 35ms)
2026-08-25 14:05:21.252 [A/6] fb ok t+0.121 j=[0.6995, -0.2454, 2.0463, -0.0966, -0.0031, 0.0261] err_to_target=0.0552 (read 40ms)
2026-08-25 14:05:21.357 [A/6] fb ok t+0.222 j=[0.6995, -0.2454, 2.0463, -0.1028, -0.0031, 0.0261] err_to_target=0.0552 (read 45ms)
2026-08-25 14:05:21.462 [A/6] MOTION toward target (joint=wrist) latency=0.325s dev=0.0245
2026-08-25 14:05:21.462 [A/6] fb ok t+0.325 j=[0.701, -0.2454, 2.0463, -0.1212, -0.0031, 0.0261] err_to_target=0.0537 (read 46ms)
2026-08-25 14:05:21.567 [A/6] fb ok t+0.426 j=[0.7102, -0.2454, 2.0463, -0.1289, -0.0031, 0.0261] err_to_target=0.0445 (read 50ms)
2026-08-25 14:05:21.672 [A/6] fb ok t+0.529 j=[0.724, -0.2454, 2.0463, -0.1289, -0.0031, 0.0261] err_to_target=0.0307 (read 52ms)
2026-08-25 14:05:21.777 [A/6] fb ok t+0.632 j=[0.724, -0.2454, 2.0463, -0.1289, -0.0031, 0.0261] err_to_target=0.0307 (read 54ms)
2026-08-25 14:05:21.882 [A/6] fb ok t+0.735 j=[0.724, -0.2454, 2.0463, -0.1289, -0.0031, 0.0261] err_to_target=0.0307 (read 56ms)
2026-08-25 14:05:21.987 [A/6] fb ok t+0.837 j=[0.724, -0.2454, 2.0463, -0.1289, -0.0031, 0.0261] err_to_target=0.0307 (read 59ms)
2026-08-25 14:05:22.057 [A/6] fb ok t+0.940 j=[0.724, -0.2454, 2.0463, -0.1289, -0.0031, 0.0261] err_to_target=0.0307 (read 27ms)
2026-08-25 14:05:22.162 [A/6] fb ok t+1.044 j=[0.724, -0.2454, 2.0463, -0.1289, -0.0031, 0.0261] err_to_target=0.0307 (read 27ms)
2026-08-25 14:05:22.267 [A/6] fb ok t+1.148 j=[0.724, -0.2454, 2.0463, -0.1289, -0.0031, 0.0261] err_to_target=0.0307 (read 28ms)
2026-08-25 14:05:22.372 [A/6] fb ok t+1.253 j=[0.724, -0.2454, 2.0463, -0.1289, -0.0031, 0.0261] err_to_target=0.0307 (read 29ms)
2026-08-25 14:05:22.477 [A/6] fb ok t+1.357 j=[0.724, -0.2454, 2.0463, -0.1289, -0.0031, 0.0261] err_to_target=0.0307 (read 29ms)
2026-08-25 14:05:22.582 [A/6] fb ok t+1.459 j=[0.724, -0.2454, 2.0463, -0.1289, -0.0031, 0.0261] err_to_target=0.0307 (read 32ms)
2026-08-25 14:05:22.687 [A/6] fb ok t+1.561 j=[0.724, -0.2454, 2.0463, -0.1289, -0.0031, 0.0261] err_to_target=0.0307 (read 36ms)
2026-08-25 14:05:22.792 [A/6] fb ok t+1.665 j=[0.724, -0.2454, 2.0463, -0.1289, -0.0031, 0.0261] err_to_target=0.0307 (read 37ms)
2026-08-25 14:05:22.897 [A/6] fb ok t+1.768 j=[0.724, -0.2454, 2.0463, -0.1289, -0.0031, 0.0261] err_to_target=0.0307 (read 38ms)
2026-08-25 14:05:23.002 [A/6] fb ok t+1.872 j=[0.724, -0.2454, 2.0463, -0.1289, -0.0031, 0.0261] err_to_target=0.0307 (read 39ms)
2026-08-25 14:05:23.107 [A/6] fb ok t+1.973 j=[0.724, -0.2454, 2.0463, -0.1289, -0.0031, 0.0261] err_to_target=0.0307 (read 43ms)
2026-08-25 14:05:23.212 [A/6] fb ok t+2.077 j=[0.724, -0.2454, 2.0463, -0.1289, -0.0031, 0.0261] err_to_target=0.0307 (read 45ms)
2026-08-25 14:05:23.317 [A/6] fb ok t+2.180 j=[0.724, -0.2454, 2.0463, -0.1289, -0.0031, 0.0261] err_to_target=0.0307 (read 46ms)
2026-08-25 14:05:23.422 [A/6] fb ok t+2.280 j=[0.724, -0.2454, 2.0463, -0.1289, -0.0031, 0.0261] err_to_target=0.0307 (read 51ms)
2026-08-25 14:05:23.527 [A/6] fb ok t+2.381 j=[0.724, -0.2454, 2.0463, -0.1289, -0.0031, 0.0261] err_to_target=0.0307 (read 55ms)
2026-08-25 14:05:23.632 [A/6] fb ok t+2.484 j=[0.724, -0.2454, 2.0463, -0.1289, -0.0031, 0.0261] err_to_target=0.0307 (read 57ms)
2026-08-25 14:05:23.737 [A/6] fb ok t+2.586 j=[0.724, -0.2454, 2.0463, -0.1289, -0.0031, 0.0261] err_to_target=0.0307 (read 60ms)
2026-08-25 14:05:23.807 [A/6] fb ok t+2.689 j=[0.724, -0.2454, 2.0463, -0.1289, -0.0031, 0.0261] err_to_target=0.0307 (read 28ms)
2026-08-25 14:05:23.912 [A/6] fb ok t+2.792 j=[0.724, -0.2454, 2.0463, -0.1289, -0.0031, 0.0261] err_to_target=0.0307 (read 30ms)
2026-08-25 14:05:24.017 [A/6] fb ok t+2.896 j=[0.724, -0.2454, 2.0463, -0.1289, -0.0031, 0.0261] err_to_target=0.0307 (read 31ms)
2026-08-25 14:05:24.122 [A/6] fb ok t+3.000 j=[0.724, -0.2454, 2.0463, -0.1289, -0.0031, 0.0261] err_to_target=0.0307 (read 32ms)
2026-08-25 14:05:24.227 [A/6] fb ok t+3.102 j=[0.724, -0.2454, 2.0463, -0.1289, -0.0031, 0.0261] err_to_target=0.0307 (read 35ms)
2026-08-25 14:05:24.332 [A/6] fb ok t+3.205 j=[0.724, -0.2454, 2.0463, -0.1289, -0.0031, 0.0261] err_to_target=0.0307 (read 36ms)
2026-08-25 14:05:24.437 [A/6] fb ok t+3.309 j=[0.724, -0.2454, 2.0463, -0.1289, -0.0031, 0.0261] err_to_target=0.0307 (read 37ms)
2026-08-25 14:05:24.542 [A/6] fb ok t+3.413 j=[0.724, -0.2454, 2.0463, -0.1289, -0.0031, 0.0261] err_to_target=0.0307 (read 38ms)
2026-08-25 14:05:24.647 [A/6] fb ok t+3.517 j=[0.724, -0.2454, 2.0463, -0.1289, -0.0031, 0.0261] err_to_target=0.0307 (read 40ms)
2026-08-25 14:05:24.752 [A/6] fb ok t+3.619 j=[0.724, -0.2454, 2.0463, -0.1289, -0.0031, 0.0261] err_to_target=0.0307 (read 42ms)
2026-08-25 14:05:24.857 [A/6] fb ok t+3.720 j=[0.724, -0.2454, 2.0463, -0.1289, -0.0031, 0.0261] err_to_target=0.0307 (read 47ms)
2026-08-25 14:05:24.962 [A/6] fb ok t+3.823 j=[0.724, -0.2454, 2.0463, -0.1289, -0.0031, 0.0261] err_to_target=0.0307 (read 48ms)
2026-08-25 14:05:25.067 [A/6] fb ok t+3.926 j=[0.724, -0.2454, 2.0463, -0.1289, -0.0031, 0.0261] err_to_target=0.0307 (read 50ms)
2026-08-25 14:05:25.172 [A/6] fb ok t+4.029 j=[0.724, -0.2454, 2.0463, -0.1289, -0.0031, 0.0261] err_to_target=0.0307 (read 52ms)
2026-08-25 14:05:25.277 [A/6] fb ok t+4.130 j=[0.724, -0.2454, 2.0463, -0.1289, -0.0031, 0.0261] err_to_target=0.0307 (read 57ms)
2026-08-25 14:05:25.382 [A/6] fb ok t+4.232 j=[0.724, -0.2454, 2.0463, -0.1289, -0.0031, 0.0261] err_to_target=0.0307 (read 59ms)
2026-08-25 14:05:25.452 [A/6] fb ok t+4.335 j=[0.724, -0.2454, 2.0463, -0.1289, -0.0031, 0.0261] err_to_target=0.0307 (read 27ms)
2026-08-25 14:05:25.557 [A/6] fb ok t+4.439 j=[0.724, -0.2454, 2.0463, -0.1289, -0.0031, 0.0261] err_to_target=0.0307 (read 27ms)
2026-08-25 14:05:25.662 [A/6] fb ok t+4.544 j=[0.724, -0.2454, 2.0463, -0.1289, -0.0031, 0.0261] err_to_target=0.0307 (read 28ms)
2026-08-25 14:05:25.768 [A/6] fb ok t+4.648 j=[0.724, -0.2454, 2.0463, -0.1289, -0.0031, 0.0261] err_to_target=0.0307 (read 28ms)
2026-08-25 14:05:25.873 [A/6] fb ok t+4.753 j=[0.724, -0.2454, 2.0463, -0.1289, -0.0031, 0.0261] err_to_target=0.0307 (read 29ms)
2026-08-25 14:05:25.977 [A/6] fb ok t+4.857 j=[0.724, -0.2454, 2.0463, -0.1289, -0.0031, 0.0261] err_to_target=0.0307 (read 30ms)
2026-08-25 14:05:26.083 [A/6] fb ok t+4.961 j=[0.724, -0.2454, 2.0463, -0.1289, -0.0031, 0.0261] err_to_target=0.0307 (read 31ms)
2026-08-25 14:05:26.188 [A/6] fb ok t+5.065 j=[0.724, -0.2454, 2.0463, -0.1289, -0.0031, 0.0261] err_to_target=0.0307 (read 31ms)
2026-08-25 14:05:26.292 [A/6] fb ok t+5.169 j=[0.724, -0.2454, 2.0463, -0.1289, -0.0031, 0.0261] err_to_target=0.0307 (read 32ms)
2026-08-25 14:05:26.397 [A/6] fb ok t+5.274 j=[0.724, -0.2454, 2.0463, -0.1289, -0.0031, 0.0261] err_to_target=0.0307 (read 33ms)
2026-08-25 14:05:26.502 [A/6] fb ok t+5.378 j=[0.724, -0.2454, 2.0463, -0.1289, -0.0031, 0.0261] err_to_target=0.0307 (read 34ms)
2026-08-25 14:05:26.607 [A/6] fb ok t+5.482 j=[0.724, -0.2454, 2.0463, -0.1289, -0.0031, 0.0261] err_to_target=0.0307 (read 35ms)
2026-08-25 14:05:26.713 [A/6] fb ok t+5.586 j=[0.724, -0.2454, 2.0463, -0.1289, -0.0031, 0.0261] err_to_target=0.0307 (read 36ms)
2026-08-25 14:05:26.817 [A/6] fb ok t+5.689 j=[0.724, -0.2454, 2.0463, -0.1289, -0.0031, 0.0261] err_to_target=0.0307 (read 37ms)
2026-08-25 14:05:26.922 [A/6] fb ok t+5.793 j=[0.724, -0.2454, 2.0463, -0.1289, -0.0031, 0.0261] err_to_target=0.0307 (read 38ms)
2026-08-25 14:05:27.027 [A/6] fb ok t+5.897 j=[0.724, -0.2454, 2.0463, -0.1289, -0.0031, 0.0261] err_to_target=0.0307 (read 40ms)
2026-08-25 14:05:27.132 [A/6] fb ok t+6.001 j=[0.724, -0.2454, 2.0463, -0.1289, -0.0031, 0.0261] err_to_target=0.0307 (read 41ms)
2026-08-25 14:05:27.237 [A/6] fb ok t+6.102 j=[0.724, -0.2454, 2.0463, -0.1289, -0.0031, 0.0261] err_to_target=0.0307 (read 45ms)
2026-08-25 14:05:27.342 [A/6] fb ok t+6.205 j=[0.724, -0.2454, 2.0463, -0.1289, -0.0031, 0.0261] err_to_target=0.0307 (read 47ms)
2026-08-25 14:05:27.447 [A/6] fb ok t+6.307 j=[0.724, -0.2454, 2.0463, -0.1289, -0.0031, 0.0261] err_to_target=0.0307 (read 50ms)
2026-08-25 14:05:27.552 [A/6] fb ok t+6.410 j=[0.724, -0.2454, 2.0463, -0.1289, -0.0031, 0.0261] err_to_target=0.0307 (read 52ms)
2026-08-25 14:05:27.657 [A/6] fb ok t+6.512 j=[0.724, -0.2454, 2.0463, -0.1289, -0.0031, 0.0261] err_to_target=0.0307 (read 54ms)
2026-08-25 14:05:27.762 [A/6] fb ok t+6.615 j=[0.724, -0.2454, 2.0463, -0.1289, -0.0031, 0.0261] err_to_target=0.0307 (read 56ms)
2026-08-25 14:05:27.867 [A/6] fb ok t+6.718 j=[0.724, -0.2454, 2.0463, -0.1289, -0.0031, 0.0261] err_to_target=0.0307 (read 59ms)
2026-08-25 14:05:27.938 [A/6] fb ok t+6.820 j=[0.724, -0.2454, 2.0463, -0.1289, -0.0031, 0.0261] err_to_target=0.0307 (read 27ms)
2026-08-25 14:05:28.043 [A/6] fb ok t+6.925 j=[0.724, -0.2454, 2.0463, -0.1289, -0.0031, 0.0261] err_to_target=0.0307 (read 27ms)
2026-08-25 14:05:28.148 [A/6] fb ok t+7.029 j=[0.724, -0.2454, 2.0463, -0.1289, -0.0031, 0.0261] err_to_target=0.0307 (read 28ms)
2026-08-25 14:05:28.253 [A/6] fb ok t+7.134 j=[0.724, -0.2454, 2.0463, -0.1289, -0.0031, 0.0261] err_to_target=0.0307 (read 28ms)
2026-08-25 14:05:28.358 [A/6] fb ok t+7.238 j=[0.724, -0.2454, 2.0463, -0.1289, -0.0031, 0.0261] err_to_target=0.0307 (read 29ms)
2026-08-25 14:05:28.463 [A/6] fb ok t+7.341 j=[0.724, -0.2454, 2.0463, -0.1289, -0.0031, 0.0261] err_to_target=0.0307 (read 31ms)
2026-08-25 14:05:28.568 [A/6] fb ok t+7.443 j=[0.724, -0.2454, 2.0463, -0.1289, -0.0031, 0.0261] err_to_target=0.0307 (read 34ms)
2026-08-25 14:05:28.673 [A/6] fb ok t+7.547 j=[0.724, -0.2454, 2.0463, -0.1289, -0.0031, 0.0261] err_to_target=0.0307 (read 35ms)
2026-08-25 14:05:28.778 [A/6] fb ok t+7.651 j=[0.724, -0.2454, 2.0463, -0.1289, -0.0031, 0.0261] err_to_target=0.0307 (read 36ms)
2026-08-25 14:05:28.883 [A/6] fb ok t+7.755 j=[0.724, -0.2454, 2.0463, -0.1289, -0.0031, 0.0261] err_to_target=0.0307 (read 37ms)
2026-08-25 14:05:28.988 [A/6] fb ok t+7.858 j=[0.724, -0.2454, 2.0463, -0.1289, -0.0031, 0.0261] err_to_target=0.0307 (read 39ms)
2026-08-25 14:05:29.093 [A/6] fb ok t+7.962 j=[0.724, -0.2454, 2.0463, -0.1289, -0.0031, 0.0261] err_to_target=0.0307 (read 40ms)
2026-08-25 14:05:29.198 [A/6] fb ok t+8.066 j=[0.724, -0.2454, 2.0463, -0.1289, -0.0031, 0.0261] err_to_target=0.0307 (read 41ms)
2026-08-25 14:05:29.303 [A/6] fb ok t+8.169 j=[0.724, -0.2454, 2.0463, -0.1289, -0.0031, 0.0261] err_to_target=0.0307 (read 43ms)
2026-08-25 14:05:29.408 [A/6] fb ok t+8.273 j=[0.7256, -0.2454, 2.0463, -0.1289, -0.0031, 0.0261] err_to_target=0.0291 (read 44ms)
2026-08-25 14:05:29.513 [A/6] fb ok t+8.376 j=[0.7256, -0.2454, 2.0463, -0.1289, -0.0031, 0.0261] err_to_target=0.0291 (read 46ms)
2026-08-25 14:05:29.617 [A/6] fb ok t+8.479 j=[0.7256, -0.2454, 2.0463, -0.1289, -0.0031, 0.0261] err_to_target=0.0291 (read 47ms)
2026-08-25 14:05:29.722 [A/6] fb ok t+8.583 j=[0.7256, -0.2454, 2.0463, -0.1289, -0.0031, 0.0261] err_to_target=0.0291 (read 49ms)
2026-08-25 14:05:29.827 [A/6] fb ok t+8.683 j=[0.7256, -0.2454, 2.0463, -0.1289, -0.0031, 0.0261] err_to_target=0.0291 (read 54ms)
2026-08-25 14:05:29.932 [A/6] fb ok t+8.786 j=[0.7256, -0.2454, 2.0463, -0.1289, -0.0031, 0.0261] err_to_target=0.0291 (read 56ms)
2026-08-25 14:05:30.037 [A/6] fb ok t+8.888 j=[0.7256, -0.2454, 2.0463, -0.1289, -0.0031, 0.0261] err_to_target=0.0291 (read 58ms)
2026-08-25 14:05:30.108 [A/6] fb ok t+8.990 j=[0.7256, -0.2454, 2.0463, -0.1289, -0.0031, 0.0261] err_to_target=0.0291 (read 27ms)
2026-08-25 14:05:30.213 [A/6] fb ok t+9.092 j=[0.7256, -0.2454, 2.0463, -0.1289, -0.0031, 0.0261] err_to_target=0.0291 (read 30ms)
2026-08-25 14:05:30.318 [A/6] fb ok t+9.196 j=[0.7256, -0.2454, 2.0463, -0.1289, -0.0031, 0.0261] err_to_target=0.0291 (read 31ms)
2026-08-25 14:05:30.423 [A/6] fb ok t+9.300 j=[0.7256, -0.2454, 2.0463, -0.1289, -0.0031, 0.0261] err_to_target=0.0291 (read 32ms)
2026-08-25 14:05:30.528 [A/6] fb ok t+9.404 j=[0.7256, -0.2454, 2.0463, -0.1289, -0.0031, 0.0261] err_to_target=0.0291 (read 33ms)
2026-08-25 14:05:30.633 [A/6] fb ok t+9.508 j=[0.7256, -0.2454, 2.0463, -0.1289, -0.0031, 0.0261] err_to_target=0.0291 (read 34ms)
2026-08-25 14:05:30.738 [A/6] fb ok t+9.612 j=[0.7256, -0.2454, 2.0463, -0.1289, -0.0031, 0.0261] err_to_target=0.0291 (read 35ms)
2026-08-25 14:05:30.843 [A/6] fb ok t+9.716 j=[0.7256, -0.2454, 2.0463, -0.1289, -0.0031, 0.0261] err_to_target=0.0291 (read 36ms)
2026-08-25 14:05:30.948 [A/6] fb ok t+9.820 j=[0.7256, -0.2454, 2.0463, -0.1289, -0.0031, 0.0261] err_to_target=0.0291 (read 37ms)
2026-08-25 14:05:31.053 [A/6] fb ok t+9.924 j=[0.7256, -0.2454, 2.0463, -0.1289, -0.0031, 0.0261] err_to_target=0.0291 (read 38ms)
2026-08-25 14:05:31.158 [A/6] fb ok t+10.025 j=[0.7256, -0.2454, 2.0463, -0.1289, -0.0031, 0.0261] err_to_target=0.0291 (read 42ms)
2026-08-25 14:05:31.263 [A/6] fb ok t+10.129 j=[0.7256, -0.2454, 2.0463, -0.1289, -0.0031, 0.0261] err_to_target=0.0291 (read 43ms)
2026-08-25 14:05:31.368 [A/6] fb ok t+10.232 j=[0.7256, -0.2454, 2.0463, -0.1289, -0.0031, 0.0261] err_to_target=0.0291 (read 45ms)
2026-08-25 14:05:31.473 [A/6] fb ok t+10.334 j=[0.7256, -0.2454, 2.0463, -0.1289, -0.0031, 0.0261] err_to_target=0.0291 (read 48ms)
2026-08-25 14:05:31.578 [A/6] fb ok t+10.437 j=[0.7256, -0.2454, 2.0463, -0.1289, -0.0031, 0.0261] err_to_target=0.0291 (read 49ms)
2026-08-25 14:05:31.683 [A/6] fb ok t+10.540 j=[0.7256, -0.2454, 2.0463, -0.1289, -0.0031, 0.0261] err_to_target=0.0291 (read 51ms)
2026-08-25 14:05:31.788 [A/6] fb ok t+10.643 j=[0.7256, -0.2454, 2.0463, -0.1289, -0.0031, 0.0261] err_to_target=0.0291 (read 53ms)
2026-08-25 14:05:31.892 [A/6] fb ok t+10.746 j=[0.7256, -0.2454, 2.0463, -0.1289, -0.0031, 0.0261] err_to_target=0.0291 (read 56ms)
2026-08-25 14:05:31.998 [A/6] fb ok t+10.849 j=[0.7256, -0.2454, 2.0463, -0.1289, -0.0031, 0.0261] err_to_target=0.0291 (read 58ms)
2026-08-25 14:05:32.068 [A/6] fb ok t+10.951 j=[0.7256, -0.2454, 2.0463, -0.1289, -0.0031, 0.0261] err_to_target=0.0291 (read 26ms)
2026-08-25 14:05:32.173 [A/6] fb ok t+11.056 j=[0.7256, -0.2454, 2.0463, -0.1289, -0.0031, 0.0261] err_to_target=0.0291 (read 26ms)
2026-08-25 14:05:32.278 [A/6] fb ok t+11.160 j=[0.7256, -0.2454, 2.0463, -0.1289, -0.0031, 0.0261] err_to_target=0.0291 (read 27ms)
2026-08-25 14:05:32.383 [A/6] fb ok t+11.261 j=[0.7256, -0.2454, 2.0463, -0.1289, -0.0031, 0.0261] err_to_target=0.0291 (read 31ms)
2026-08-25 14:05:32.488 [A/6] fb ok t+11.365 j=[0.7256, -0.2454, 2.0463, -0.1289, -0.0031, 0.0261] err_to_target=0.0291 (read 32ms)
2026-08-25 14:05:32.593 [A/6] fb ok t+11.469 j=[0.7256, -0.2454, 2.0463, -0.1289, -0.0031, 0.0261] err_to_target=0.0291 (read 33ms)
2026-08-25 14:05:32.698 [A/6] fb ok t+11.573 j=[0.7256, -0.2454, 2.0463, -0.1289, -0.0031, 0.0261] err_to_target=0.0291 (read 34ms)
2026-08-25 14:05:32.803 [A/6] fb ok t+11.677 j=[0.7256, -0.2454, 2.0463, -0.1289, -0.0031, 0.0261] err_to_target=0.0291 (read 35ms)
2026-08-25 14:05:32.908 [A/6] fb ok t+11.781 j=[0.7256, -0.2454, 2.0463, -0.1289, -0.0031, 0.0261] err_to_target=0.0291 (read 36ms)
2026-08-25 14:05:33.013 [A/6] fb ok t+11.885 j=[0.7256, -0.2454, 2.0463, -0.1289, -0.0031, 0.0261] err_to_target=0.0291 (read 37ms)
2026-08-25 14:05:33.118 [A/6] fb ok t+11.989 j=[0.7256, -0.2454, 2.0463, -0.1289, -0.0031, 0.0261] err_to_target=0.0291 (read 38ms)
2026-08-25 14:05:33.223 [A/6] fb ok t+12.093 j=[0.7256, -0.2454, 2.0463, -0.1289, -0.0031, 0.0261] err_to_target=0.0291 (read 39ms)
2026-08-25 14:05:33.328 [A/6] fb ok t+12.196 j=[0.7256, -0.2454, 2.0463, -0.1289, -0.0031, 0.0261] err_to_target=0.0291 (read 41ms)
2026-08-25 14:05:33.433 [A/6] fb ok t+12.300 j=[0.7256, -0.2454, 2.0463, -0.1289, -0.0031, 0.0261] err_to_target=0.0291 (read 42ms)
2026-08-25 14:05:33.538 [A/6] fb ok t+12.402 j=[0.7256, -0.2454, 2.0463, -0.1289, -0.0031, 0.0261] err_to_target=0.0291 (read 46ms)
2026-08-25 14:05:33.643 [A/6] fb ok t+12.503 j=[0.7256, -0.2454, 2.0463, -0.1289, -0.0031, 0.0261] err_to_target=0.0291 (read 49ms)
2026-08-25 14:05:33.748 [A/6] fb ok t+12.606 j=[0.7256, -0.2454, 2.0463, -0.1289, -0.0031, 0.0261] err_to_target=0.0291 (read 51ms)
2026-08-25 14:05:33.853 [A/6] fb ok t+12.708 j=[0.7256, -0.2454, 2.0463, -0.1289, -0.0031, 0.0261] err_to_target=0.0291 (read 54ms)
2026-08-25 14:05:33.958 [A/6] fb ok t+12.811 j=[0.7256, -0.2454, 2.0463, -0.1289, -0.0031, 0.0261] err_to_target=0.0291 (read 56ms)
2026-08-25 14:05:34.063 [A/6] fb ok t+12.914 j=[0.7256, -0.2454, 2.0463, -0.1289, -0.0031, 0.0261] err_to_target=0.0291 (read 58ms)
2026-08-25 14:05:34.133 [A/6] fb ok t+13.016 j=[0.7256, -0.2454, 2.0463, -0.1289, -0.0031, 0.0261] err_to_target=0.0291 (read 26ms)
2026-08-25 14:05:34.238 [A/6] fb ok t+13.121 j=[0.7256, -0.2454, 2.0463, -0.1289, -0.0031, 0.0261] err_to_target=0.0291 (read 26ms)
2026-08-25 14:05:34.343 [A/6] fb ok t+13.225 j=[0.7256, -0.2454, 2.0463, -0.1289, -0.0031, 0.0261] err_to_target=0.0291 (read 27ms)
2026-08-25 14:05:34.448 [A/6] fb ok t+13.327 j=[0.7256, -0.2454, 2.0463, -0.1289, -0.0031, 0.0261] err_to_target=0.0291 (read 30ms)
2026-08-25 14:05:34.553 [A/6] fb ok t+13.431 j=[0.7256, -0.2454, 2.0463, -0.1289, -0.0031, 0.0261] err_to_target=0.0291 (read 31ms)
2026-08-25 14:05:34.658 [A/6] fb ok t+13.536 j=[0.7256, -0.2454, 2.0463, -0.1289, -0.0031, 0.0261] err_to_target=0.0291 (read 32ms)
2026-08-25 14:05:34.763 [A/6] fb ok t+13.640 j=[0.7256, -0.2454, 2.0463, -0.1289, -0.0031, 0.0261] err_to_target=0.0291 (read 33ms)
2026-08-25 14:05:34.868 [A/6] fb ok t+13.744 j=[0.7256, -0.2454, 2.0463, -0.1289, -0.0031, 0.0261] err_to_target=0.0291 (read 34ms)
2026-08-25 14:05:34.973 [A/6] fb ok t+13.848 j=[0.7256, -0.2454, 2.0463, -0.1289, -0.0031, 0.0261] err_to_target=0.0291 (read 35ms)
2026-08-25 14:05:35.078 [A/6] fb ok t+13.952 j=[0.7256, -0.2454, 2.0463, -0.1289, -0.0031, 0.0261] err_to_target=0.0291 (read 36ms)
2026-08-25 14:05:35.183 [A/6] fb ok t+14.053 j=[0.7256, -0.2454, 2.0463, -0.1289, -0.0031, 0.0261] err_to_target=0.0291 (read 39ms)
2026-08-25 14:05:35.288 [A/6] fb ok t+14.157 j=[0.7256, -0.2454, 2.0463, -0.1289, -0.0031, 0.0261] err_to_target=0.0291 (read 41ms)
2026-08-25 14:05:35.393 [A/6] fb ok t+14.258 j=[0.7256, -0.2454, 2.0463, -0.1289, -0.0031, 0.0261] err_to_target=0.0291 (read 45ms)
2026-08-25 14:05:35.498 [A/6] fb ok t+14.361 j=[0.7256, -0.2454, 2.0463, -0.1289, -0.0031, 0.0261] err_to_target=0.0291 (read 46ms)
2026-08-25 14:05:35.603 [A/6] fb ok t+14.464 j=[0.7256, -0.2454, 2.0463, -0.1289, -0.0031, 0.0261] err_to_target=0.0291 (read 48ms)
2026-08-25 14:05:35.708 [A/6] fb ok t+14.567 j=[0.7256, -0.2454, 2.0463, -0.1289, -0.0031, 0.0261] err_to_target=0.0291 (read 50ms)
2026-08-25 14:05:35.813 [A/6] fb ok t+14.668 j=[0.7256, -0.2454, 2.0463, -0.1289, -0.0031, 0.0261] err_to_target=0.0291 (read 54ms)
2026-08-25 14:05:35.918 [A/6] fb ok t+14.771 j=[0.7256, -0.2454, 2.0463, -0.1289, -0.0031, 0.0261] err_to_target=0.0291 (read 57ms)
2026-08-25 14:05:36.023 [A/6] fb ok t+14.873 j=[0.7256, -0.2454, 2.0463, -0.1289, -0.0031, 0.0261] err_to_target=0.0291 (read 59ms)
2026-08-25 14:05:36.093 [A/6] fb ok t+14.976 j=[0.7256, -0.2454, 2.0463, -0.1289, -0.0031, 0.0261] err_to_target=0.0291 (read 27ms)
2026-08-25 14:05:37.353 [A/7]pre already at target, no setup move needed
2026-08-25 14:05:37.353 [A/7] dwell 3.0s before send
2026-08-25 14:05:40.680 [A/7] SENT T=102 A->B target=[0.6674, -0.2531, 2.0371, -0.0918, -0.0031, 0.0261] ([38.24, -14.5, 116.72, -5.26, -0.18, 1.5]) speed=180 acc=10 ret=b'{"T": 102, "base": 0.6674335374002835, "shoulder": -0.2531, "elbow": 2.0371, "wrist": -0.0918401224401701, "roll": -0.0031, "hand": 3.115492653589793, "spd": 180, "acc": 10}\n'
2026-08-25 14:05:40.713 [A/7] fb ok t+0.020 j=[0.7256, -0.2454, 2.0463, -0.1289, -0.0031, 0.0261] err_to_target=0.0581 (read 33ms)
2026-08-25 14:05:40.823 [A/7] fb ok t+0.124 j=[0.7256, -0.2454, 2.0463, -0.1289, -0.0031, 0.0261] err_to_target=0.0581 (read 39ms)
2026-08-25 14:05:40.929 [A/7] fb ok t+0.228 j=[0.7256, -0.2454, 2.0463, -0.1227, -0.0031, 0.0261] err_to_target=0.0581 (read 41ms)
2026-08-25 14:05:41.034 [A/7] MOTION toward target (joint=wrist) latency=0.331s dev=0.0230
2026-08-25 14:05:41.034 [A/7] fb ok t+0.331 j=[0.7256, -0.2454, 2.0463, -0.1058, -0.0031, 0.0261] err_to_target=0.0581 (read 42ms)
2026-08-25 14:05:41.139 [A/7] fb ok t+0.435 j=[0.7148, -0.2454, 2.0463, -0.0966, -0.0031, 0.0261] err_to_target=0.0474 (read 43ms)
2026-08-25 14:05:41.243 [A/7] fb ok t+0.538 j=[0.701, -0.2454, 2.0463, -0.0966, -0.0031, 0.0261] err_to_target=0.0336 (read 44ms)
2026-08-25 14:05:41.348 [A/7] fb ok t+0.640 j=[0.701, -0.2454, 2.0463, -0.0966, -0.0031, 0.0261] err_to_target=0.0336 (read 48ms)
2026-08-25 14:05:41.453 [A/7] fb ok t+0.743 j=[0.701, -0.2454, 2.0463, -0.0966, -0.0031, 0.0261] err_to_target=0.0336 (read 50ms)
2026-08-25 14:05:41.558 [A/7] fb ok t+0.846 j=[0.701, -0.2454, 2.0463, -0.0966, -0.0031, 0.0261] err_to_target=0.0336 (read 52ms)
2026-08-25 14:05:41.663 [A/7] fb ok t+0.949 j=[0.701, -0.2454, 2.0463, -0.0966, -0.0031, 0.0261] err_to_target=0.0336 (read 54ms)
2026-08-25 14:05:41.768 [A/7] fb ok t+1.051 j=[0.701, -0.2454, 2.0463, -0.0966, -0.0031, 0.0261] err_to_target=0.0336 (read 56ms)
2026-08-25 14:05:41.873 [A/7] fb ok t+1.154 j=[0.701, -0.2454, 2.0463, -0.0966, -0.0031, 0.0261] err_to_target=0.0336 (read 59ms)
2026-08-25 14:05:41.944 [A/7] fb ok t+1.257 j=[0.701, -0.2454, 2.0463, -0.0966, -0.0031, 0.0261] err_to_target=0.0336 (read 26ms)
2026-08-25 14:05:42.049 [A/7] fb ok t+1.361 j=[0.701, -0.2454, 2.0463, -0.0966, -0.0031, 0.0261] err_to_target=0.0336 (read 27ms)
2026-08-25 14:05:42.154 [A/7] fb ok t+1.465 j=[0.701, -0.2454, 2.0463, -0.0966, -0.0031, 0.0261] err_to_target=0.0336 (read 28ms)
2026-08-25 14:05:42.259 [A/7] fb ok t+1.570 j=[0.701, -0.2454, 2.0463, -0.0966, -0.0031, 0.0261] err_to_target=0.0336 (read 28ms)
2026-08-25 14:05:42.364 [A/7] fb ok t+1.674 j=[0.701, -0.2454, 2.0463, -0.0966, -0.0031, 0.0261] err_to_target=0.0336 (read 29ms)
2026-08-25 14:05:42.469 [A/7] fb ok t+1.779 j=[0.701, -0.2454, 2.0463, -0.0966, -0.0031, 0.0261] err_to_target=0.0336 (read 30ms)
2026-08-25 14:05:42.574 [A/7] fb ok t+1.883 j=[0.701, -0.2454, 2.0463, -0.0966, -0.0031, 0.0261] err_to_target=0.0336 (read 30ms)
2026-08-25 14:05:42.679 [A/7] fb ok t+1.983 j=[0.701, -0.2454, 2.0463, -0.0966, -0.0031, 0.0261] err_to_target=0.0336 (read 35ms)
2026-08-25 14:05:42.784 [A/7] fb ok t+2.087 j=[0.701, -0.2454, 2.0463, -0.0966, -0.0031, 0.0261] err_to_target=0.0336 (read 36ms)
2026-08-25 14:05:42.889 [A/7] fb ok t+2.191 j=[0.701, -0.2454, 2.0463, -0.0966, -0.0031, 0.0261] err_to_target=0.0336 (read 37ms)
2026-08-25 14:05:42.994 [A/7] fb ok t+2.295 j=[0.701, -0.2454, 2.0463, -0.0966, -0.0031, 0.0261] err_to_target=0.0336 (read 38ms)
2026-08-25 14:05:43.099 [A/7] fb ok t+2.396 j=[0.701, -0.2454, 2.0463, -0.0966, -0.0031, 0.0261] err_to_target=0.0336 (read 42ms)
2026-08-25 14:05:43.204 [A/7] fb ok t+2.500 j=[0.701, -0.2454, 2.0463, -0.0966, -0.0031, 0.0261] err_to_target=0.0336 (read 44ms)
2026-08-25 14:05:43.309 [A/7] fb ok t+2.603 j=[0.701, -0.2454, 2.0463, -0.0966, -0.0031, 0.0261] err_to_target=0.0336 (read 45ms)
2026-08-25 14:05:43.414 [A/7] fb ok t+2.706 j=[0.701, -0.2454, 2.0463, -0.0966, -0.0031, 0.0261] err_to_target=0.0336 (read 47ms)
2026-08-25 14:05:43.519 [A/7] fb ok t+2.810 j=[0.701, -0.2454, 2.0463, -0.0966, -0.0031, 0.0261] err_to_target=0.0336 (read 48ms)
2026-08-25 14:05:43.624 [A/7] fb ok t+2.913 j=[0.701, -0.2454, 2.0463, -0.0966, -0.0031, 0.0261] err_to_target=0.0336 (read 50ms)
2026-08-25 14:05:43.729 [A/7] fb ok t+3.016 j=[0.701, -0.2454, 2.0463, -0.0966, -0.0031, 0.0261] err_to_target=0.0336 (read 53ms)
2026-08-25 14:05:43.834 [A/7] fb ok t+3.118 j=[0.701, -0.2454, 2.0463, -0.0966, -0.0031, 0.0261] err_to_target=0.0336 (read 55ms)
2026-08-25 14:05:43.939 [A/7] fb ok t+3.221 j=[0.701, -0.2454, 2.0463, -0.0966, -0.0031, 0.0261] err_to_target=0.0336 (read 57ms)
2026-08-25 14:05:44.044 [A/7] fb ok t+3.324 j=[0.701, -0.2454, 2.0463, -0.0966, -0.0031, 0.0261] err_to_target=0.0336 (read 59ms)
2026-08-25 14:05:44.114 [A/7] fb ok t+3.426 j=[0.701, -0.2454, 2.0463, -0.0966, -0.0031, 0.0261] err_to_target=0.0336 (read 27ms)
2026-08-25 14:05:44.219 [A/7] fb ok t+3.531 j=[0.701, -0.2454, 2.0463, -0.0966, -0.0031, 0.0261] err_to_target=0.0336 (read 28ms)
2026-08-25 14:05:44.324 [A/7] fb ok t+3.631 j=[0.701, -0.2454, 2.0463, -0.0966, -0.0031, 0.0261] err_to_target=0.0336 (read 33ms)
2026-08-25 14:05:44.429 [A/7] fb ok t+3.731 j=[0.701, -0.2454, 2.0463, -0.0966, -0.0031, 0.0261] err_to_target=0.0336 (read 38ms)
2026-08-25 14:05:44.534 [A/7] fb ok t+3.835 j=[0.701, -0.2454, 2.0463, -0.0966, -0.0031, 0.0261] err_to_target=0.0336 (read 39ms)
2026-08-25 14:05:44.639 [A/7] fb ok t+3.939 j=[0.701, -0.2454, 2.0463, -0.0966, -0.0031, 0.0261] err_to_target=0.0336 (read 40ms)
2026-08-25 14:05:44.745 [A/7] fb ok t+4.042 j=[0.701, -0.2454, 2.0463, -0.0966, -0.0031, 0.0261] err_to_target=0.0336 (read 42ms)
2026-08-25 14:05:44.850 [A/7] fb ok t+4.146 j=[0.701, -0.2454, 2.0463, -0.0966, -0.0031, 0.0261] err_to_target=0.0336 (read 43ms)
2026-08-25 14:05:44.955 [A/7] fb ok t+4.249 j=[0.701, -0.2454, 2.0463, -0.0966, -0.0031, 0.0261] err_to_target=0.0336 (read 45ms)
2026-08-25 14:05:45.060 [A/7] fb ok t+4.350 j=[0.701, -0.2454, 2.0463, -0.0966, -0.0031, 0.0261] err_to_target=0.0336 (read 49ms)
2026-08-25 14:05:45.165 [A/7] fb ok t+4.453 j=[0.701, -0.2454, 2.0463, -0.0966, -0.0031, 0.0261] err_to_target=0.0336 (read 51ms)
2026-08-25 14:05:45.270 [A/7] fb ok t+4.556 j=[0.701, -0.2454, 2.0463, -0.0966, -0.0031, 0.0261] err_to_target=0.0336 (read 53ms)
2026-08-25 14:05:45.375 [A/7] fb ok t+4.659 j=[0.701, -0.2454, 2.0463, -0.0966, -0.0031, 0.0261] err_to_target=0.0336 (read 55ms)
2026-08-25 14:05:45.480 [A/7] fb ok t+4.761 j=[0.701, -0.2454, 2.0463, -0.0966, -0.0031, 0.0261] err_to_target=0.0336 (read 58ms)
2026-08-25 14:05:45.551 [A/7] fb ok t+4.864 j=[0.701, -0.2454, 2.0463, -0.0966, -0.0031, 0.0261] err_to_target=0.0336 (read 26ms)
2026-08-25 14:05:45.656 [A/7] fb ok t+4.966 j=[0.701, -0.2454, 2.0463, -0.0966, -0.0031, 0.0261] err_to_target=0.0336 (read 29ms)
2026-08-25 14:05:45.761 [A/7] fb ok t+5.066 j=[0.701, -0.2454, 2.0463, -0.0966, -0.0031, 0.0261] err_to_target=0.0336 (read 34ms)
2026-08-25 14:05:45.866 [A/7] fb ok t+5.170 j=[0.701, -0.2454, 2.0463, -0.0966, -0.0031, 0.0261] err_to_target=0.0336 (read 35ms)
2026-08-25 14:05:45.971 [A/7] fb ok t+5.274 j=[0.701, -0.2454, 2.0463, -0.0966, -0.0031, 0.0261] err_to_target=0.0336 (read 36ms)
2026-08-25 14:05:46.076 [A/7] fb ok t+5.378 j=[0.701, -0.2454, 2.0463, -0.0966, -0.0031, 0.0261] err_to_target=0.0336 (read 38ms)
2026-08-25 14:05:46.181 [A/7] fb ok t+5.479 j=[0.701, -0.2454, 2.0463, -0.0966, -0.0031, 0.0261] err_to_target=0.0336 (read 42ms)
2026-08-25 14:05:46.286 [A/7] fb ok t+5.583 j=[0.701, -0.2454, 2.0463, -0.0966, -0.0031, 0.0261] err_to_target=0.0336 (read 43ms)
2026-08-25 14:05:46.390 [A/7] fb ok t+5.684 j=[0.701, -0.2454, 2.0463, -0.0966, -0.0031, 0.0261] err_to_target=0.0336 (read 46ms)
2026-08-25 14:05:46.495 [A/7] fb ok t+5.787 j=[0.701, -0.2454, 2.0463, -0.0966, -0.0031, 0.0261] err_to_target=0.0336 (read 47ms)
2026-08-25 14:05:46.600 [A/7] fb ok t+5.890 j=[0.701, -0.2454, 2.0463, -0.0966, -0.0031, 0.0261] err_to_target=0.0336 (read 50ms)
2026-08-25 14:05:46.705 [A/7] fb ok t+5.993 j=[0.701, -0.2454, 2.0463, -0.0966, -0.0031, 0.0261] err_to_target=0.0336 (read 52ms)
2026-08-25 14:05:46.811 [A/7] fb ok t+6.093 j=[0.701, -0.2454, 2.0463, -0.0966, -0.0031, 0.0261] err_to_target=0.0336 (read 57ms)
2026-08-25 14:05:46.915 [A/7] fb ok t+6.196 j=[0.701, -0.2454, 2.0463, -0.0966, -0.0031, 0.0261] err_to_target=0.0336 (read 59ms)
2026-08-25 14:05:46.986 [A/7] fb ok t+6.298 j=[0.701, -0.2454, 2.0463, -0.0966, -0.0031, 0.0261] err_to_target=0.0336 (read 27ms)
2026-08-25 14:05:47.091 [A/7] fb ok t+6.399 j=[0.701, -0.2454, 2.0463, -0.0966, -0.0031, 0.0261] err_to_target=0.0336 (read 32ms)
2026-08-25 14:05:47.196 [A/7] fb ok t+6.500 j=[0.701, -0.2454, 2.0463, -0.0966, -0.0031, 0.0261] err_to_target=0.0336 (read 36ms)
2026-08-25 14:05:47.301 [A/7] fb ok t+6.604 j=[0.701, -0.2454, 2.0463, -0.0966, -0.0031, 0.0261] err_to_target=0.0336 (read 37ms)
2026-08-25 14:05:47.406 [A/7] fb ok t+6.708 j=[0.701, -0.2454, 2.0463, -0.0966, -0.0031, 0.0261] err_to_target=0.0336 (read 38ms)
2026-08-25 14:05:47.511 [A/7] fb ok t+6.812 j=[0.701, -0.2454, 2.0463, -0.0966, -0.0031, 0.0261] err_to_target=0.0336 (read 39ms)
2026-08-25 14:05:47.617 [A/7] fb ok t+6.915 j=[0.701, -0.2454, 2.0463, -0.0966, -0.0031, 0.0261] err_to_target=0.0336 (read 41ms)
2026-08-25 14:05:47.722 [A/7] fb ok t+7.019 j=[0.701, -0.2454, 2.0463, -0.0966, -0.0031, 0.0261] err_to_target=0.0336 (read 42ms)
2026-08-25 14:05:47.827 [A/7] fb ok t+7.123 j=[0.701, -0.2454, 2.0463, -0.0966, -0.0031, 0.0261] err_to_target=0.0336 (read 44ms)
2026-08-25 14:05:47.932 [A/7] fb ok t+7.226 j=[0.701, -0.2454, 2.0463, -0.0966, -0.0031, 0.0261] err_to_target=0.0336 (read 46ms)
2026-08-25 14:05:48.037 [A/7] fb ok t+7.329 j=[0.701, -0.2454, 2.0463, -0.0966, -0.0031, 0.0261] err_to_target=0.0336 (read 47ms)
2026-08-25 14:05:48.142 [A/7] fb ok t+7.431 j=[0.701, -0.2454, 2.0463, -0.0966, -0.0031, 0.0261] err_to_target=0.0336 (read 50ms)
2026-08-25 14:05:48.247 [A/7] fb ok t+7.532 j=[0.701, -0.2454, 2.0463, -0.0966, -0.0031, 0.0261] err_to_target=0.0336 (read 54ms)
2026-08-25 14:05:48.352 [A/7] fb ok t+7.635 j=[0.701, -0.2454, 2.0463, -0.0966, -0.0031, 0.0261] err_to_target=0.0336 (read 57ms)
2026-08-25 14:05:48.423 [A/7] fb ok t+7.735 j=[0.701, -0.2454, 2.0463, -0.0966, -0.0031, 0.0261] err_to_target=0.0336 (read 27ms)
2026-08-25 14:05:48.528 [A/7] fb ok t+7.839 j=[0.701, -0.2454, 2.0463, -0.0966, -0.0031, 0.0261] err_to_target=0.0336 (read 28ms)
2026-08-25 14:05:48.633 [A/7] fb ok t+7.944 j=[0.701, -0.2454, 2.0463, -0.0966, -0.0031, 0.0261] err_to_target=0.0336 (read 28ms)
2026-08-25 14:05:48.738 [A/7] fb ok t+8.048 j=[0.701, -0.2454, 2.0463, -0.0966, -0.0031, 0.0261] err_to_target=0.0336 (read 29ms)
2026-08-25 14:05:48.843 [A/7] fb ok t+8.153 j=[0.701, -0.2454, 2.0463, -0.0966, -0.0031, 0.0261] err_to_target=0.0336 (read 30ms)
2026-08-25 14:05:48.948 [A/7] fb ok t+8.257 j=[0.701, -0.2454, 2.0463, -0.0966, -0.0031, 0.0261] err_to_target=0.0336 (read 31ms)
2026-08-25 14:05:49.053 [A/7] fb ok t+8.361 j=[0.701, -0.2454, 2.0463, -0.0966, -0.0031, 0.0261] err_to_target=0.0336 (read 32ms)
2026-08-25 14:05:49.158 [A/7] fb ok t+8.463 j=[0.701, -0.2454, 2.0463, -0.0966, -0.0031, 0.0261] err_to_target=0.0336 (read 35ms)
2026-08-25 14:05:49.263 [A/7] fb ok t+8.567 j=[0.701, -0.2454, 2.0463, -0.0966, -0.0031, 0.0261] err_to_target=0.0336 (read 36ms)
2026-08-25 14:05:49.368 [A/7] fb ok t+8.671 j=[0.701, -0.2454, 2.0463, -0.0966, -0.0031, 0.0261] err_to_target=0.0336 (read 37ms)
2026-08-25 14:05:49.474 [A/7] fb ok t+8.772 j=[0.701, -0.2454, 2.0463, -0.0966, -0.0031, 0.0261] err_to_target=0.0336 (read 41ms)
2026-08-25 14:05:49.579 [A/7] fb ok t+8.875 j=[0.701, -0.2454, 2.0463, -0.0966, -0.0031, 0.0261] err_to_target=0.0336 (read 43ms)
2026-08-25 14:05:49.684 [A/7] fb ok t+8.979 j=[0.701, -0.2454, 2.0463, -0.0966, -0.0031, 0.0261] err_to_target=0.0336 (read 45ms)
2026-08-25 14:05:49.789 [A/7] fb ok t+9.079 j=[0.701, -0.2454, 2.0463, -0.0966, -0.0031, 0.0261] err_to_target=0.0336 (read 49ms)
2026-08-25 14:05:49.894 [A/7] fb ok t+9.182 j=[0.701, -0.2454, 2.0463, -0.0966, -0.0031, 0.0261] err_to_target=0.0336 (read 51ms)
2026-08-25 14:05:49.999 [A/7] fb ok t+9.286 j=[0.701, -0.2454, 2.0463, -0.0966, -0.0031, 0.0261] err_to_target=0.0336 (read 53ms)
2026-08-25 14:05:50.104 [A/7] fb ok t+9.388 j=[0.701, -0.2454, 2.0463, -0.0966, -0.0031, 0.0261] err_to_target=0.0336 (read 55ms)
2026-08-25 14:05:50.209 [A/7] fb ok t+9.489 j=[0.701, -0.2454, 2.0463, -0.0966, -0.0031, 0.0261] err_to_target=0.0336 (read 60ms)
2026-08-25 14:05:50.280 [A/7] fb ok t+9.591 j=[0.701, -0.2454, 2.0463, -0.0966, -0.0031, 0.0261] err_to_target=0.0336 (read 28ms)
2026-08-25 14:05:50.385 [A/7] fb ok t+9.692 j=[0.701, -0.2454, 2.0463, -0.0966, -0.0031, 0.0261] err_to_target=0.0336 (read 32ms)
2026-08-25 14:05:50.490 [A/7] fb ok t+9.793 j=[0.701, -0.2454, 2.0463, -0.0966, -0.0031, 0.0261] err_to_target=0.0336 (read 36ms)
2026-08-25 14:05:50.595 [A/7] fb ok t+9.897 j=[0.701, -0.2454, 2.0463, -0.0966, -0.0031, 0.0261] err_to_target=0.0336 (read 37ms)
2026-08-25 14:05:50.700 [A/7] fb ok t+10.001 j=[0.701, -0.2454, 2.0463, -0.0966, -0.0031, 0.0261] err_to_target=0.0336 (read 38ms)
2026-08-25 14:05:50.805 [A/7] fb ok t+10.103 j=[0.701, -0.2454, 2.0463, -0.0966, -0.0031, 0.0261] err_to_target=0.0336 (read 41ms)
2026-08-25 14:05:50.910 [A/7] fb ok t+10.207 j=[0.701, -0.2454, 2.0463, -0.0966, -0.0031, 0.0261] err_to_target=0.0336 (read 43ms)
2026-08-25 14:05:51.015 [A/7] fb ok t+10.310 j=[0.701, -0.2454, 2.0463, -0.0966, -0.0031, 0.0261] err_to_target=0.0336 (read 44ms)
2026-08-25 14:05:51.120 [A/7] fb ok t+10.411 j=[0.701, -0.2454, 2.0463, -0.0966, -0.0031, 0.0261] err_to_target=0.0336 (read 49ms)
2026-08-25 14:05:51.225 [A/7] fb ok t+10.514 j=[0.701, -0.2454, 2.0463, -0.0966, -0.0031, 0.0261] err_to_target=0.0336 (read 51ms)
2026-08-25 14:05:51.330 [A/7] fb ok t+10.615 j=[0.701, -0.2454, 2.0463, -0.0966, -0.0031, 0.0261] err_to_target=0.0336 (read 55ms)
2026-08-25 14:05:51.435 [A/7] fb ok t+10.715 j=[0.701, -0.2454, 2.0463, -0.0966, -0.0031, 0.0261] err_to_target=0.0336 (read 60ms)
2026-08-25 14:05:51.506 [A/7] fb ok t+10.817 j=[0.701, -0.2454, 2.0463, -0.0966, -0.0031, 0.0261] err_to_target=0.0336 (read 28ms)
2026-08-25 14:05:51.611 [A/7] fb ok t+10.922 j=[0.701, -0.2454, 2.0463, -0.0966, -0.0031, 0.0261] err_to_target=0.0336 (read 28ms)
2026-08-25 14:05:51.716 [A/7] fb ok t+11.026 j=[0.701, -0.2454, 2.0463, -0.0966, -0.0031, 0.0261] err_to_target=0.0336 (read 29ms)
2026-08-25 14:05:51.821 [A/7] fb ok t+11.127 j=[0.701, -0.2454, 2.0463, -0.0966, -0.0031, 0.0261] err_to_target=0.0336 (read 34ms)
2026-08-25 14:05:51.926 [A/7] fb ok t+11.231 j=[0.701, -0.2454, 2.0463, -0.0966, -0.0031, 0.0261] err_to_target=0.0336 (read 35ms)
2026-08-25 14:05:52.031 [A/7] fb ok t+11.335 j=[0.701, -0.2454, 2.0463, -0.0966, -0.0031, 0.0261] err_to_target=0.0336 (read 36ms)
2026-08-25 14:05:52.136 [A/7] fb ok t+11.437 j=[0.701, -0.2454, 2.0463, -0.0966, -0.0031, 0.0261] err_to_target=0.0336 (read 39ms)
2026-08-25 14:05:52.242 [A/7] fb ok t+11.540 j=[0.701, -0.2454, 2.0463, -0.0966, -0.0031, 0.0261] err_to_target=0.0336 (read 41ms)
2026-08-25 14:05:52.347 [A/7] fb ok t+11.644 j=[0.701, -0.2454, 2.0463, -0.0966, -0.0031, 0.0261] err_to_target=0.0336 (read 42ms)
2026-08-25 14:05:52.451 [A/7] fb ok t+11.744 j=[0.701, -0.2454, 2.0463, -0.0966, -0.0031, 0.0261] err_to_target=0.0336 (read 47ms)
2026-08-25 14:05:52.556 [A/7] fb ok t+11.848 j=[0.701, -0.2454, 2.0463, -0.0966, -0.0031, 0.0261] err_to_target=0.0336 (read 48ms)
2026-08-25 14:05:52.662 [A/7] fb ok t+11.951 j=[0.701, -0.2454, 2.0463, -0.0966, -0.0031, 0.0261] err_to_target=0.0336 (read 50ms)
2026-08-25 14:05:52.767 [A/7] fb ok t+12.054 j=[0.701, -0.2454, 2.0463, -0.0966, -0.0031, 0.0261] err_to_target=0.0336 (read 52ms)
2026-08-25 14:05:51.016 [A/7] fb ok t+12.154 j=[0.701, -0.2454, 2.0463, -0.0966, -0.0031, 0.0261] err_to_target=0.0336 (read -1799ms)
2026-08-25 14:05:52.941 [A/7] fb ok t+12.269 j=[0.701, -0.2454, 2.0463, -0.0966, -0.0031, 0.0261] err_to_target=0.0336 (read 11ms)
2026-08-25 14:05:53.081 [A/7] fb ok t+12.372 j=[0.701, -0.2454, 2.0463, -0.0966, -0.0031, 0.0261] err_to_target=0.0336 (read 49ms)
2026-08-25 14:05:53.186 [A/7] fb ok t+12.475 j=[0.701, -0.2454, 2.0463, -0.0966, -0.0031, 0.0261] err_to_target=0.0336 (read 50ms)
2026-08-25 14:05:53.291 [A/7] fb ok t+12.578 j=[0.701, -0.2454, 2.0463, -0.0966, -0.0031, 0.0261] err_to_target=0.0336 (read 52ms)
2026-08-25 14:05:53.396 [A/7] fb ok t+12.681 j=[0.701, -0.2454, 2.0463, -0.0966, -0.0031, 0.0261] err_to_target=0.0336 (read 55ms)
2026-08-25 14:05:53.501 [A/7] fb ok t+12.781 j=[0.701, -0.2454, 2.0463, -0.0966, -0.0031, 0.0261] err_to_target=0.0336 (read 60ms)
2026-08-25 14:05:53.571 [A/7] fb ok t+12.883 j=[0.701, -0.2454, 2.0463, -0.0966, -0.0031, 0.0261] err_to_target=0.0336 (read 28ms)
2026-08-25 14:05:53.677 [A/7] fb ok t+12.987 j=[0.701, -0.2454, 2.0463, -0.0966, -0.0031, 0.0261] err_to_target=0.0336 (read 29ms)
2026-08-25 14:05:53.781 [A/7] fb ok t+13.088 j=[0.701, -0.2454, 2.0463, -0.0966, -0.0031, 0.0261] err_to_target=0.0336 (read 33ms)
2026-08-25 14:05:53.886 [A/7] fb ok t+13.192 j=[0.701, -0.2454, 2.0463, -0.0966, -0.0031, 0.0261] err_to_target=0.0336 (read 34ms)
2026-08-25 14:05:53.991 [A/7] fb ok t+13.293 j=[0.701, -0.2454, 2.0463, -0.0966, -0.0031, 0.0261] err_to_target=0.0336 (read 38ms)
2026-08-25 14:05:54.096 [A/7] fb ok t+13.397 j=[0.701, -0.2454, 2.0463, -0.0966, -0.0031, 0.0261] err_to_target=0.0336 (read 39ms)
2026-08-25 14:05:54.202 [A/7] fb ok t+13.501 j=[0.701, -0.2454, 2.0463, -0.0966, -0.0031, 0.0261] err_to_target=0.0336 (read 40ms)
2026-08-25 14:05:54.306 [A/7] fb ok t+13.602 j=[0.701, -0.2454, 2.0463, -0.0966, -0.0031, 0.0261] err_to_target=0.0336 (read 44ms)
2026-08-25 14:05:54.411 [A/7] fb ok t+13.705 j=[0.701, -0.2454, 2.0463, -0.0966, -0.0031, 0.0261] err_to_target=0.0336 (read 46ms)
2026-08-25 14:05:54.516 [A/7] fb ok t+13.805 j=[0.701, -0.2454, 2.0463, -0.0966, -0.0031, 0.0261] err_to_target=0.0336 (read 50ms)
2026-08-25 14:05:54.621 [A/7] fb ok t+13.906 j=[0.701, -0.2454, 2.0463, -0.0966, -0.0031, 0.0261] err_to_target=0.0336 (read 54ms)
2026-08-25 14:05:54.726 [A/7] fb ok t+14.009 j=[0.701, -0.2454, 2.0463, -0.0966, -0.0031, 0.0261] err_to_target=0.0336 (read 57ms)
2026-08-25 14:05:54.831 [A/7] fb ok t+14.111 j=[0.701, -0.2454, 2.0463, -0.0966, -0.0031, 0.0261] err_to_target=0.0336 (read 60ms)
2026-08-25 14:05:54.901 [A/7] fb ok t+14.213 j=[0.701, -0.2454, 2.0463, -0.0966, -0.0031, 0.0261] err_to_target=0.0336 (read 28ms)
2026-08-25 14:05:55.007 [A/7] fb ok t+14.317 j=[0.701, -0.2454, 2.0463, -0.0966, -0.0031, 0.0261] err_to_target=0.0336 (read 29ms)
2026-08-25 14:05:55.112 [A/7] fb ok t+14.418 j=[0.701, -0.2454, 2.0463, -0.0966, -0.0031, 0.0261] err_to_target=0.0336 (read 33ms)
2026-08-25 14:05:55.217 [A/7] fb ok t+14.522 j=[0.701, -0.2454, 2.0463, -0.0966, -0.0031, 0.0261] err_to_target=0.0336 (read 34ms)
2026-08-25 14:05:55.322 [A/7] fb ok t+14.623 j=[0.701, -0.2454, 2.0463, -0.0966, -0.0031, 0.0261] err_to_target=0.0336 (read 38ms)
2026-08-25 14:05:55.427 [A/7] fb ok t+14.727 j=[0.701, -0.2454, 2.0463, -0.0966, -0.0031, 0.0261] err_to_target=0.0336 (read 39ms)
2026-08-25 14:05:55.532 [A/7] fb ok t+14.831 j=[0.701, -0.2454, 2.0463, -0.0966, -0.0031, 0.0261] err_to_target=0.0336 (read 41ms)
2026-08-25 14:05:55.637 [A/7] fb ok t+14.934 j=[0.701, -0.2454, 2.0463, -0.0966, -0.0031, 0.0261] err_to_target=0.0336 (read 42ms)
2026-08-25 14:06:15.789 [A/8]pre SETUP move to [0.6674, -0.2531, 2.0371, -0.0918, -0.0031, 0.0261] (repeated target, not measured)
2026-08-25 14:06:50.896 [A/8]pre SETUP done sends=66 settled=False final=[0.701, -0.2454, 2.0463, -0.0966, -0.0031, 0.0261]
2026-08-25 14:06:50.896 [A/8]pre WARNING: setup move did not settle; continuing (pose drift possible)
2026-08-25 14:06:50.896 [A/8] dwell 3.0s before send
2026-08-25 14:06:52.331 [A/8] SENT T=102 B->A target=[0.7547, -0.2531, 2.0371, -0.1442, -0.0031, 0.0261] ([43.24, -14.5, 116.72, -8.26, -0.18, 1.5]) speed=180 acc=10 ret=b'{"T": 102, "base": 0.7547, "shoulder": -0.2531, "elbow": 2.0371, "wrist": -0.1442, "roll": -0.0031, "hand": 3.115492653589793, "spd": 180, "acc": 10}\n'
2026-08-25 14:06:52.364 [A/8] fb ok t+0.020 j=[0.701, -0.2454, 2.0463, -0.0966, -0.0031, 0.0261] err_to_target=0.0537 (read 33ms)
2026-08-25 14:06:52.471 [A/8] fb ok t+0.124 j=[0.701, -0.2454, 2.0463, -0.0966, -0.0031, 0.0261] err_to_target=0.0537 (read 35ms)
2026-08-25 14:06:52.578 [A/8] fb ok t+0.228 j=[0.701, -0.2454, 2.0463, -0.1028, -0.0031, 0.0261] err_to_target=0.0537 (read 39ms)
2026-08-25 14:06:52.683 [A/8] MOTION toward target (joint=wrist) latency=0.332s dev=0.0245
2026-08-25 14:06:52.683 [A/8] fb ok t+0.332 j=[0.701, -0.2454, 2.0463, -0.1212, -0.0031, 0.0261] err_to_target=0.0537 (read 40ms)
2026-08-25 14:06:52.788 [A/8] fb ok t+0.435 j=[0.7118, -0.2454, 2.0463, -0.1289, -0.0031, 0.0261] err_to_target=0.0429 (read 42ms)
2026-08-25 14:06:52.893 [A/8] fb ok t+0.539 j=[0.724, -0.2454, 2.0463, -0.1289, -0.0031, 0.0261] err_to_target=0.0307 (read 43ms)
2026-08-25 14:06:52.997 [A/8] fb ok t+0.640 j=[0.724, -0.2454, 2.0463, -0.1289, -0.0031, 0.0261] err_to_target=0.0307 (read 46ms)
2026-08-25 14:06:53.103 [A/8] fb ok t+0.743 j=[0.724, -0.2454, 2.0463, -0.1289, -0.0031, 0.0261] err_to_target=0.0307 (read 48ms)
2026-08-25 14:06:53.208 [A/8] fb ok t+0.846 j=[0.724, -0.2454, 2.0463, -0.1289, -0.0031, 0.0261] err_to_target=0.0307 (read 50ms)
2026-08-25 14:06:53.313 [A/8] fb ok t+0.949 j=[0.724, -0.2454, 2.0463, -0.1289, -0.0031, 0.0261] err_to_target=0.0307 (read 52ms)
2026-08-25 14:06:53.418 [A/8] fb ok t+1.052 j=[0.724, -0.2454, 2.0463, -0.1289, -0.0031, 0.0261] err_to_target=0.0307 (read 54ms)
2026-08-25 14:06:53.523 [A/8] fb ok t+1.155 j=[0.724, -0.2454, 2.0463, -0.1289, -0.0031, 0.0261] err_to_target=0.0307 (read 57ms)
2026-08-25 14:06:53.593 [A/8] fb ok t+1.256 j=[0.724, -0.2454, 2.0463, -0.1289, -0.0031, 0.0261] err_to_target=0.0307 (read 26ms)
2026-08-25 14:06:53.698 [A/8] fb ok t+1.359 j=[0.724, -0.2454, 2.0463, -0.1289, -0.0031, 0.0261] err_to_target=0.0307 (read 28ms)
2026-08-25 14:06:53.803 [A/8] fb ok t+1.463 j=[0.724, -0.2454, 2.0463, -0.1289, -0.0031, 0.0261] err_to_target=0.0307 (read 28ms)
2026-08-25 14:06:53.908 [A/8] fb ok t+1.568 j=[0.724, -0.2454, 2.0463, -0.1289, -0.0031, 0.0261] err_to_target=0.0307 (read 29ms)
2026-08-25 14:06:54.013 [A/8] fb ok t+1.672 j=[0.724, -0.2454, 2.0463, -0.1289, -0.0031, 0.0261] err_to_target=0.0307 (read 30ms)
2026-08-25 14:06:54.118 [A/8] fb ok t+1.774 j=[0.724, -0.2454, 2.0463, -0.1289, -0.0031, 0.0261] err_to_target=0.0307 (read 33ms)
2026-08-25 14:06:54.223 [A/8] fb ok t+1.875 j=[0.724, -0.2454, 2.0463, -0.1289, -0.0031, 0.0261] err_to_target=0.0307 (read 37ms)
2026-08-25 14:06:54.328 [A/8] fb ok t+1.979 j=[0.724, -0.2454, 2.0463, -0.1289, -0.0031, 0.0261] err_to_target=0.0307 (read 38ms)
2026-08-25 14:06:54.433 [A/8] fb ok t+2.083 j=[0.724, -0.2454, 2.0463, -0.1289, -0.0031, 0.0261] err_to_target=0.0307 (read 39ms)
2026-08-25 14:06:54.538 [A/8] fb ok t+2.185 j=[0.724, -0.2454, 2.0463, -0.1289, -0.0031, 0.0261] err_to_target=0.0307 (read 42ms)
2026-08-25 14:06:54.643 [A/8] fb ok t+2.288 j=[0.724, -0.2454, 2.0463, -0.1289, -0.0031, 0.0261] err_to_target=0.0307 (read 43ms)
2026-08-25 14:06:54.748 [A/8] fb ok t+2.392 j=[0.724, -0.2454, 2.0463, -0.1289, -0.0031, 0.0261] err_to_target=0.0307 (read 45ms)
2026-08-25 14:06:54.853 [A/8] fb ok t+2.492 j=[0.724, -0.2454, 2.0463, -0.1289, -0.0031, 0.0261] err_to_target=0.0307 (read 49ms)
2026-08-25 14:06:54.958 [A/8] fb ok t+2.595 j=[0.724, -0.2454, 2.0463, -0.1289, -0.0031, 0.0261] err_to_target=0.0307 (read 51ms)
2026-08-25 14:06:55.063 [A/8] fb ok t+2.698 j=[0.724, -0.2454, 2.0463, -0.1289, -0.0031, 0.0261] err_to_target=0.0307 (read 53ms)
2026-08-25 14:06:55.168 [A/8] fb ok t+2.801 j=[0.724, -0.2454, 2.0463, -0.1289, -0.0031, 0.0261] err_to_target=0.0307 (read 55ms)
2026-08-25 14:06:55.273 [A/8] fb ok t+2.904 j=[0.724, -0.2454, 2.0463, -0.1289, -0.0031, 0.0261] err_to_target=0.0307 (read 58ms)
2026-08-25 14:06:55.378 [A/8] fb ok t+3.007 j=[0.724, -0.2454, 2.0463, -0.1289, -0.0031, 0.0261] err_to_target=0.0307 (read 60ms)
2026-08-25 14:06:55.448 [A/8] fb ok t+3.109 j=[0.724, -0.2454, 2.0463, -0.1289, -0.0031, 0.0261] err_to_target=0.0307 (read 28ms)
2026-08-25 14:06:55.553 [A/8] fb ok t+3.213 j=[0.724, -0.2454, 2.0463, -0.1289, -0.0031, 0.0261] err_to_target=0.0307 (read 29ms)
2026-08-25 14:06:55.658 [A/8] fb ok t+3.317 j=[0.724, -0.2454, 2.0463, -0.1289, -0.0031, 0.0261] err_to_target=0.0307 (read 30ms)
2026-08-25 14:06:55.763 [A/8] fb ok t+3.421 j=[0.724, -0.2454, 2.0463, -0.1289, -0.0031, 0.0261] err_to_target=0.0307 (read 31ms)
2026-08-25 14:06:55.868 [A/8] fb ok t+3.523 j=[0.724, -0.2454, 2.0463, -0.1289, -0.0031, 0.0261] err_to_target=0.0307 (read 34ms)
2026-08-25 14:06:55.973 [A/8] fb ok t+3.627 j=[0.724, -0.2454, 2.0463, -0.1289, -0.0031, 0.0261] err_to_target=0.0307 (read 35ms)
2026-08-25 14:06:56.078 [A/8] fb ok t+3.731 j=[0.724, -0.2454, 2.0463, -0.1289, -0.0031, 0.0261] err_to_target=0.0307 (read 36ms)
2026-08-25 14:06:56.183 [A/8] fb ok t+3.832 j=[0.724, -0.2454, 2.0463, -0.1289, -0.0031, 0.0261] err_to_target=0.0307 (read 40ms)
2026-08-25 14:06:56.288 [A/8] fb ok t+3.935 j=[0.724, -0.2454, 2.0463, -0.1289, -0.0031, 0.0261] err_to_target=0.0307 (read 42ms)
2026-08-25 14:06:56.393 [A/8] fb ok t+4.036 j=[0.724, -0.2454, 2.0463, -0.1289, -0.0031, 0.0261] err_to_target=0.0307 (read 46ms)
2026-08-25 14:06:56.498 [A/8] fb ok t+4.140 j=[0.724, -0.2454, 2.0463, -0.1289, -0.0031, 0.0261] err_to_target=0.0307 (read 47ms)
2026-08-25 14:06:56.603 [A/8] fb ok t+4.243 j=[0.724, -0.2454, 2.0463, -0.1289, -0.0031, 0.0261] err_to_target=0.0307 (read 49ms)
2026-08-25 14:06:56.708 [A/8] fb ok t+4.346 j=[0.724, -0.2454, 2.0463, -0.1289, -0.0031, 0.0261] err_to_target=0.0307 (read 51ms)
2026-08-25 14:06:56.813 [A/8] fb ok t+4.449 j=[0.724, -0.2454, 2.0463, -0.1289, -0.0031, 0.0261] err_to_target=0.0307 (read 53ms)
2026-08-25 14:06:56.918 [A/8] fb ok t+4.550 j=[0.724, -0.2454, 2.0463, -0.1289, -0.0031, 0.0261] err_to_target=0.0307 (read 57ms)
2026-08-25 14:06:56.989 [A/8] fb ok t+4.651 j=[0.724, -0.2454, 2.0463, -0.1289, -0.0031, 0.0261] err_to_target=0.0307 (read 26ms)
2026-08-25 14:06:57.093 [A/8] fb ok t+4.755 j=[0.724, -0.2454, 2.0463, -0.1289, -0.0031, 0.0261] err_to_target=0.0307 (read 27ms)
2026-08-25 14:06:57.198 [A/8] fb ok t+4.858 j=[0.724, -0.2454, 2.0463, -0.1289, -0.0031, 0.0261] err_to_target=0.0307 (read 29ms)
2026-08-25 14:06:57.304 [A/8] fb ok t+4.962 j=[0.724, -0.2454, 2.0463, -0.1289, -0.0031, 0.0261] err_to_target=0.0307 (read 31ms)
2026-08-25 14:06:57.408 [A/8] fb ok t+5.064 j=[0.724, -0.2454, 2.0463, -0.1289, -0.0031, 0.0261] err_to_target=0.0307 (read 34ms)
2026-08-25 14:06:57.513 [A/8] fb ok t+5.164 j=[0.724, -0.2454, 2.0463, -0.1289, -0.0031, 0.0261] err_to_target=0.0307 (read 38ms)
2026-08-25 14:06:57.619 [A/8] fb ok t+5.267 j=[0.724, -0.2454, 2.0463, -0.1289, -0.0031, 0.0261] err_to_target=0.0307 (read 40ms)
2026-08-25 14:06:57.724 [A/8] fb ok t+5.371 j=[0.724, -0.2454, 2.0463, -0.1289, -0.0031, 0.0261] err_to_target=0.0307 (read 41ms)
2026-08-25 14:06:57.829 [A/8] fb ok t+5.475 j=[0.724, -0.2454, 2.0463, -0.1289, -0.0031, 0.0261] err_to_target=0.0307 (read 43ms)
2026-08-25 14:06:57.934 [A/8] fb ok t+5.578 j=[0.724, -0.2454, 2.0463, -0.1289, -0.0031, 0.0261] err_to_target=0.0307 (read 44ms)
2026-08-25 14:06:58.039 [A/8] fb ok t+5.681 j=[0.724, -0.2454, 2.0463, -0.1289, -0.0031, 0.0261] err_to_target=0.0307 (read 46ms)
2026-08-25 14:06:58.143 [A/8] fb ok t+5.785 j=[0.724, -0.2454, 2.0463, -0.1289, -0.0031, 0.0261] err_to_target=0.0307 (read 48ms)
2026-08-25 14:06:58.248 [A/8] fb ok t+5.888 j=[0.724, -0.2454, 2.0463, -0.1289, -0.0031, 0.0261] err_to_target=0.0307 (read 49ms)
2026-08-25 14:06:58.353 [A/8] fb ok t+5.991 j=[0.724, -0.2454, 2.0463, -0.1289, -0.0031, 0.0261] err_to_target=0.0307 (read 51ms)
2026-08-25 14:06:58.458 [A/8] fb ok t+6.094 j=[0.724, -0.2454, 2.0463, -0.1289, -0.0031, 0.0261] err_to_target=0.0307 (read 53ms)
2026-08-25 14:06:58.564 [A/8] fb ok t+6.196 j=[0.724, -0.2454, 2.0463, -0.1289, -0.0031, 0.0261] err_to_target=0.0307 (read 56ms)
2026-08-25 14:06:58.668 [A/8] fb ok t+6.299 j=[0.724, -0.2454, 2.0463, -0.1289, -0.0031, 0.0261] err_to_target=0.0307 (read 58ms)
2026-08-25 14:06:58.739 [A/8] fb ok t+6.402 j=[0.724, -0.2454, 2.0463, -0.1289, -0.0031, 0.0261] err_to_target=0.0307 (read 26ms)
2026-08-25 14:06:58.844 [A/8] fb ok t+6.506 j=[0.724, -0.2454, 2.0463, -0.1289, -0.0031, 0.0261] err_to_target=0.0307 (read 26ms)
2026-08-25 14:06:58.949 [A/8] fb ok t+6.611 j=[0.724, -0.2454, 2.0463, -0.1289, -0.0031, 0.0261] err_to_target=0.0307 (read 27ms)
2026-08-25 14:06:59.054 [A/8] fb ok t+6.715 j=[0.724, -0.2454, 2.0463, -0.1289, -0.0031, 0.0261] err_to_target=0.0307 (read 27ms)
2026-08-25 14:06:59.159 [A/8] fb ok t+6.820 j=[0.724, -0.2454, 2.0463, -0.1289, -0.0031, 0.0261] err_to_target=0.0307 (read 28ms)
2026-08-25 14:06:59.264 [A/8] fb ok t+6.924 j=[0.724, -0.2454, 2.0463, -0.1289, -0.0031, 0.0261] err_to_target=0.0307 (read 29ms)
2026-08-25 14:06:59.369 [A/8] fb ok t+7.024 j=[0.724, -0.2454, 2.0463, -0.1289, -0.0031, 0.0261] err_to_target=0.0307 (read 33ms)
2026-08-25 14:06:59.474 [A/8] fb ok t+7.128 j=[0.724, -0.2454, 2.0463, -0.1289, -0.0031, 0.0261] err_to_target=0.0307 (read 34ms)
2026-08-25 14:06:59.579 [A/8] fb ok t+7.232 j=[0.724, -0.2454, 2.0463, -0.1289, -0.0031, 0.0261] err_to_target=0.0307 (read 35ms)
2026-08-25 14:06:59.684 [A/8] fb ok t+7.336 j=[0.724, -0.2454, 2.0463, -0.1289, -0.0031, 0.0261] err_to_target=0.0307 (read 36ms)
2026-08-25 14:06:59.789 [A/8] fb ok t+7.440 j=[0.724, -0.2454, 2.0463, -0.1289, -0.0031, 0.0261] err_to_target=0.0307 (read 37ms)
2026-08-25 14:06:59.894 [A/8] fb ok t+7.542 j=[0.724, -0.2454, 2.0463, -0.1289, -0.0031, 0.0261] err_to_target=0.0307 (read 41ms)
2026-08-25 14:06:59.999 [A/8] fb ok t+7.645 j=[0.724, -0.2454, 2.0463, -0.1289, -0.0031, 0.0261] err_to_target=0.0307 (read 42ms)
2026-08-25 14:07:00.104 [A/8] fb ok t+7.749 j=[0.724, -0.2454, 2.0463, -0.1289, -0.0031, 0.0261] err_to_target=0.0307 (read 44ms)
2026-08-25 14:07:00.209 [A/8] fb ok t+7.852 j=[0.724, -0.2454, 2.0463, -0.1289, -0.0031, 0.0261] err_to_target=0.0307 (read 46ms)
2026-08-25 14:07:00.314 [A/8] fb ok t+7.955 j=[0.724, -0.2454, 2.0463, -0.1289, -0.0031, 0.0261] err_to_target=0.0307 (read 47ms)
2026-08-25 14:07:00.419 [A/8] fb ok t+8.058 j=[0.724, -0.2454, 2.0463, -0.1289, -0.0031, 0.0261] err_to_target=0.0307 (read 49ms)
2026-08-25 14:07:00.524 [A/8] fb ok t+8.160 j=[0.724, -0.2454, 2.0463, -0.1289, -0.0031, 0.0261] err_to_target=0.0307 (read 53ms)
2026-08-25 14:07:00.629 [A/8] fb ok t+8.263 j=[0.724, -0.2454, 2.0463, -0.1289, -0.0031, 0.0261] err_to_target=0.0307 (read 55ms)
2026-08-25 14:07:00.734 [A/8] fb ok t+8.366 j=[0.724, -0.2454, 2.0463, -0.1289, -0.0031, 0.0261] err_to_target=0.0307 (read 57ms)
2026-08-25 14:07:00.839 [A/8] fb ok t+8.468 j=[0.724, -0.2454, 2.0463, -0.1289, -0.0031, 0.0261] err_to_target=0.0307 (read 59ms)
2026-08-25 14:07:00.909 [A/8] fb ok t+8.571 j=[0.724, -0.2454, 2.0463, -0.1289, -0.0031, 0.0261] err_to_target=0.0307 (read 27ms)
2026-08-25 14:07:01.014 [A/8] fb ok t+8.675 j=[0.724, -0.2454, 2.0463, -0.1289, -0.0031, 0.0261] err_to_target=0.0307 (read 28ms)
2026-08-25 14:07:01.119 [A/8] fb ok t+8.779 j=[0.724, -0.2454, 2.0463, -0.1289, -0.0031, 0.0261] err_to_target=0.0307 (read 29ms)
2026-08-25 14:07:01.224 [A/8] fb ok t+8.883 j=[0.724, -0.2454, 2.0463, -0.1289, -0.0031, 0.0261] err_to_target=0.0307 (read 29ms)
2026-08-25 14:07:01.329 [A/8] fb ok t+8.988 j=[0.724, -0.2454, 2.0463, -0.1289, -0.0031, 0.0261] err_to_target=0.0307 (read 30ms)
2026-08-25 14:07:01.434 [A/8] fb ok t+9.092 j=[0.724, -0.2454, 2.0463, -0.1289, -0.0031, 0.0261] err_to_target=0.0307 (read 31ms)
2026-08-25 14:07:01.539 [A/8] fb ok t+9.196 j=[0.724, -0.2454, 2.0463, -0.1289, -0.0031, 0.0261] err_to_target=0.0307 (read 32ms)
2026-08-25 14:07:01.644 [A/8] fb ok t+9.300 j=[0.724, -0.2454, 2.0463, -0.1289, -0.0031, 0.0261] err_to_target=0.0307 (read 33ms)
2026-08-25 14:07:01.749 [A/8] fb ok t+9.404 j=[0.724, -0.2454, 2.0463, -0.1289, -0.0031, 0.0261] err_to_target=0.0307 (read 34ms)
2026-08-25 14:07:01.854 [A/8] fb ok t+9.506 j=[0.724, -0.2454, 2.0463, -0.1289, -0.0031, 0.0261] err_to_target=0.0307 (read 37ms)
2026-08-25 14:07:01.959 [A/8] fb ok t+9.610 j=[0.724, -0.2454, 2.0463, -0.1289, -0.0031, 0.0261] err_to_target=0.0307 (read 38ms)
2026-08-25 14:07:02.064 [A/8] fb ok t+9.714 j=[0.724, -0.2454, 2.0463, -0.1289, -0.0031, 0.0261] err_to_target=0.0307 (read 39ms)
2026-08-25 14:07:02.169 [A/8] fb ok t+9.818 j=[0.724, -0.2454, 2.0463, -0.1289, -0.0031, 0.0261] err_to_target=0.0307 (read 40ms)
2026-08-25 14:07:02.274 [A/8] fb ok t+9.921 j=[0.724, -0.2454, 2.0463, -0.1289, -0.0031, 0.0261] err_to_target=0.0307 (read 42ms)
2026-08-25 14:07:02.379 [A/8] fb ok t+10.022 j=[0.724, -0.2454, 2.0463, -0.1289, -0.0031, 0.0261] err_to_target=0.0307 (read 46ms)
2026-08-25 14:07:02.484 [A/8] fb ok t+10.123 j=[0.724, -0.2454, 2.0463, -0.1289, -0.0031, 0.0261] err_to_target=0.0307 (read 50ms)
2026-08-25 14:07:02.589 [A/8] fb ok t+10.226 j=[0.724, -0.2454, 2.0463, -0.1289, -0.0031, 0.0261] err_to_target=0.0307 (read 52ms)
2026-08-25 14:07:02.694 [A/8] fb ok t+10.329 j=[0.724, -0.2454, 2.0463, -0.1289, -0.0031, 0.0261] err_to_target=0.0307 (read 54ms)
2026-08-25 14:07:02.799 [A/8] fb ok t+10.432 j=[0.724, -0.2454, 2.0463, -0.1289, -0.0031, 0.0261] err_to_target=0.0307 (read 56ms)
2026-08-25 14:07:02.904 [A/8] fb ok t+10.534 j=[0.724, -0.2454, 2.0463, -0.1289, -0.0031, 0.0261] err_to_target=0.0307 (read 59ms)
2026-08-25 14:07:02.974 [A/8] fb ok t+10.637 j=[0.724, -0.2454, 2.0463, -0.1289, -0.0031, 0.0261] err_to_target=0.0307 (read 26ms)
2026-08-25 14:07:03.079 [A/8] fb ok t+10.741 j=[0.724, -0.2454, 2.0463, -0.1289, -0.0031, 0.0261] err_to_target=0.0307 (read 27ms)
2026-08-25 14:07:03.184 [A/8] fb ok t+10.842 j=[0.724, -0.2454, 2.0463, -0.1289, -0.0031, 0.0261] err_to_target=0.0307 (read 31ms)
2026-08-25 14:07:03.290 [A/8] fb ok t+10.947 j=[0.724, -0.2454, 2.0463, -0.1289, -0.0031, 0.0261] err_to_target=0.0307 (read 32ms)
2026-08-25 14:07:03.394 [A/8] fb ok t+11.048 j=[0.724, -0.2454, 2.0463, -0.1289, -0.0031, 0.0261] err_to_target=0.0307 (read 35ms)
2026-08-25 14:07:03.499 [A/8] fb ok t+11.152 j=[0.724, -0.2454, 2.0463, -0.1289, -0.0031, 0.0261] err_to_target=0.0307 (read 36ms)
2026-08-25 14:07:03.604 [A/8] fb ok t+11.256 j=[0.724, -0.2454, 2.0463, -0.1289, -0.0031, 0.0261] err_to_target=0.0307 (read 37ms)
2026-08-25 14:07:03.709 [A/8] fb ok t+11.360 j=[0.724, -0.2454, 2.0463, -0.1289, -0.0031, 0.0261] err_to_target=0.0307 (read 38ms)
2026-08-25 14:07:03.814 [A/8] fb ok t+11.464 j=[0.724, -0.2454, 2.0463, -0.1289, -0.0031, 0.0261] err_to_target=0.0307 (read 39ms)
2026-08-25 14:07:03.919 [A/8] fb ok t+11.567 j=[0.724, -0.2454, 2.0463, -0.1289, -0.0031, 0.0261] err_to_target=0.0307 (read 41ms)
2026-08-25 14:07:04.024 [A/8] fb ok t+11.671 j=[0.724, -0.2454, 2.0463, -0.1289, -0.0031, 0.0261] err_to_target=0.0307 (read 42ms)
2026-08-25 14:07:04.129 [A/8] fb ok t+11.774 j=[0.724, -0.2454, 2.0463, -0.1289, -0.0031, 0.0261] err_to_target=0.0307 (read 44ms)
2026-08-25 14:07:04.234 [A/8] fb ok t+11.878 j=[0.724, -0.2454, 2.0463, -0.1289, -0.0031, 0.0261] err_to_target=0.0307 (read 46ms)
2026-08-25 14:07:04.339 [A/8] fb ok t+11.981 j=[0.724, -0.2454, 2.0463, -0.1289, -0.0031, 0.0261] err_to_target=0.0307 (read 47ms)
2026-08-25 14:07:04.444 [A/8] fb ok t+12.084 j=[0.724, -0.2454, 2.0463, -0.1289, -0.0031, 0.0261] err_to_target=0.0307 (read 49ms)
2026-08-25 14:07:04.549 [A/8] fb ok t+12.188 j=[0.724, -0.2454, 2.0463, -0.1289, -0.0031, 0.0261] err_to_target=0.0307 (read 50ms)
2026-08-25 14:07:04.654 [A/8] fb ok t+12.288 j=[0.724, -0.2454, 2.0463, -0.1289, -0.0031, 0.0261] err_to_target=0.0307 (read 55ms)
2026-08-25 14:07:04.760 [A/8] fb ok t+12.391 j=[0.724, -0.2454, 2.0463, -0.1289, -0.0031, 0.0261] err_to_target=0.0307 (read 58ms)
2026-08-25 14:07:04.865 [A/8] fb ok t+12.493 j=[0.724, -0.2454, 2.0463, -0.1289, -0.0031, 0.0261] err_to_target=0.0307 (read 60ms)
2026-08-25 14:07:04.935 [A/8] fb ok t+12.596 j=[0.724, -0.2454, 2.0463, -0.1289, -0.0031, 0.0261] err_to_target=0.0307 (read 27ms)
2026-08-25 14:07:05.040 [A/8] fb ok t+12.700 j=[0.724, -0.2454, 2.0463, -0.1289, -0.0031, 0.0261] err_to_target=0.0307 (read 28ms)
2026-08-25 14:07:05.145 [A/8] fb ok t+12.805 j=[0.724, -0.2454, 2.0463, -0.1289, -0.0031, 0.0261] err_to_target=0.0307 (read 29ms)
2026-08-25 14:07:05.250 [A/8] fb ok t+12.909 j=[0.724, -0.2454, 2.0463, -0.1289, -0.0031, 0.0261] err_to_target=0.0307 (read 29ms)
2026-08-25 14:07:05.355 [A/8] fb ok t+13.013 j=[0.724, -0.2454, 2.0463, -0.1289, -0.0031, 0.0261] err_to_target=0.0307 (read 30ms)
2026-08-25 14:07:05.460 [A/8] fb ok t+13.118 j=[0.724, -0.2454, 2.0463, -0.1289, -0.0031, 0.0261] err_to_target=0.0307 (read 31ms)
2026-08-25 14:07:05.565 [A/8] fb ok t+13.222 j=[0.724, -0.2454, 2.0463, -0.1289, -0.0031, 0.0261] err_to_target=0.0307 (read 32ms)
2026-08-25 14:07:05.670 [A/8] fb ok t+13.326 j=[0.724, -0.2454, 2.0463, -0.1289, -0.0031, 0.0261] err_to_target=0.0307 (read 33ms)
2026-08-25 14:07:05.775 [A/8] fb ok t+13.430 j=[0.724, -0.2454, 2.0463, -0.1289, -0.0031, 0.0261] err_to_target=0.0307 (read 33ms)
2026-08-25 14:07:05.880 [A/8] fb ok t+13.531 j=[0.724, -0.2454, 2.0463, -0.1289, -0.0031, 0.0261] err_to_target=0.0307 (read 37ms)
2026-08-25 14:07:05.985 [A/8] fb ok t+13.635 j=[0.724, -0.2454, 2.0463, -0.1289, -0.0031, 0.0261] err_to_target=0.0307 (read 38ms)
2026-08-25 14:07:06.090 [A/8] fb ok t+13.739 j=[0.724, -0.2454, 2.0463, -0.1289, -0.0031, 0.0261] err_to_target=0.0307 (read 40ms)
2026-08-25 14:07:06.195 [A/8] fb ok t+13.840 j=[0.724, -0.2454, 2.0463, -0.1289, -0.0031, 0.0261] err_to_target=0.0307 (read 44ms)
2026-08-25 14:07:06.300 [A/8] fb ok t+13.943 j=[0.724, -0.2454, 2.0463, -0.1289, -0.0031, 0.0261] err_to_target=0.0307 (read 45ms)
2026-08-25 14:07:06.405 [A/8] fb ok t+14.046 j=[0.724, -0.2454, 2.0463, -0.1289, -0.0031, 0.0261] err_to_target=0.0307 (read 47ms)
2026-08-25 14:07:06.509 [A/8] fb ok t+14.150 j=[0.724, -0.2454, 2.0463, -0.1289, -0.0031, 0.0261] err_to_target=0.0307 (read 48ms)
2026-08-25 14:07:06.615 [A/8] fb ok t+14.253 j=[0.724, -0.2454, 2.0463, -0.1289, -0.0031, 0.0261] err_to_target=0.0307 (read 51ms)
2026-08-25 14:07:06.719 [A/8] fb ok t+14.356 j=[0.724, -0.2454, 2.0463, -0.1289, -0.0031, 0.0261] err_to_target=0.0307 (read 52ms)
2026-08-25 14:07:06.825 [A/8] fb ok t+14.459 j=[0.724, -0.2454, 2.0463, -0.1289, -0.0031, 0.0261] err_to_target=0.0307 (read 55ms)
2026-08-25 14:07:06.930 [A/8] fb ok t+14.561 j=[0.724, -0.2454, 2.0463, -0.1289, -0.0031, 0.0261] err_to_target=0.0307 (read 57ms)
2026-08-25 14:07:07.035 [A/8] fb ok t+14.663 j=[0.724, -0.2454, 2.0463, -0.1289, -0.0031, 0.0261] err_to_target=0.0307 (read 60ms)
2026-08-25 14:07:07.105 [A/8] fb ok t+14.766 j=[0.724, -0.2454, 2.0463, -0.1289, -0.0031, 0.0261] err_to_target=0.0307 (read 28ms)
2026-08-25 14:07:07.210 [A/8] fb ok t+14.870 j=[0.724, -0.2454, 2.0463, -0.1289, -0.0031, 0.0261] err_to_target=0.0307 (read 28ms)
2026-08-25 14:07:07.315 [A/8] fb ok t+14.975 j=[0.724, -0.2454, 2.0463, -0.1289, -0.0031, 0.0261] err_to_target=0.0307 (read 29ms)
2026-08-25 14:07:27.563 [A/9]pre SETUP move to [0.7547, -0.2531, 2.0371, -0.1442, -0.0031, 0.0261] (repeated target, not measured)
2026-08-25 14:08:02.652 [A/9]pre SETUP done sends=56 settled=False final=[0.724, -0.2454, 2.0463, -0.1289, -0.0031, 0.0261]
2026-08-25 14:08:02.652 [A/9]pre WARNING: setup move did not settle; continuing (pose drift possible)
2026-08-25 14:08:02.652 [A/9] dwell 3.0s before send
2026-08-25 14:08:05.984 [A/9] SENT T=102 A->B target=[0.6674, -0.2531, 2.0371, -0.0918, -0.0031, 0.0261] ([38.24, -14.5, 116.72, -5.26, -0.18, 1.5]) speed=180 acc=10 ret=b'{"T": 102, "base": 0.6674335374002835, "shoulder": -0.2531, "elbow": 2.0371, "wrist": -0.0918401224401701, "roll": -0.0031, "hand": 3.115492653589793, "spd": 180, "acc": 10}\n'
2026-08-25 14:08:06.017 [A/9] fb ok t+0.020 j=[0.724, -0.2454, 2.0463, -0.1289, -0.0031, 0.0261] err_to_target=0.0566 (read 32ms)
2026-08-25 14:08:06.127 [A/9] fb ok t+0.121 j=[0.724, -0.2454, 2.0463, -0.1289, -0.0031, 0.0261] err_to_target=0.0566 (read 42ms)
2026-08-25 14:08:06.233 [A/9] fb ok t+0.225 j=[0.724, -0.2454, 2.0463, -0.1227, -0.0031, 0.0261] err_to_target=0.0566 (read 44ms)
2026-08-25 14:08:06.338 [A/9] MOTION toward target (joint=wrist) latency=0.328s dev=0.0245
2026-08-25 14:08:06.338 [A/9] fb ok t+0.328 j=[0.724, -0.2454, 2.0463, -0.1043, -0.0031, 0.0261] err_to_target=0.0566 (read 46ms)
2026-08-25 14:08:06.443 [A/9] fb ok t+0.429 j=[0.7133, -0.2454, 2.0463, -0.0966, -0.0031, 0.0261] err_to_target=0.0459 (read 49ms)
2026-08-25 14:08:06.547 [A/9] fb ok t+0.532 j=[0.7026, -0.2454, 2.0463, -0.0966, -0.0031, 0.0261] err_to_target=0.0351 (read 51ms)
2026-08-25 14:08:06.652 [A/9] fb ok t+0.635 j=[0.701, -0.2454, 2.0463, -0.0966, -0.0031, 0.0261] err_to_target=0.0336 (read 53ms)
2026-08-25 14:08:06.757 [A/9] fb ok t+0.738 j=[0.701, -0.2454, 2.0463, -0.0966, -0.0031, 0.0261] err_to_target=0.0336 (read 55ms)
2026-08-25 14:08:06.862 [A/9] fb ok t+0.840 j=[0.701, -0.2454, 2.0463, -0.0966, -0.0031, 0.0261] err_to_target=0.0336 (read 58ms)
2026-08-25 14:08:06.933 [A/9] fb ok t+0.941 j=[0.701, -0.2454, 2.0463, -0.0966, -0.0031, 0.0261] err_to_target=0.0336 (read 27ms)
2026-08-25 14:08:07.038 [A/9] fb ok t+1.045 j=[0.701, -0.2454, 2.0463, -0.0966, -0.0031, 0.0261] err_to_target=0.0336 (read 28ms)
2026-08-25 14:08:07.143 [A/9] fb ok t+1.150 j=[0.701, -0.2454, 2.0463, -0.0966, -0.0031, 0.0261] err_to_target=0.0336 (read 29ms)
2026-08-25 14:08:07.248 [A/9] fb ok t+1.252 j=[0.701, -0.2454, 2.0463, -0.0966, -0.0031, 0.0261] err_to_target=0.0336 (read 32ms)
2026-08-25 14:08:07.353 [A/9] fb ok t+1.353 j=[0.701, -0.2454, 2.0463, -0.0966, -0.0031, 0.0261] err_to_target=0.0336 (read 35ms)
2026-08-25 14:08:07.457 [A/9] fb ok t+1.454 j=[0.701, -0.2454, 2.0463, -0.0966, -0.0031, 0.0261] err_to_target=0.0336 (read 39ms)
2026-08-25 14:08:07.563 [A/9] fb ok t+1.558 j=[0.701, -0.2454, 2.0463, -0.0966, -0.0031, 0.0261] err_to_target=0.0336 (read 41ms)
2026-08-25 14:08:07.667 [A/9] fb ok t+1.661 j=[0.701, -0.2454, 2.0463, -0.0966, -0.0031, 0.0261] err_to_target=0.0336 (read 42ms)
2026-08-25 14:08:07.772 [A/9] fb ok t+1.765 j=[0.701, -0.2454, 2.0463, -0.0966, -0.0031, 0.0261] err_to_target=0.0336 (read 43ms)
2026-08-25 14:08:07.877 [A/9] fb ok t+1.868 j=[0.701, -0.2454, 2.0463, -0.0966, -0.0031, 0.0261] err_to_target=0.0336 (read 45ms)
2026-08-25 14:08:07.982 [A/9] fb ok t+1.971 j=[0.701, -0.2454, 2.0463, -0.0966, -0.0031, 0.0261] err_to_target=0.0336 (read 47ms)
2026-08-25 14:08:08.087 [A/9] fb ok t+2.074 j=[0.701, -0.2454, 2.0463, -0.0966, -0.0031, 0.0261] err_to_target=0.0336 (read 49ms)
2026-08-25 14:08:08.192 [A/9] fb ok t+2.177 j=[0.701, -0.2454, 2.0463, -0.0966, -0.0031, 0.0261] err_to_target=0.0336 (read 51ms)
2026-08-25 14:08:08.297 [A/9] fb ok t+2.280 j=[0.701, -0.2454, 2.0463, -0.0966, -0.0031, 0.0261] err_to_target=0.0336 (read 53ms)
2026-08-25 14:08:08.402 [A/9] fb ok t+2.382 j=[0.701, -0.2454, 2.0463, -0.0966, -0.0031, 0.0261] err_to_target=0.0336 (read 55ms)
2026-08-25 14:08:08.507 [A/9] fb ok t+2.483 j=[0.701, -0.2454, 2.0463, -0.0966, -0.0031, 0.0261] err_to_target=0.0336 (read 59ms)
2026-08-25 14:08:08.578 [A/9] fb ok t+2.586 j=[0.701, -0.2454, 2.0463, -0.0966, -0.0031, 0.0261] err_to_target=0.0336 (read 28ms)
2026-08-25 14:08:08.683 [A/9] fb ok t+2.690 j=[0.701, -0.2454, 2.0463, -0.0966, -0.0031, 0.0261] err_to_target=0.0336 (read 28ms)
2026-08-25 14:08:08.788 [A/9] fb ok t+2.794 j=[0.701, -0.2454, 2.0463, -0.0966, -0.0031, 0.0261] err_to_target=0.0336 (read 29ms)
2026-08-25 14:08:08.893 [A/9] fb ok t+2.896 j=[0.701, -0.2454, 2.0463, -0.0966, -0.0031, 0.0261] err_to_target=0.0336 (read 32ms)
2026-08-25 14:08:08.997 [A/9] fb ok t+3.000 j=[0.701, -0.2454, 2.0463, -0.0966, -0.0031, 0.0261] err_to_target=0.0336 (read 33ms)
2026-08-25 14:08:09.102 [A/9] fb ok t+3.101 j=[0.701, -0.2454, 2.0463, -0.0966, -0.0031, 0.0261] err_to_target=0.0336 (read 37ms)
2026-08-25 14:08:09.207 [A/9] fb ok t+3.205 j=[0.701, -0.2454, 2.0463, -0.0966, -0.0031, 0.0261] err_to_target=0.0336 (read 38ms)
2026-08-25 14:08:09.313 [A/9] fb ok t+3.308 j=[0.701, -0.2454, 2.0463, -0.0966, -0.0031, 0.0261] err_to_target=0.0336 (read 40ms)
2026-08-25 14:08:09.417 [A/9] fb ok t+3.412 j=[0.701, -0.2454, 2.0463, -0.0966, -0.0031, 0.0261] err_to_target=0.0336 (read 41ms)
2026-08-25 14:08:09.522 [A/9] fb ok t+3.516 j=[0.701, -0.2454, 2.0463, -0.0966, -0.0031, 0.0261] err_to_target=0.0336 (read 42ms)
2026-08-25 14:08:09.627 [A/9] fb ok t+3.617 j=[0.701, -0.2454, 2.0463, -0.0966, -0.0031, 0.0261] err_to_target=0.0336 (read 46ms)
2026-08-25 14:08:09.732 [A/9] fb ok t+3.717 j=[0.701, -0.2454, 2.0463, -0.0966, -0.0031, 0.0261] err_to_target=0.0336 (read 51ms)
2026-08-25 14:08:09.837 [A/9] fb ok t+3.817 j=[0.701, -0.2454, 2.0463, -0.0966, -0.0031, 0.0261] err_to_target=0.0336 (read 55ms)
2026-08-25 14:08:09.942 [A/9] fb ok t+3.920 j=[0.701, -0.2454, 2.0463, -0.0966, -0.0031, 0.0261] err_to_target=0.0336 (read 58ms)
2026-08-25 14:08:10.013 [A/9] fb ok t+4.023 j=[0.701, -0.2454, 2.0463, -0.0966, -0.0031, 0.0261] err_to_target=0.0336 (read 26ms)
2026-08-25 14:08:10.118 [A/9] fb ok t+4.124 j=[0.701, -0.2454, 2.0463, -0.0966, -0.0031, 0.0261] err_to_target=0.0336 (read 30ms)
2026-08-25 14:08:10.223 [A/9] fb ok t+4.228 j=[0.701, -0.2454, 2.0463, -0.0966, -0.0031, 0.0261] err_to_target=0.0336 (read 30ms)
2026-08-25 14:08:10.328 [A/9] fb ok t+4.332 j=[0.701, -0.2454, 2.0463, -0.0966, -0.0031, 0.0261] err_to_target=0.0336 (read 31ms)
2026-08-25 14:08:10.432 [A/9] fb ok t+4.436 j=[0.701, -0.2454, 2.0463, -0.0966, -0.0031, 0.0261] err_to_target=0.0336 (read 32ms)
2026-08-25 14:08:10.538 [A/9] fb ok t+4.540 j=[0.701, -0.2454, 2.0463, -0.0966, -0.0031, 0.0261] err_to_target=0.0336 (read 33ms)
2026-08-25 14:08:10.642 [A/9] fb ok t+4.644 j=[0.701, -0.2454, 2.0463, -0.0966, -0.0031, 0.0261] err_to_target=0.0336 (read 34ms)
2026-08-25 14:08:10.747 [A/9] fb ok t+4.748 j=[0.701, -0.2454, 2.0463, -0.0966, -0.0031, 0.0261] err_to_target=0.0336 (read 35ms)
2026-08-25 14:08:10.853 [A/9] fb ok t+4.852 j=[0.701, -0.2454, 2.0463, -0.0966, -0.0031, 0.0261] err_to_target=0.0336 (read 36ms)
2026-08-25 14:08:10.957 [A/9] fb ok t+4.954 j=[0.701, -0.2454, 2.0463, -0.0966, -0.0031, 0.0261] err_to_target=0.0336 (read 40ms)
2026-08-25 14:08:11.063 [A/9] fb ok t+5.057 j=[0.701, -0.2454, 2.0463, -0.0966, -0.0031, 0.0261] err_to_target=0.0336 (read 41ms)
2026-08-25 14:08:11.167 [A/9] fb ok t+5.161 j=[0.701, -0.2454, 2.0463, -0.0966, -0.0031, 0.0261] err_to_target=0.0336 (read 42ms)
2026-08-25 14:08:11.272 [A/9] fb ok t+5.264 j=[0.701, -0.2454, 2.0463, -0.0966, -0.0031, 0.0261] err_to_target=0.0336 (read 44ms)
2026-08-25 14:08:11.377 [A/9] fb ok t+5.365 j=[0.701, -0.2454, 2.0463, -0.0966, -0.0031, 0.0261] err_to_target=0.0336 (read 48ms)
2026-08-25 14:08:11.482 [A/9] fb ok t+5.466 j=[0.701, -0.2454, 2.0463, -0.0966, -0.0031, 0.0261] err_to_target=0.0336 (read 52ms)
2026-08-25 14:08:11.587 [A/9] fb ok t+5.568 j=[0.701, -0.2454, 2.0463, -0.0966, -0.0031, 0.0261] err_to_target=0.0336 (read 55ms)
2026-08-25 14:08:11.692 [A/9] fb ok t+5.668 j=[0.701, -0.2454, 2.0463, -0.0966, -0.0031, 0.0261] err_to_target=0.0336 (read 60ms)
2026-08-25 14:08:11.763 [A/9] fb ok t+5.771 j=[0.701, -0.2454, 2.0463, -0.0966, -0.0031, 0.0261] err_to_target=0.0336 (read 28ms)
2026-08-25 14:08:11.868 [A/9] fb ok t+5.875 j=[0.701, -0.2454, 2.0463, -0.0966, -0.0031, 0.0261] err_to_target=0.0336 (read 29ms)
2026-08-25 14:08:11.973 [A/9] fb ok t+5.979 j=[0.701, -0.2454, 2.0463, -0.0966, -0.0031, 0.0261] err_to_target=0.0336 (read 29ms)
2026-08-25 14:08:12.078 [A/9] fb ok t+6.083 j=[0.701, -0.2454, 2.0463, -0.0966, -0.0031, 0.0261] err_to_target=0.0336 (read 30ms)
2026-08-25 14:08:12.183 [A/9] fb ok t+6.188 j=[0.701, -0.2454, 2.0463, -0.0966, -0.0031, 0.0261] err_to_target=0.0336 (read 31ms)
2026-08-25 14:08:12.288 [A/9] fb ok t+6.292 j=[0.701, -0.2454, 2.0463, -0.0966, -0.0031, 0.0261] err_to_target=0.0336 (read 31ms)
2026-08-25 14:08:12.393 [A/9] fb ok t+6.396 j=[0.701, -0.2454, 2.0463, -0.0966, -0.0031, 0.0261] err_to_target=0.0336 (read 32ms)
2026-08-25 14:08:12.498 [A/9] fb ok t+6.500 j=[0.701, -0.2454, 2.0463, -0.0966, -0.0031, 0.0261] err_to_target=0.0336 (read 33ms)
2026-08-25 14:08:12.602 [A/9] fb ok t+6.603 j=[0.701, -0.2454, 2.0463, -0.0966, -0.0031, 0.0261] err_to_target=0.0336 (read 35ms)
2026-08-25 14:08:12.708 [A/9] fb ok t+6.707 j=[0.701, -0.2454, 2.0463, -0.0966, -0.0031, 0.0261] err_to_target=0.0336 (read 37ms)
2026-08-25 14:08:12.813 [A/9] fb ok t+6.810 j=[0.701, -0.2454, 2.0463, -0.0966, -0.0031, 0.0261] err_to_target=0.0336 (read 38ms)
2026-08-25 14:08:12.918 [A/9] fb ok t+6.914 j=[0.701, -0.2454, 2.0463, -0.0966, -0.0031, 0.0261] err_to_target=0.0336 (read 39ms)
2026-08-25 14:08:13.023 [A/9] fb ok t+7.015 j=[0.701, -0.2454, 2.0463, -0.0966, -0.0031, 0.0261] err_to_target=0.0336 (read 43ms)
2026-08-25 14:08:13.128 [A/9] fb ok t+7.119 j=[0.701, -0.2454, 2.0463, -0.0966, -0.0031, 0.0261] err_to_target=0.0336 (read 45ms)
2026-08-25 14:08:13.233 [A/9] fb ok t+7.222 j=[0.701, -0.2454, 2.0463, -0.0966, -0.0031, 0.0261] err_to_target=0.0336 (read 46ms)
2026-08-25 14:08:13.337 [A/9] fb ok t+7.323 j=[0.701, -0.2454, 2.0463, -0.0966, -0.0031, 0.0261] err_to_target=0.0336 (read 50ms)
2026-08-25 14:08:13.442 [A/9] fb ok t+7.426 j=[0.701, -0.2454, 2.0463, -0.0966, -0.0031, 0.0261] err_to_target=0.0336 (read 52ms)
2026-08-25 14:08:13.547 [A/9] fb ok t+7.529 j=[0.701, -0.2454, 2.0463, -0.0966, -0.0031, 0.0261] err_to_target=0.0336 (read 54ms)
2026-08-25 14:08:13.652 [A/9] fb ok t+7.631 j=[0.701, -0.2454, 2.0463, -0.0966, -0.0031, 0.0261] err_to_target=0.0336 (read 57ms)
2026-08-25 14:08:13.758 [A/9] fb ok t+7.734 j=[0.701, -0.2454, 2.0463, -0.0966, -0.0031, 0.0261] err_to_target=0.0336 (read 59ms)
2026-08-25 14:08:13.828 [A/9] fb ok t+7.836 j=[0.701, -0.2454, 2.0463, -0.0966, -0.0031, 0.0261] err_to_target=0.0336 (read 27ms)
2026-08-25 14:08:13.933 [A/9] fb ok t+7.941 j=[0.701, -0.2454, 2.0463, -0.0966, -0.0031, 0.0261] err_to_target=0.0336 (read 28ms)
2026-08-25 14:08:14.038 [A/9] fb ok t+8.045 j=[0.701, -0.2454, 2.0463, -0.0966, -0.0031, 0.0261] err_to_target=0.0336 (read 28ms)
2026-08-25 14:08:14.143 [A/9] fb ok t+8.147 j=[0.701, -0.2454, 2.0463, -0.0966, -0.0031, 0.0261] err_to_target=0.0336 (read 31ms)
2026-08-25 14:08:14.248 [A/9] fb ok t+8.252 j=[0.701, -0.2454, 2.0463, -0.0966, -0.0031, 0.0261] err_to_target=0.0336 (read 32ms)
2026-08-25 14:08:14.353 [A/9] fb ok t+8.356 j=[0.701, -0.2454, 2.0463, -0.0966, -0.0031, 0.0261] err_to_target=0.0336 (read 33ms)
2026-08-25 14:08:14.458 [A/9] fb ok t+8.460 j=[0.701, -0.2454, 2.0463, -0.0966, -0.0031, 0.0261] err_to_target=0.0336 (read 34ms)
2026-08-25 14:08:14.562 [A/9] fb ok t+8.564 j=[0.701, -0.2454, 2.0463, -0.0966, -0.0031, 0.0261] err_to_target=0.0336 (read 34ms)
2026-08-25 14:08:14.668 [A/9] fb ok t+8.668 j=[0.701, -0.2454, 2.0463, -0.0966, -0.0031, 0.0261] err_to_target=0.0336 (read 36ms)
2026-08-25 14:08:14.773 [A/9] fb ok t+8.772 j=[0.701, -0.2454, 2.0463, -0.0966, -0.0031, 0.0261] err_to_target=0.0336 (read 37ms)
2026-08-25 14:08:14.878 [A/9] fb ok t+8.873 j=[0.701, -0.2454, 2.0463, -0.0966, -0.0031, 0.0261] err_to_target=0.0336 (read 41ms)
2026-08-25 14:08:14.983 [A/9] fb ok t+8.976 j=[0.701, -0.2454, 2.0463, -0.0966, -0.0031, 0.0261] err_to_target=0.0336 (read 43ms)
2026-08-25 14:08:15.088 [A/9] fb ok t+9.079 j=[0.701, -0.2454, 2.0463, -0.0966, -0.0031, 0.0261] err_to_target=0.0336 (read 45ms)
2026-08-25 14:08:15.193 [A/9] fb ok t+9.182 j=[0.701, -0.2454, 2.0463, -0.0966, -0.0031, 0.0261] err_to_target=0.0336 (read 46ms)
2026-08-25 14:08:15.297 [A/9] fb ok t+9.286 j=[0.701, -0.2454, 2.0463, -0.0966, -0.0031, 0.0261] err_to_target=0.0336 (read 48ms)
2026-08-25 14:08:15.402 [A/9] fb ok t+9.389 j=[0.701, -0.2454, 2.0463, -0.0966, -0.0031, 0.0261] err_to_target=0.0336 (read 49ms)
2026-08-25 14:08:15.507 [A/9] fb ok t+9.492 j=[0.701, -0.2454, 2.0463, -0.0966, -0.0031, 0.0261] err_to_target=0.0336 (read 52ms)
2026-08-25 14:08:15.612 [A/9] fb ok t+9.595 j=[0.701, -0.2454, 2.0463, -0.0966, -0.0031, 0.0261] err_to_target=0.0336 (read 54ms)
2026-08-25 14:08:15.718 [A/9] fb ok t+9.697 j=[0.701, -0.2454, 2.0463, -0.0966, -0.0031, 0.0261] err_to_target=0.0336 (read 56ms)
2026-08-25 14:08:15.822 [A/9] fb ok t+9.800 j=[0.701, -0.2454, 2.0463, -0.0966, -0.0031, 0.0261] err_to_target=0.0336 (read 58ms)
2026-08-25 14:08:15.893 [A/9] fb ok t+9.903 j=[0.701, -0.2454, 2.0463, -0.0966, -0.0031, 0.0261] err_to_target=0.0336 (read 26ms)
2026-08-25 14:08:15.998 [A/9] fb ok t+10.006 j=[0.701, -0.2454, 2.0463, -0.0966, -0.0031, 0.0261] err_to_target=0.0336 (read 28ms)
2026-08-25 14:08:16.103 [A/9] fb ok t+10.108 j=[0.701, -0.2454, 2.0463, -0.0966, -0.0031, 0.0261] err_to_target=0.0336 (read 31ms)
2026-08-25 14:08:16.208 [A/9] fb ok t+10.212 j=[0.701, -0.2454, 2.0463, -0.0966, -0.0031, 0.0261] err_to_target=0.0336 (read 32ms)
2026-08-25 14:08:16.313 [A/9] fb ok t+10.316 j=[0.701, -0.2454, 2.0463, -0.0966, -0.0031, 0.0261] err_to_target=0.0336 (read 33ms)
2026-08-25 14:08:16.418 [A/9] fb ok t+10.418 j=[0.701, -0.2454, 2.0463, -0.0966, -0.0031, 0.0261] err_to_target=0.0336 (read 36ms)
2026-08-25 14:08:16.523 [A/9] fb ok t+10.522 j=[0.701, -0.2454, 2.0463, -0.0966, -0.0031, 0.0261] err_to_target=0.0336 (read 37ms)
2026-08-25 14:08:16.628 [A/9] fb ok t+10.625 j=[0.701, -0.2454, 2.0463, -0.0966, -0.0031, 0.0261] err_to_target=0.0336 (read 38ms)
2026-08-25 14:08:16.733 [A/9] fb ok t+10.729 j=[0.701, -0.2454, 2.0463, -0.0966, -0.0031, 0.0261] err_to_target=0.0336 (read 40ms)
2026-08-25 14:08:16.838 [A/9] fb ok t+10.833 j=[0.701, -0.2454, 2.0463, -0.0966, -0.0031, 0.0261] err_to_target=0.0336 (read 41ms)
2026-08-25 14:08:16.943 [A/9] fb ok t+10.934 j=[0.701, -0.2454, 2.0463, -0.0966, -0.0031, 0.0261] err_to_target=0.0336 (read 45ms)
2026-08-25 14:08:17.048 [A/9] fb ok t+11.037 j=[0.701, -0.2454, 2.0463, -0.0966, -0.0031, 0.0261] err_to_target=0.0336 (read 46ms)
2026-08-25 14:08:17.153 [A/9] fb ok t+11.140 j=[0.701, -0.2454, 2.0463, -0.0966, -0.0031, 0.0261] err_to_target=0.0336 (read 48ms)
2026-08-25 14:08:17.258 [A/9] fb ok t+11.243 j=[0.701, -0.2454, 2.0463, -0.0966, -0.0031, 0.0261] err_to_target=0.0336 (read 50ms)
2026-08-25 14:08:17.363 [A/9] fb ok t+11.346 j=[0.701, -0.2454, 2.0463, -0.0966, -0.0031, 0.0261] err_to_target=0.0336 (read 52ms)
2026-08-25 14:08:17.468 [A/9] fb ok t+11.447 j=[0.701, -0.2454, 2.0463, -0.0966, -0.0031, 0.0261] err_to_target=0.0336 (read 57ms)
2026-08-25 14:08:17.538 [A/9] fb ok t+11.548 j=[0.701, -0.2454, 2.0463, -0.0966, -0.0031, 0.0261] err_to_target=0.0336 (read 26ms)
2026-08-25 14:08:17.643 [A/9] fb ok t+11.653 j=[0.701, -0.2454, 2.0463, -0.0966, -0.0031, 0.0261] err_to_target=0.0336 (read 26ms)
2026-08-25 14:08:17.748 [A/9] fb ok t+11.757 j=[0.701, -0.2454, 2.0463, -0.0966, -0.0031, 0.0261] err_to_target=0.0336 (read 27ms)
2026-08-25 14:08:17.853 [A/9] fb ok t+11.862 j=[0.701, -0.2454, 2.0463, -0.0966, -0.0031, 0.0261] err_to_target=0.0336 (read 27ms)
2026-08-25 14:08:17.958 [A/9] fb ok t+11.963 j=[0.701, -0.2454, 2.0463, -0.0966, -0.0031, 0.0261] err_to_target=0.0336 (read 31ms)
2026-08-25 14:08:18.063 [A/9] fb ok t+12.067 j=[0.701, -0.2454, 2.0463, -0.0966, -0.0031, 0.0261] err_to_target=0.0336 (read 32ms)
2026-08-25 14:08:18.168 [A/9] fb ok t+12.169 j=[0.701, -0.2454, 2.0463, -0.0966, -0.0031, 0.0261] err_to_target=0.0336 (read 35ms)
2026-08-25 14:08:18.273 [A/9] fb ok t+12.273 j=[0.701, -0.2454, 2.0463, -0.0966, -0.0031, 0.0261] err_to_target=0.0336 (read 36ms)
2026-08-25 14:08:18.378 [A/9] fb ok t+12.377 j=[0.701, -0.2454, 2.0463, -0.0966, -0.0031, 0.0261] err_to_target=0.0336 (read 37ms)
2026-08-25 14:08:18.483 [A/9] fb ok t+12.478 j=[0.701, -0.2454, 2.0463, -0.0966, -0.0031, 0.0261] err_to_target=0.0336 (read 41ms)
2026-08-25 14:08:18.588 [A/9] fb ok t+12.582 j=[0.701, -0.2454, 2.0463, -0.0966, -0.0031, 0.0261] err_to_target=0.0336 (read 42ms)
2026-08-25 14:08:18.693 [A/9] fb ok t+12.685 j=[0.701, -0.2454, 2.0463, -0.0966, -0.0031, 0.0261] err_to_target=0.0336 (read 44ms)
2026-08-25 14:08:18.798 [A/9] fb ok t+12.789 j=[0.701, -0.2454, 2.0463, -0.0966, -0.0031, 0.0261] err_to_target=0.0336 (read 45ms)
2026-08-25 14:08:18.903 [A/9] fb ok t+12.889 j=[0.701, -0.2454, 2.0463, -0.0966, -0.0031, 0.0261] err_to_target=0.0336 (read 49ms)
2026-08-25 14:08:19.008 [A/9] fb ok t+12.992 j=[0.701, -0.2454, 2.0463, -0.0966, -0.0031, 0.0261] err_to_target=0.0336 (read 51ms)
2026-08-25 14:08:19.113 [A/9] fb ok t+13.095 j=[0.701, -0.2454, 2.0463, -0.0966, -0.0031, 0.0261] err_to_target=0.0336 (read 53ms)
2026-08-25 14:08:19.218 [A/9] fb ok t+13.198 j=[0.701, -0.2454, 2.0463, -0.0966, -0.0031, 0.0261] err_to_target=0.0336 (read 55ms)
2026-08-25 14:08:19.288 [A/9] fb ok t+13.299 j=[0.701, -0.2454, 2.0463, -0.0966, -0.0031, 0.0261] err_to_target=0.0336 (read 26ms)
2026-08-25 14:08:19.393 [A/9] fb ok t+13.403 j=[0.701, -0.2454, 2.0463, -0.0966, -0.0031, 0.0261] err_to_target=0.0336 (read 26ms)
2026-08-25 14:08:19.498 [A/9] fb ok t+13.508 j=[0.701, -0.2454, 2.0463, -0.0966, -0.0031, 0.0261] err_to_target=0.0336 (read 26ms)
2026-08-25 14:08:19.603 [A/9] fb ok t+13.612 j=[0.701, -0.2454, 2.0463, -0.0966, -0.0031, 0.0261] err_to_target=0.0336 (read 27ms)
2026-08-25 14:08:19.708 [A/9] fb ok t+13.716 j=[0.701, -0.2454, 2.0463, -0.0966, -0.0031, 0.0261] err_to_target=0.0336 (read 28ms)
2026-08-25 14:08:19.813 [A/9] fb ok t+13.821 j=[0.701, -0.2454, 2.0463, -0.0966, -0.0031, 0.0261] err_to_target=0.0336 (read 29ms)
2026-08-25 14:08:19.919 [A/9] fb ok t+13.925 j=[0.701, -0.2454, 2.0463, -0.0966, -0.0031, 0.0261] err_to_target=0.0336 (read 29ms)
2026-08-25 14:08:20.023 [A/9] fb ok t+14.029 j=[0.701, -0.2454, 2.0463, -0.0966, -0.0031, 0.0261] err_to_target=0.0336 (read 30ms)
2026-08-25 14:08:20.128 [A/9] fb ok t+14.134 j=[0.701, -0.2454, 2.0463, -0.0966, -0.0031, 0.0261] err_to_target=0.0336 (read 31ms)
2026-08-25 14:08:20.233 [A/9] fb ok t+14.238 j=[0.701, -0.2454, 2.0463, -0.0966, -0.0031, 0.0261] err_to_target=0.0336 (read 31ms)
2026-08-25 14:08:20.338 [A/9] fb ok t+14.342 j=[0.701, -0.2454, 2.0463, -0.0966, -0.0031, 0.0261] err_to_target=0.0336 (read 32ms)
2026-08-25 14:08:20.443 [A/9] fb ok t+14.446 j=[0.701, -0.2454, 2.0463, -0.0966, -0.0031, 0.0261] err_to_target=0.0336 (read 33ms)
2026-08-25 14:08:20.548 [A/9] fb ok t+14.548 j=[0.701, -0.2454, 2.0463, -0.0966, -0.0031, 0.0261] err_to_target=0.0336 (read 37ms)
2026-08-25 14:08:20.653 [A/9] fb ok t+14.651 j=[0.701, -0.2454, 2.0463, -0.0966, -0.0031, 0.0261] err_to_target=0.0336 (read 38ms)
2026-08-25 14:08:20.758 [A/9] fb ok t+14.755 j=[0.701, -0.2454, 2.0463, -0.0966, -0.0031, 0.0261] err_to_target=0.0336 (read 39ms)
2026-08-25 14:08:20.863 [A/9] fb ok t+14.859 j=[0.701, -0.2454, 2.0463, -0.0966, -0.0031, 0.0261] err_to_target=0.0336 (read 40ms)
2026-08-25 14:08:20.968 [A/9] fb ok t+14.962 j=[0.701, -0.2454, 2.0463, -0.0966, -0.0031, 0.0261] err_to_target=0.0336 (read 42ms)
2026-08-25 14:08:41.181 [A/10]pre SETUP move to [0.6674, -0.2531, 2.0371, -0.0918, -0.0031, 0.0261] (repeated target, not measured)
2026-08-25 14:09:16.336 [A/10]pre SETUP done sends=56 settled=False final=[0.701, -0.2454, 2.0463, -0.0966, -0.0031, 0.0261]
2026-08-25 14:09:16.336 [A/10]pre WARNING: setup move did not settle; continuing (pose drift possible)
2026-08-25 14:09:16.336 [A/10] dwell 3.0s before send
2026-08-25 14:09:19.628 [A/10] SENT T=102 B->A target=[0.7547, -0.2531, 2.0371, -0.1442, -0.0031, 0.0261] ([43.24, -14.5, 116.72, -8.26, -0.18, 1.5]) speed=180 acc=10 ret=b'{"T": 102, "base": 0.7547, "shoulder": -0.2531, "elbow": 2.0371, "wrist": -0.1442, "roll": -0.0031, "hand": 3.115492653589793, "spd": 180, "acc": 10}\n'
2026-08-25 14:09:19.660 [A/10] fb ok t+0.020 j=[0.701, -0.2454, 2.0463, -0.0966, -0.0031, 0.0261] err_to_target=0.0537 (read 32ms)
2026-08-25 14:09:19.767 [A/10] fb ok t+0.125 j=[0.701, -0.2454, 2.0463, -0.0966, -0.0031, 0.0261] err_to_target=0.0537 (read 35ms)
2026-08-25 14:09:19.874 [A/10] fb ok t+0.228 j=[0.701, -0.2454, 2.0463, -0.1028, -0.0031, 0.0261] err_to_target=0.0537 (read 38ms)
2026-08-25 14:09:19.979 [A/10] MOTION toward target (joint=wrist) latency=0.332s dev=0.0245
2026-08-25 14:09:19.979 [A/10] fb ok t+0.332 j=[0.701, -0.2454, 2.0463, -0.1212, -0.0031, 0.0261] err_to_target=0.0537 (read 39ms)
2026-08-25 14:09:20.084 [A/10] fb ok t+0.436 j=[0.7102, -0.2454, 2.0463, -0.1289, -0.0031, 0.0261] err_to_target=0.0445 (read 41ms)
2026-08-25 14:09:20.189 [A/10] fb ok t+0.539 j=[0.7225, -0.2454, 2.0463, -0.1289, -0.0031, 0.0261] err_to_target=0.0322 (read 42ms)
2026-08-25 14:09:20.294 [A/10] fb ok t+0.643 j=[0.724, -0.2454, 2.0463, -0.1289, -0.0031, 0.0261] err_to_target=0.0307 (read 44ms)
2026-08-25 14:09:20.399 [A/10] fb ok t+0.746 j=[0.724, -0.2454, 2.0463, -0.1289, -0.0031, 0.0261] err_to_target=0.0307 (read 45ms)
2026-08-25 14:09:20.503 [A/10] fb ok t+0.849 j=[0.724, -0.2454, 2.0463, -0.1289, -0.0031, 0.0261] err_to_target=0.0307 (read 48ms)
2026-08-25 14:09:20.608 [A/10] fb ok t+0.952 j=[0.724, -0.2454, 2.0463, -0.1289, -0.0031, 0.0261] err_to_target=0.0307 (read 49ms)
2026-08-25 14:09:20.714 [A/10] fb ok t+1.055 j=[0.724, -0.2454, 2.0463, -0.1289, -0.0031, 0.0261] err_to_target=0.0307 (read 51ms)
2026-08-25 14:09:20.818 [A/10] fb ok t+1.155 j=[0.724, -0.2454, 2.0463, -0.1289, -0.0031, 0.0261] err_to_target=0.0307 (read 56ms)
2026-08-25 14:09:20.924 [A/10] fb ok t+1.256 j=[0.724, -0.2454, 2.0463, -0.1289, -0.0031, 0.0261] err_to_target=0.0307 (read 60ms)
2026-08-25 14:09:20.994 [A/10] fb ok t+1.359 j=[0.724, -0.2454, 2.0463, -0.1289, -0.0031, 0.0261] err_to_target=0.0307 (read 28ms)
2026-08-25 14:09:21.099 [A/10] fb ok t+1.461 j=[0.724, -0.2454, 2.0463, -0.1289, -0.0031, 0.0261] err_to_target=0.0307 (read 31ms)
2026-08-25 14:09:21.204 [A/10] fb ok t+1.565 j=[0.724, -0.2454, 2.0463, -0.1289, -0.0031, 0.0261] err_to_target=0.0307 (read 32ms)
2026-08-25 14:09:21.309 [A/10] fb ok t+1.669 j=[0.724, -0.2454, 2.0463, -0.1289, -0.0031, 0.0261] err_to_target=0.0307 (read 33ms)
2026-08-25 14:09:21.414 [A/10] fb ok t+1.770 j=[0.724, -0.2454, 2.0463, -0.1289, -0.0031, 0.0261] err_to_target=0.0307 (read 36ms)
2026-08-25 14:09:21.519 [A/10] fb ok t+1.874 j=[0.724, -0.2454, 2.0463, -0.1289, -0.0031, 0.0261] err_to_target=0.0307 (read 37ms)
2026-08-25 14:09:21.624 [A/10] fb ok t+1.978 j=[0.724, -0.2454, 2.0463, -0.1289, -0.0031, 0.0261] err_to_target=0.0307 (read 39ms)
2026-08-25 14:09:21.729 [A/10] fb ok t+2.082 j=[0.724, -0.2454, 2.0463, -0.1289, -0.0031, 0.0261] err_to_target=0.0307 (read 40ms)
2026-08-25 14:09:21.834 [A/10] fb ok t+2.184 j=[0.724, -0.2454, 2.0463, -0.1289, -0.0031, 0.0261] err_to_target=0.0307 (read 43ms)
2026-08-25 14:09:21.939 [A/10] fb ok t+2.288 j=[0.724, -0.2454, 2.0463, -0.1289, -0.0031, 0.0261] err_to_target=0.0307 (read 44ms)
2026-08-25 14:09:22.044 [A/10] fb ok t+2.391 j=[0.724, -0.2454, 2.0463, -0.1289, -0.0031, 0.0261] err_to_target=0.0307 (read 46ms)
2026-08-25 14:09:22.149 [A/10] fb ok t+2.492 j=[0.724, -0.2454, 2.0463, -0.1289, -0.0031, 0.0261] err_to_target=0.0307 (read 50ms)
2026-08-25 14:09:22.254 [A/10] fb ok t+2.595 j=[0.724, -0.2454, 2.0463, -0.1289, -0.0031, 0.0261] err_to_target=0.0307 (read 52ms)
2026-08-25 14:09:22.359 [A/10] fb ok t+2.698 j=[0.724, -0.2454, 2.0463, -0.1289, -0.0031, 0.0261] err_to_target=0.0307 (read 54ms)
2026-08-25 14:09:22.464 [A/10] fb ok t+2.800 j=[0.724, -0.2454, 2.0463, -0.1289, -0.0031, 0.0261] err_to_target=0.0307 (read 57ms)
2026-08-25 14:09:22.570 [A/10] fb ok t+2.903 j=[0.724, -0.2454, 2.0463, -0.1289, -0.0031, 0.0261] err_to_target=0.0307 (read 59ms)
2026-08-25 14:09:22.640 [A/10] fb ok t+3.006 j=[0.724, -0.2454, 2.0463, -0.1289, -0.0031, 0.0261] err_to_target=0.0307 (read 27ms)
2026-08-25 14:09:22.745 [A/10] fb ok t+3.110 j=[0.724, -0.2454, 2.0463, -0.1289, -0.0031, 0.0261] err_to_target=0.0307 (read 28ms)
2026-08-25 14:09:22.851 [A/10] fb ok t+3.214 j=[0.724, -0.2454, 2.0463, -0.1289, -0.0031, 0.0261] err_to_target=0.0307 (read 29ms)
2026-08-25 14:09:22.956 [A/10] fb ok t+3.319 j=[0.724, -0.2454, 2.0463, -0.1289, -0.0031, 0.0261] err_to_target=0.0307 (read 30ms)
2026-08-25 14:09:23.061 [A/10] fb ok t+3.423 j=[0.724, -0.2454, 2.0463, -0.1289, -0.0031, 0.0261] err_to_target=0.0307 (read 30ms)
2026-08-25 14:09:23.166 [A/10] fb ok t+3.525 j=[0.724, -0.2454, 2.0463, -0.1289, -0.0031, 0.0261] err_to_target=0.0307 (read 34ms)
2026-08-25 14:09:23.271 [A/10] fb ok t+3.629 j=[0.724, -0.2454, 2.0463, -0.1289, -0.0031, 0.0261] err_to_target=0.0307 (read 35ms)
2026-08-25 14:09:23.376 [A/10] fb ok t+3.733 j=[0.724, -0.2454, 2.0463, -0.1289, -0.0031, 0.0261] err_to_target=0.0307 (read 36ms)
2026-08-25 14:09:23.481 [A/10] fb ok t+3.834 j=[0.724, -0.2454, 2.0463, -0.1289, -0.0031, 0.0261] err_to_target=0.0307 (read 41ms)
2026-08-25 14:09:23.587 [A/10] fb ok t+3.935 j=[0.724, -0.2454, 2.0463, -0.1289, -0.0031, 0.0261] err_to_target=0.0307 (read 45ms)
2026-08-25 14:09:23.692 [A/10] fb ok t+4.038 j=[0.724, -0.2454, 2.0463, -0.1289, -0.0031, 0.0261] err_to_target=0.0307 (read 46ms)
2026-08-25 14:09:23.797 [A/10] fb ok t+4.141 j=[0.724, -0.2454, 2.0463, -0.1289, -0.0031, 0.0261] err_to_target=0.0307 (read 48ms)
2026-08-25 14:09:23.902 [A/10] fb ok t+4.245 j=[0.724, -0.2454, 2.0463, -0.1289, -0.0031, 0.0261] err_to_target=0.0307 (read 50ms)
2026-08-25 14:09:24.007 [A/10] fb ok t+4.345 j=[0.724, -0.2454, 2.0463, -0.1289, -0.0031, 0.0261] err_to_target=0.0307 (read 54ms)
2026-08-25 14:09:24.112 [A/10] fb ok t+4.448 j=[0.724, -0.2454, 2.0463, -0.1289, -0.0031, 0.0261] err_to_target=0.0307 (read 57ms)
2026-08-25 14:09:24.217 [A/10] fb ok t+4.550 j=[0.724, -0.2454, 2.0463, -0.1289, -0.0031, 0.0261] err_to_target=0.0307 (read 59ms)
2026-08-25 14:09:24.288 [A/10] fb ok t+4.653 j=[0.724, -0.2454, 2.0463, -0.1289, -0.0031, 0.0261] err_to_target=0.0307 (read 27ms)
2026-08-25 14:09:24.393 [A/10] fb ok t+4.758 j=[0.724, -0.2454, 2.0463, -0.1289, -0.0031, 0.0261] err_to_target=0.0307 (read 28ms)
2026-08-25 14:09:24.498 [A/10] fb ok t+4.860 j=[0.724, -0.2454, 2.0463, -0.1289, -0.0031, 0.0261] err_to_target=0.0307 (read 31ms)
2026-08-25 14:09:24.603 [A/10] fb ok t+4.963 j=[0.724, -0.2454, 2.0463, -0.1289, -0.0031, 0.0261] err_to_target=0.0307 (read 33ms)
2026-08-25 14:09:24.708 [A/10] fb ok t+5.067 j=[0.724, -0.2454, 2.0463, -0.1289, -0.0031, 0.0261] err_to_target=0.0307 (read 34ms)
2026-08-25 14:09:24.813 [A/10] fb ok t+5.168 j=[0.724, -0.2454, 2.0463, -0.1289, -0.0031, 0.0261] err_to_target=0.0307 (read 38ms)
2026-08-25 14:09:24.918 [A/10] fb ok t+5.269 j=[0.724, -0.2454, 2.0463, -0.1289, -0.0031, 0.0261] err_to_target=0.0307 (read 42ms)
2026-08-25 14:09:25.024 [A/10] fb ok t+5.373 j=[0.724, -0.2454, 2.0463, -0.1289, -0.0031, 0.0261] err_to_target=0.0307 (read 44ms)
2026-08-25 14:09:25.129 [A/10] fb ok t+5.476 j=[0.724, -0.2454, 2.0463, -0.1289, -0.0031, 0.0261] err_to_target=0.0307 (read 45ms)
2026-08-25 14:09:25.234 [A/10] fb ok t+5.580 j=[0.724, -0.2454, 2.0463, -0.1289, -0.0031, 0.0261] err_to_target=0.0307 (read 47ms)
2026-08-25 14:09:25.339 [A/10] fb ok t+5.683 j=[0.724, -0.2454, 2.0463, -0.1289, -0.0031, 0.0261] err_to_target=0.0307 (read 49ms)
2026-08-25 14:09:25.444 [A/10] fb ok t+5.786 j=[0.724, -0.2454, 2.0463, -0.1289, -0.0031, 0.0261] err_to_target=0.0307 (read 51ms)
2026-08-25 14:09:25.549 [A/10] fb ok t+5.887 j=[0.724, -0.2454, 2.0463, -0.1289, -0.0031, 0.0261] err_to_target=0.0307 (read 55ms)
2026-08-25 14:09:25.654 [A/10] fb ok t+5.990 j=[0.724, -0.2454, 2.0463, -0.1289, -0.0031, 0.0261] err_to_target=0.0307 (read 58ms)
2026-08-25 14:09:23.859 [A/10] fb ok t+6.091 j=[0.724, -0.2454, 2.0463, -0.1289, -0.0031, 0.0261] err_to_target=0.0307 (read -1839ms)
2026-08-25 14:09:25.857 [A/10] fb ok t+6.209 j=[0.724, -0.2454, 2.0463, -0.1289, -0.0031, 0.0261] err_to_target=0.0307 (read 41ms)
2026-08-25 14:09:25.962 [A/10] fb ok t+6.311 j=[0.724, -0.2454, 2.0463, -0.1289, -0.0031, 0.0261] err_to_target=0.0307 (read 44ms)
2026-08-25 14:09:26.067 [A/10] fb ok t+6.414 j=[0.724, -0.2454, 2.0463, -0.1289, -0.0031, 0.0261] err_to_target=0.0307 (read 46ms)
2026-08-25 14:09:26.172 [A/10] fb ok t+6.518 j=[0.724, -0.2454, 2.0463, -0.1289, -0.0031, 0.0261] err_to_target=0.0307 (read 47ms)
2026-08-25 14:09:26.277 [A/10] fb ok t+6.621 j=[0.724, -0.2454, 2.0463, -0.1289, -0.0031, 0.0261] err_to_target=0.0307 (read 49ms)
2026-08-25 14:09:26.382 [A/10] fb ok t+6.724 j=[0.724, -0.2454, 2.0463, -0.1289, -0.0031, 0.0261] err_to_target=0.0307 (read 51ms)
2026-08-25 14:09:26.487 [A/10] fb ok t+6.827 j=[0.724, -0.2454, 2.0463, -0.1289, -0.0031, 0.0261] err_to_target=0.0307 (read 53ms)
2026-08-25 14:09:26.593 [A/10] fb ok t+6.928 j=[0.724, -0.2454, 2.0463, -0.1289, -0.0031, 0.0261] err_to_target=0.0307 (read 58ms)
2026-08-25 14:09:26.698 [A/10] fb ok t+7.030 j=[0.724, -0.2454, 2.0463, -0.1289, -0.0031, 0.0261] err_to_target=0.0307 (read 60ms)
2026-08-25 14:09:26.768 [A/10] fb ok t+7.133 j=[0.724, -0.2454, 2.0463, -0.1289, -0.0031, 0.0261] err_to_target=0.0307 (read 28ms)
2026-08-25 14:09:26.873 [A/10] fb ok t+7.237 j=[0.724, -0.2454, 2.0463, -0.1289, -0.0031, 0.0261] err_to_target=0.0307 (read 29ms)
2026-08-25 14:09:26.978 [A/10] fb ok t+7.341 j=[0.724, -0.2454, 2.0463, -0.1289, -0.0031, 0.0261] err_to_target=0.0307 (read 30ms)
2026-08-25 14:09:27.084 [A/10] fb ok t+7.446 j=[0.724, -0.2454, 2.0463, -0.1289, -0.0031, 0.0261] err_to_target=0.0307 (read 31ms)
2026-08-25 14:09:27.189 [A/10] fb ok t+7.550 j=[0.724, -0.2454, 2.0463, -0.1289, -0.0031, 0.0261] err_to_target=0.0307 (read 32ms)
2026-08-25 14:09:27.294 [A/10] fb ok t+7.654 j=[0.724, -0.2454, 2.0463, -0.1289, -0.0031, 0.0261] err_to_target=0.0307 (read 32ms)
2026-08-25 14:09:27.399 [A/10] fb ok t+7.758 j=[0.724, -0.2454, 2.0463, -0.1289, -0.0031, 0.0261] err_to_target=0.0307 (read 33ms)
2026-08-25 14:09:27.504 [A/10] fb ok t+7.863 j=[0.724, -0.2454, 2.0463, -0.1289, -0.0031, 0.0261] err_to_target=0.0307 (read 34ms)
2026-08-25 14:09:27.609 [A/10] fb ok t+7.967 j=[0.724, -0.2454, 2.0463, -0.1289, -0.0031, 0.0261] err_to_target=0.0307 (read 35ms)
2026-08-25 14:09:27.714 [A/10] fb ok t+8.071 j=[0.724, -0.2454, 2.0463, -0.1289, -0.0031, 0.0261] err_to_target=0.0307 (read 37ms)
2026-08-25 14:09:27.820 [A/10] fb ok t+8.175 j=[0.724, -0.2454, 2.0463, -0.1289, -0.0031, 0.0261] err_to_target=0.0307 (read 38ms)
2026-08-25 14:09:27.925 [A/10] fb ok t+8.278 j=[0.724, -0.2454, 2.0463, -0.1289, -0.0031, 0.0261] err_to_target=0.0307 (read 39ms)
2026-08-25 14:09:28.030 [A/10] fb ok t+8.382 j=[0.724, -0.2454, 2.0463, -0.1289, -0.0031, 0.0261] err_to_target=0.0307 (read 41ms)
2026-08-25 14:09:28.135 [A/10] fb ok t+8.483 j=[0.724, -0.2454, 2.0463, -0.1289, -0.0031, 0.0261] err_to_target=0.0307 (read 45ms)
2026-08-25 14:09:28.240 [A/10] fb ok t+8.586 j=[0.724, -0.2454, 2.0463, -0.1289, -0.0031, 0.0261] err_to_target=0.0307 (read 47ms)
2026-08-25 14:09:28.345 [A/10] fb ok t+8.687 j=[0.724, -0.2454, 2.0463, -0.1289, -0.0031, 0.0261] err_to_target=0.0307 (read 51ms)
2026-08-25 14:09:28.450 [A/10] fb ok t+8.790 j=[0.724, -0.2454, 2.0463, -0.1289, -0.0031, 0.0261] err_to_target=0.0307 (read 53ms)
2026-08-25 14:09:28.555 [A/10] fb ok t+8.890 j=[0.724, -0.2454, 2.0463, -0.1289, -0.0031, 0.0261] err_to_target=0.0307 (read 58ms)
2026-08-25 14:09:28.626 [A/10] fb ok t+8.993 j=[0.724, -0.2454, 2.0463, -0.1289, -0.0031, 0.0261] err_to_target=0.0307 (read 26ms)
2026-08-25 14:09:28.731 [A/10] fb ok t+9.097 j=[0.724, -0.2454, 2.0463, -0.1289, -0.0031, 0.0261] err_to_target=0.0307 (read 27ms)
2026-08-25 14:09:28.836 [A/10] fb ok t+9.202 j=[0.724, -0.2454, 2.0463, -0.1289, -0.0031, 0.0261] err_to_target=0.0307 (read 27ms)
2026-08-25 14:09:28.941 [A/10] fb ok t+9.306 j=[0.724, -0.2454, 2.0463, -0.1289, -0.0031, 0.0261] err_to_target=0.0307 (read 28ms)
2026-08-25 14:09:29.047 [A/10] fb ok t+9.411 j=[0.724, -0.2454, 2.0463, -0.1289, -0.0031, 0.0261] err_to_target=0.0307 (read 29ms)
2026-08-25 14:09:29.152 [A/10] fb ok t+9.515 j=[0.724, -0.2454, 2.0463, -0.1289, -0.0031, 0.0261] err_to_target=0.0307 (read 29ms)
2026-08-25 14:09:29.257 [A/10] fb ok t+9.617 j=[0.724, -0.2454, 2.0463, -0.1289, -0.0031, 0.0261] err_to_target=0.0307 (read 32ms)
2026-08-25 14:09:29.362 [A/10] fb ok t+9.721 j=[0.724, -0.2454, 2.0463, -0.1289, -0.0031, 0.0261] err_to_target=0.0307 (read 33ms)
2026-08-25 14:09:29.467 [A/10] fb ok t+9.826 j=[0.724, -0.2454, 2.0463, -0.1289, -0.0031, 0.0261] err_to_target=0.0307 (read 34ms)
2026-08-25 14:09:29.572 [A/10] fb ok t+9.930 j=[0.724, -0.2454, 2.0463, -0.1289, -0.0031, 0.0261] err_to_target=0.0307 (read 35ms)
2026-08-25 14:09:29.677 [A/10] fb ok t+10.032 j=[0.724, -0.2454, 2.0463, -0.1289, -0.0031, 0.0261] err_to_target=0.0307 (read 38ms)
2026-08-25 14:09:29.783 [A/10] fb ok t+10.136 j=[0.724, -0.2454, 2.0463, -0.1289, -0.0031, 0.0261] err_to_target=0.0307 (read 39ms)
2026-08-25 14:09:29.888 [A/10] fb ok t+10.240 j=[0.724, -0.2454, 2.0463, -0.1289, -0.0031, 0.0261] err_to_target=0.0307 (read 41ms)
2026-08-25 14:09:29.993 [A/10] fb ok t+10.343 j=[0.724, -0.2454, 2.0463, -0.1289, -0.0031, 0.0261] err_to_target=0.0307 (read 42ms)
2026-08-25 14:09:30.098 [A/10] fb ok t+10.447 j=[0.724, -0.2454, 2.0463, -0.1289, -0.0031, 0.0261] err_to_target=0.0307 (read 44ms)
2026-08-25 14:09:30.203 [A/10] fb ok t+10.550 j=[0.724, -0.2454, 2.0463, -0.1289, -0.0031, 0.0261] err_to_target=0.0307 (read 46ms)
2026-08-25 14:09:30.308 [A/10] fb ok t+10.654 j=[0.724, -0.2454, 2.0463, -0.1289, -0.0031, 0.0261] err_to_target=0.0307 (read 47ms)
2026-08-25 14:09:30.414 [A/10] fb ok t+10.757 j=[0.724, -0.2454, 2.0463, -0.1289, -0.0031, 0.0261] err_to_target=0.0307 (read 49ms)
2026-08-25 14:09:30.519 [A/10] fb ok t+10.858 j=[0.724, -0.2454, 2.0463, -0.1289, -0.0031, 0.0261] err_to_target=0.0307 (read 54ms)
2026-08-25 14:09:30.625 [A/10] fb ok t+10.961 j=[0.724, -0.2454, 2.0463, -0.1289, -0.0031, 0.0261] err_to_target=0.0307 (read 57ms)
2026-08-25 14:09:30.696 [A/10] fb ok t+11.062 j=[0.724, -0.2454, 2.0463, -0.1289, -0.0031, 0.0261] err_to_target=0.0307 (read 26ms)
2026-08-25 14:09:30.801 [A/10] fb ok t+11.164 j=[0.724, -0.2454, 2.0463, -0.1289, -0.0031, 0.0261] err_to_target=0.0307 (read 29ms)
2026-08-25 14:09:30.906 [A/10] fb ok t+11.269 j=[0.724, -0.2454, 2.0463, -0.1289, -0.0031, 0.0261] err_to_target=0.0307 (read 30ms)
2026-08-25 14:09:31.012 [A/10] fb ok t+11.371 j=[0.724, -0.2454, 2.0463, -0.1289, -0.0031, 0.0261] err_to_target=0.0307 (read 34ms)
2026-08-25 14:09:31.117 [A/10] fb ok t+11.475 j=[0.724, -0.2454, 2.0463, -0.1289, -0.0031, 0.0261] err_to_target=0.0307 (read 35ms)
2026-08-25 14:09:31.223 [A/10] fb ok t+11.579 j=[0.724, -0.2454, 2.0463, -0.1289, -0.0031, 0.0261] err_to_target=0.0307 (read 36ms)
2026-08-25 14:09:31.328 [A/10] fb ok t+11.683 j=[0.724, -0.2454, 2.0463, -0.1289, -0.0031, 0.0261] err_to_target=0.0307 (read 38ms)
2026-08-25 14:09:31.434 [A/10] fb ok t+11.787 j=[0.724, -0.2454, 2.0463, -0.1289, -0.0031, 0.0261] err_to_target=0.0307 (read 39ms)
2026-08-25 14:09:31.539 [A/10] fb ok t+11.891 j=[0.724, -0.2454, 2.0463, -0.1289, -0.0031, 0.0261] err_to_target=0.0307 (read 41ms)
2026-08-25 14:09:31.645 [A/10] fb ok t+11.995 j=[0.724, -0.2454, 2.0463, -0.1289, -0.0031, 0.0261] err_to_target=0.0307 (read 42ms)
2026-08-25 14:09:31.750 [A/10] fb ok t+12.099 j=[0.724, -0.2454, 2.0463, -0.1289, -0.0031, 0.0261] err_to_target=0.0307 (read 44ms)
2026-08-25 14:09:31.856 [A/10] fb ok t+12.202 j=[0.724, -0.2454, 2.0463, -0.1289, -0.0031, 0.0261] err_to_target=0.0307 (read 46ms)
2026-08-25 14:09:31.961 [A/10] fb ok t+12.303 j=[0.724, -0.2454, 2.0463, -0.1289, -0.0031, 0.0261] err_to_target=0.0307 (read 50ms)
2026-08-25 14:09:32.066 [A/10] fb ok t+12.407 j=[0.724, -0.2454, 2.0463, -0.1289, -0.0031, 0.0261] err_to_target=0.0307 (read 53ms)
2026-08-25 14:09:32.172 [A/10] fb ok t+12.510 j=[0.724, -0.2454, 2.0463, -0.1289, -0.0031, 0.0261] err_to_target=0.0307 (read 55ms)
2026-08-25 14:09:32.277 [A/10] fb ok t+12.613 j=[0.724, -0.2454, 2.0463, -0.1289, -0.0031, 0.0261] err_to_target=0.0307 (read 57ms)
2026-08-25 14:09:32.382 [A/10] fb ok t+12.715 j=[0.724, -0.2454, 2.0463, -0.1289, -0.0031, 0.0261] err_to_target=0.0307 (read 60ms)
2026-08-25 14:09:32.453 [A/10] fb ok t+12.818 j=[0.724, -0.2454, 2.0463, -0.1289, -0.0031, 0.0261] err_to_target=0.0307 (read 28ms)
2026-08-25 14:09:32.559 [A/10] fb ok t+12.920 j=[0.724, -0.2454, 2.0463, -0.1289, -0.0031, 0.0261] err_to_target=0.0307 (read 32ms)
2026-08-25 14:09:32.664 [A/10] fb ok t+13.024 j=[0.724, -0.2454, 2.0463, -0.1289, -0.0031, 0.0261] err_to_target=0.0307 (read 32ms)
2026-08-25 14:09:32.770 [A/10] fb ok t+13.129 j=[0.724, -0.2454, 2.0463, -0.1289, -0.0031, 0.0261] err_to_target=0.0307 (read 34ms)
2026-08-25 14:09:32.875 [A/10] fb ok t+13.233 j=[0.724, -0.2454, 2.0463, -0.1289, -0.0031, 0.0261] err_to_target=0.0307 (read 35ms)
2026-08-25 14:09:32.980 [A/10] fb ok t+13.337 j=[0.724, -0.2454, 2.0463, -0.1289, -0.0031, 0.0261] err_to_target=0.0307 (read 36ms)
2026-08-25 14:09:33.086 [A/10] fb ok t+13.441 j=[0.724, -0.2454, 2.0463, -0.1289, -0.0031, 0.0261] err_to_target=0.0307 (read 38ms)
2026-08-25 14:09:33.191 [A/10] fb ok t+13.545 j=[0.724, -0.2454, 2.0463, -0.1289, -0.0031, 0.0261] err_to_target=0.0307 (read 39ms)
2026-08-25 14:09:33.297 [A/10] fb ok t+13.646 j=[0.724, -0.2454, 2.0463, -0.1289, -0.0031, 0.0261] err_to_target=0.0307 (read 43ms)
2026-08-25 14:09:33.402 [A/10] fb ok t+13.750 j=[0.724, -0.2454, 2.0463, -0.1289, -0.0031, 0.0261] err_to_target=0.0307 (read 45ms)
2026-08-25 14:09:33.507 [A/10] fb ok t+13.854 j=[0.724, -0.2454, 2.0463, -0.1289, -0.0031, 0.0261] err_to_target=0.0307 (read 47ms)
2026-08-25 14:09:33.613 [A/10] fb ok t+13.957 j=[0.724, -0.2454, 2.0463, -0.1289, -0.0031, 0.0261] err_to_target=0.0307 (read 48ms)
2026-08-25 14:09:33.718 [A/10] fb ok t+14.060 j=[0.724, -0.2454, 2.0463, -0.1289, -0.0031, 0.0261] err_to_target=0.0307 (read 51ms)
2026-08-25 14:09:33.824 [A/10] fb ok t+14.164 j=[0.724, -0.2454, 2.0463, -0.1289, -0.0031, 0.0261] err_to_target=0.0307 (read 53ms)
2026-08-25 14:09:33.929 [A/10] fb ok t+14.264 j=[0.724, -0.2454, 2.0463, -0.1289, -0.0031, 0.0261] err_to_target=0.0307 (read 58ms)
2026-08-25 14:09:34.000 [A/10] fb ok t+14.365 j=[0.724, -0.2454, 2.0463, -0.1289, -0.0031, 0.0261] err_to_target=0.0307 (read 28ms)
2026-08-25 14:09:34.105 [A/10] fb ok t+14.470 j=[0.724, -0.2454, 2.0463, -0.1289, -0.0031, 0.0261] err_to_target=0.0307 (read 28ms)
2026-08-25 14:09:34.211 [A/10] fb ok t+14.574 j=[0.724, -0.2454, 2.0463, -0.1289, -0.0031, 0.0261] err_to_target=0.0307 (read 29ms)
2026-08-25 14:09:34.316 [A/10] fb ok t+14.679 j=[0.724, -0.2454, 2.0463, -0.1289, -0.0031, 0.0261] err_to_target=0.0307 (read 30ms)
2026-08-25 14:09:34.422 [A/10] fb ok t+14.784 j=[0.724, -0.2454, 2.0463, -0.1289, -0.0031, 0.0261] err_to_target=0.0307 (read 31ms)
2026-08-25 14:09:34.527 [A/10] fb ok t+14.888 j=[0.724, -0.2454, 2.0463, -0.1289, -0.0031, 0.0261] err_to_target=0.0307 (read 32ms)
2026-08-25 14:09:34.633 [A/10] fb ok t+14.988 j=[0.724, -0.2454, 2.0463, -0.1289, -0.0031, 0.0261] err_to_target=0.0307 (read 37ms)
2026-08-25 14:09:54.749 ===== TEST A done: 10/10 accepted (dropped=0, no_op=0) =====
2026-08-25 14:09:54.785 [setupB] SETUP move to [0.7547, -0.2531, 2.0371, -0.1442, -0.0031, 0.0261] (repeated target, not measured)
2026-08-25 14:10:29.952 [setupB] SETUP done sends=67 settled=False final=[0.724, -0.2454, 2.0463, -0.1289, -0.0031, 0.0261]
2026-08-25 14:10:29.952 [setupB] WARNING: setup move did not settle; continuing (pose drift possible)
2026-08-25 14:10:29.952 ===== TEST B: one-shot sparse, speed=1000, acc=50 =====
2026-08-25 14:10:29.985 [B/1]pre SETUP move to [0.7547, -0.2531, 2.0371, -0.1442, -0.0031, 0.0261] (repeated target, not measured)
2026-08-25 14:11:05.056 [B/1]pre SETUP done sends=56 settled=False final=[0.724, -0.2454, 2.0463, -0.1289, -0.0031, 0.0261]
2026-08-25 14:11:05.056 [B/1]pre WARNING: setup move did not settle; continuing (pose drift possible)
2026-08-25 14:11:05.056 [B/1] dwell 3.0s before send
2026-08-25 14:11:08.347 [B/1] SENT T=102 A->B target=[0.6674, -0.2531, 2.0371, -0.0918, -0.0031, 0.0261] ([38.24, -14.5, 116.72, -5.26, -0.18, 1.5]) speed=1000 acc=50 ret=b'{"T": 102, "base": 0.6674335374002835, "shoulder": -0.2531, "elbow": 2.0371, "wrist": -0.0918401224401701, "roll": -0.0031, "hand": 3.115492653589793, "spd": 1000, "acc": 50}\n'
2026-08-25 14:11:08.383 [B/1] fb ok t+0.019 j=[0.724, -0.2454, 2.0463, -0.1289, -0.0031, 0.0261] err_to_target=0.0566 (read 36ms)
2026-08-25 14:11:08.493 [B/1] fb ok t+0.123 j=[0.724, -0.2454, 2.0463, -0.1289, -0.0031, 0.0261] err_to_target=0.0566 (read 42ms)
2026-08-25 14:11:08.598 [B/1] MOTION toward target (joint=wrist) latency=0.227s dev=0.0261
2026-08-25 14:11:08.598 [B/1] fb ok t+0.227 j=[0.7164, -0.2454, 2.0463, -0.1028, -0.0031, 0.0261] err_to_target=0.0489 (read 44ms)
2026-08-25 14:11:08.703 [B/1] fb ok t+0.330 j=[0.6995, -0.2454, 2.0463, -0.0966, -0.0031, 0.0261] err_to_target=0.0321 (read 46ms)
2026-08-25 14:11:08.808 [B/1] fb ok t+0.433 j=[0.6995, -0.2454, 2.0463, -0.0966, -0.0031, 0.0261] err_to_target=0.0321 (read 47ms)
2026-08-25 14:11:08.913 [B/1] fb ok t+0.534 j=[0.6995, -0.2454, 2.0463, -0.0966, -0.0031, 0.0261] err_to_target=0.0321 (read 52ms)
2026-08-25 14:11:09.018 [B/1] fb ok t+0.634 j=[0.6995, -0.2454, 2.0463, -0.0966, -0.0031, 0.0261] err_to_target=0.0321 (read 56ms)
2026-08-25 14:11:09.123 [B/1] fb ok t+0.737 j=[0.6995, -0.2454, 2.0463, -0.0966, -0.0031, 0.0261] err_to_target=0.0321 (read 59ms)
2026-08-25 14:11:09.194 [B/1] fb ok t+0.839 j=[0.6995, -0.2454, 2.0463, -0.0966, -0.0031, 0.0261] err_to_target=0.0321 (read 27ms)
2026-08-25 14:11:09.299 [B/1] fb ok t+0.944 j=[0.6995, -0.2454, 2.0463, -0.0966, -0.0031, 0.0261] err_to_target=0.0321 (read 27ms)
2026-08-25 14:11:09.404 [B/1] fb ok t+1.048 j=[0.6995, -0.2454, 2.0463, -0.0966, -0.0031, 0.0261] err_to_target=0.0321 (read 28ms)
2026-08-25 14:11:09.509 [B/1] fb ok t+1.153 j=[0.6995, -0.2454, 2.0463, -0.0966, -0.0031, 0.0261] err_to_target=0.0321 (read 29ms)
2026-08-25 14:11:09.614 [B/1] fb ok t+1.257 j=[0.6995, -0.2454, 2.0463, -0.0966, -0.0031, 0.0261] err_to_target=0.0321 (read 29ms)
2026-08-25 14:11:09.719 [B/1] fb ok t+1.361 j=[0.6995, -0.2454, 2.0463, -0.0966, -0.0031, 0.0261] err_to_target=0.0321 (read 30ms)
2026-08-25 14:11:09.824 [B/1] fb ok t+1.466 j=[0.6995, -0.2454, 2.0463, -0.0966, -0.0031, 0.0261] err_to_target=0.0321 (read 31ms)
2026-08-25 14:11:09.929 [B/1] fb ok t+1.570 j=[0.6995, -0.2454, 2.0463, -0.0966, -0.0031, 0.0261] err_to_target=0.0321 (read 32ms)
2026-08-25 14:11:10.034 [B/1] fb ok t+1.671 j=[0.6995, -0.2454, 2.0463, -0.0966, -0.0031, 0.0261] err_to_target=0.0321 (read 35ms)
2026-08-25 14:11:10.140 [B/1] fb ok t+1.775 j=[0.6995, -0.2454, 2.0463, -0.0966, -0.0031, 0.0261] err_to_target=0.0321 (read 37ms)
2026-08-25 14:11:10.244 [B/1] fb ok t+1.879 j=[0.6995, -0.2454, 2.0463, -0.0966, -0.0031, 0.0261] err_to_target=0.0321 (read 38ms)
2026-08-25 14:11:10.350 [B/1] fb ok t+1.983 j=[0.6995, -0.2454, 2.0463, -0.0966, -0.0031, 0.0261] err_to_target=0.0321 (read 39ms)
2026-08-25 14:11:10.455 [B/1] fb ok t+2.084 j=[0.6995, -0.2454, 2.0463, -0.0966, -0.0031, 0.0261] err_to_target=0.0321 (read 43ms)
2026-08-25 14:11:10.560 [B/1] fb ok t+2.188 j=[0.6995, -0.2454, 2.0463, -0.0966, -0.0031, 0.0261] err_to_target=0.0321 (read 45ms)
2026-08-25 14:11:10.665 [B/1] fb ok t+2.291 j=[0.6995, -0.2454, 2.0463, -0.0966, -0.0031, 0.0261] err_to_target=0.0321 (read 46ms)
2026-08-25 14:11:10.769 [B/1] fb ok t+2.394 j=[0.6995, -0.2454, 2.0463, -0.0966, -0.0031, 0.0261] err_to_target=0.0321 (read 48ms)
2026-08-25 14:11:10.875 [B/1] fb ok t+2.495 j=[0.6995, -0.2454, 2.0463, -0.0966, -0.0031, 0.0261] err_to_target=0.0321 (read 52ms)
2026-08-25 14:11:10.980 [B/1] fb ok t+2.598 j=[0.6995, -0.2454, 2.0463, -0.0966, -0.0031, 0.0261] err_to_target=0.0321 (read 54ms)
2026-08-25 14:11:11.085 [B/1] fb ok t+2.698 j=[0.6995, -0.2454, 2.0463, -0.0966, -0.0031, 0.0261] err_to_target=0.0321 (read 60ms)
2026-08-25 14:11:11.155 [B/1] fb ok t+2.800 j=[0.6995, -0.2454, 2.0463, -0.0966, -0.0031, 0.0261] err_to_target=0.0321 (read 27ms)
2026-08-25 14:11:11.260 [B/1] fb ok t+2.905 j=[0.6995, -0.2454, 2.0463, -0.0966, -0.0031, 0.0261] err_to_target=0.0321 (read 28ms)
2026-08-25 14:11:11.365 [B/1] fb ok t+3.009 j=[0.6995, -0.2454, 2.0463, -0.0966, -0.0031, 0.0261] err_to_target=0.0321 (read 28ms)
2026-08-25 14:11:11.470 [B/1] fb ok t+3.112 j=[0.6995, -0.2454, 2.0463, -0.0966, -0.0031, 0.0261] err_to_target=0.0321 (read 31ms)
2026-08-25 14:11:11.575 [B/1] fb ok t+3.216 j=[0.6995, -0.2454, 2.0463, -0.0966, -0.0031, 0.0261] err_to_target=0.0321 (read 32ms)
2026-08-25 14:11:11.680 [B/1] fb ok t+3.317 j=[0.6995, -0.2454, 2.0463, -0.0966, -0.0031, 0.0261] err_to_target=0.0321 (read 35ms)
2026-08-25 14:11:11.786 [B/1] fb ok t+3.419 j=[0.6995, -0.2454, 2.0463, -0.0966, -0.0031, 0.0261] err_to_target=0.0321 (read 39ms)
2026-08-25 14:11:11.890 [B/1] fb ok t+3.520 j=[0.6995, -0.2454, 2.0463, -0.0966, -0.0031, 0.0261] err_to_target=0.0321 (read 43ms)
2026-08-25 14:11:11.996 [B/1] fb ok t+3.623 j=[0.6995, -0.2454, 2.0463, -0.0966, -0.0031, 0.0261] err_to_target=0.0321 (read 45ms)
2026-08-25 14:11:12.101 [B/1] fb ok t+3.724 j=[0.6995, -0.2454, 2.0463, -0.0966, -0.0031, 0.0261] err_to_target=0.0321 (read 49ms)
2026-08-25 14:11:12.206 [B/1] fb ok t+3.827 j=[0.6995, -0.2454, 2.0463, -0.0966, -0.0031, 0.0261] err_to_target=0.0321 (read 51ms)
2026-08-25 14:11:12.311 [B/1] fb ok t+3.930 j=[0.6995, -0.2454, 2.0463, -0.0966, -0.0031, 0.0261] err_to_target=0.0321 (read 53ms)
2026-08-25 14:11:12.416 [B/1] fb ok t+4.033 j=[0.6995, -0.2454, 2.0463, -0.0966, -0.0031, 0.0261] err_to_target=0.0321 (read 55ms)
2026-08-25 14:11:12.521 [B/1] fb ok t+4.136 j=[0.6995, -0.2454, 2.0463, -0.0966, -0.0031, 0.0261] err_to_target=0.0321 (read 57ms)
2026-08-25 14:11:12.626 [B/1] fb ok t+4.238 j=[0.6995, -0.2454, 2.0463, -0.0966, -0.0031, 0.0261] err_to_target=0.0321 (read 60ms)
2026-08-25 14:11:12.696 [B/1] fb ok t+4.341 j=[0.6995, -0.2454, 2.0463, -0.0966, -0.0031, 0.0261] err_to_target=0.0321 (read 28ms)
2026-08-25 14:11:12.801 [B/1] fb ok t+4.445 j=[0.6995, -0.2454, 2.0463, -0.0966, -0.0031, 0.0261] err_to_target=0.0321 (read 28ms)
2026-08-25 14:11:12.906 [B/1] fb ok t+4.550 j=[0.6995, -0.2454, 2.0463, -0.0966, -0.0031, 0.0261] err_to_target=0.0321 (read 29ms)
2026-08-25 14:11:13.011 [B/1] fb ok t+4.654 j=[0.6995, -0.2454, 2.0463, -0.0966, -0.0031, 0.0261] err_to_target=0.0321 (read 30ms)
2026-08-25 14:11:13.116 [B/1] fb ok t+4.758 j=[0.6995, -0.2454, 2.0463, -0.0966, -0.0031, 0.0261] err_to_target=0.0321 (read 30ms)
2026-08-25 14:11:13.221 [B/1] fb ok t+4.863 j=[0.6995, -0.2454, 2.0463, -0.0966, -0.0031, 0.0261] err_to_target=0.0321 (read 31ms)
2026-08-25 14:11:13.327 [B/1] fb ok t+4.967 j=[0.6995, -0.2454, 2.0463, -0.0966, -0.0031, 0.0261] err_to_target=0.0321 (read 32ms)
2026-08-25 14:11:13.432 [B/1] fb ok t+5.071 j=[0.6995, -0.2454, 2.0463, -0.0966, -0.0031, 0.0261] err_to_target=0.0321 (read 33ms)
2026-08-25 14:11:13.537 [B/1] fb ok t+5.175 j=[0.6995, -0.2454, 2.0463, -0.0966, -0.0031, 0.0261] err_to_target=0.0321 (read 34ms)
2026-08-25 14:11:13.642 [B/1] fb ok t+5.279 j=[0.6995, -0.2454, 2.0463, -0.0966, -0.0031, 0.0261] err_to_target=0.0321 (read 35ms)
2026-08-25 14:11:13.747 [B/1] fb ok t+5.380 j=[0.6995, -0.2454, 2.0463, -0.0966, -0.0031, 0.0261] err_to_target=0.0321 (read 39ms)
2026-08-25 14:11:13.852 [B/1] fb ok t+5.484 j=[0.6995, -0.2454, 2.0463, -0.0966, -0.0031, 0.0261] err_to_target=0.0321 (read 41ms)
2026-08-25 14:11:13.957 [B/1] fb ok t+5.587 j=[0.6995, -0.2454, 2.0463, -0.0966, -0.0031, 0.0261] err_to_target=0.0321 (read 42ms)
2026-08-25 14:11:14.062 [B/1] fb ok t+5.691 j=[0.6995, -0.2454, 2.0463, -0.0966, -0.0031, 0.0261] err_to_target=0.0321 (read 43ms)
2026-08-25 14:11:14.167 [B/1] fb ok t+5.792 j=[0.6995, -0.2454, 2.0463, -0.0966, -0.0031, 0.0261] err_to_target=0.0321 (read 48ms)
2026-08-25 14:11:14.272 [B/1] fb ok t+5.895 j=[0.6995, -0.2454, 2.0463, -0.0966, -0.0031, 0.0261] err_to_target=0.0321 (read 49ms)
2026-08-25 14:11:14.377 [B/1] fb ok t+5.998 j=[0.6995, -0.2454, 2.0463, -0.0966, -0.0031, 0.0261] err_to_target=0.0321 (read 51ms)
2026-08-25 14:11:14.482 [B/1] fb ok t+6.101 j=[0.6995, -0.2454, 2.0463, -0.0966, -0.0031, 0.0261] err_to_target=0.0321 (read 53ms)
2026-08-25 14:11:14.587 [B/1] fb ok t+6.204 j=[0.6995, -0.2454, 2.0463, -0.0966, -0.0031, 0.0261] err_to_target=0.0321 (read 56ms)
2026-08-25 14:11:14.692 [B/1] fb ok t+6.307 j=[0.6995, -0.2454, 2.0463, -0.0966, -0.0031, 0.0261] err_to_target=0.0321 (read 58ms)
2026-08-25 14:11:14.797 [B/1] fb ok t+6.409 j=[0.6995, -0.2454, 2.0463, -0.0966, -0.0031, 0.0261] err_to_target=0.0321 (read 60ms)
2026-08-25 14:11:14.867 [B/1] fb ok t+6.512 j=[0.6995, -0.2454, 2.0463, -0.0966, -0.0031, 0.0261] err_to_target=0.0321 (read 28ms)
2026-08-25 14:11:14.973 [B/1] fb ok t+6.616 j=[0.6995, -0.2454, 2.0463, -0.0966, -0.0031, 0.0261] err_to_target=0.0321 (read 29ms)
2026-08-25 14:11:15.078 [B/1] fb ok t+6.718 j=[0.6995, -0.2454, 2.0463, -0.0966, -0.0031, 0.0261] err_to_target=0.0321 (read 33ms)
2026-08-25 14:11:15.183 [B/1] fb ok t+6.822 j=[0.6995, -0.2454, 2.0463, -0.0966, -0.0031, 0.0261] err_to_target=0.0321 (read 34ms)
2026-08-25 14:11:15.288 [B/1] fb ok t+6.926 j=[0.6995, -0.2454, 2.0463, -0.0966, -0.0031, 0.0261] err_to_target=0.0321 (read 35ms)
2026-08-25 14:11:15.393 [B/1] fb ok t+7.030 j=[0.6995, -0.2454, 2.0463, -0.0966, -0.0031, 0.0261] err_to_target=0.0321 (read 35ms)
2026-08-25 14:11:15.498 [B/1] fb ok t+7.134 j=[0.6995, -0.2454, 2.0463, -0.0966, -0.0031, 0.0261] err_to_target=0.0321 (read 36ms)
2026-08-25 14:11:15.603 [B/1] fb ok t+7.238 j=[0.6995, -0.2454, 2.0463, -0.0966, -0.0031, 0.0261] err_to_target=0.0321 (read 38ms)
2026-08-25 14:11:15.708 [B/1] fb ok t+7.342 j=[0.6995, -0.2454, 2.0463, -0.0966, -0.0031, 0.0261] err_to_target=0.0321 (read 39ms)
2026-08-25 14:11:15.813 [B/1] fb ok t+7.445 j=[0.6995, -0.2454, 2.0463, -0.0966, -0.0031, 0.0261] err_to_target=0.0321 (read 41ms)
2026-08-25 14:11:15.918 [B/1] fb ok t+7.549 j=[0.6995, -0.2454, 2.0463, -0.0966, -0.0031, 0.0261] err_to_target=0.0321 (read 42ms)
2026-08-25 14:11:16.024 [B/1] fb ok t+7.652 j=[0.6995, -0.2454, 2.0463, -0.0966, -0.0031, 0.0261] err_to_target=0.0321 (read 44ms)
2026-08-25 14:11:16.128 [B/1] fb ok t+7.753 j=[0.6995, -0.2454, 2.0463, -0.0966, -0.0031, 0.0261] err_to_target=0.0321 (read 47ms)
2026-08-25 14:11:16.234 [B/1] fb ok t+7.854 j=[0.6995, -0.2454, 2.0463, -0.0966, -0.0031, 0.0261] err_to_target=0.0321 (read 52ms)
2026-08-25 14:11:16.338 [B/1] fb ok t+7.957 j=[0.6995, -0.2454, 2.0463, -0.0966, -0.0031, 0.0261] err_to_target=0.0321 (read 54ms)
2026-08-25 14:11:16.443 [B/1] fb ok t+8.059 j=[0.6995, -0.2454, 2.0463, -0.0966, -0.0031, 0.0261] err_to_target=0.0321 (read 57ms)
2026-08-25 14:11:16.548 [B/1] fb ok t+8.162 j=[0.6995, -0.2454, 2.0463, -0.0966, -0.0031, 0.0261] err_to_target=0.0321 (read 59ms)
2026-08-25 14:11:16.619 [B/1] fb ok t+8.265 j=[0.6995, -0.2454, 2.0463, -0.0966, -0.0031, 0.0261] err_to_target=0.0321 (read 27ms)
2026-08-25 14:11:16.724 [B/1] fb ok t+8.366 j=[0.6995, -0.2454, 2.0463, -0.0966, -0.0031, 0.0261] err_to_target=0.0321 (read 30ms)
2026-08-25 14:11:16.829 [B/1] fb ok t+8.471 j=[0.6995, -0.2454, 2.0463, -0.0966, -0.0031, 0.0261] err_to_target=0.0321 (read 31ms)
2026-08-25 14:11:16.934 [B/1] fb ok t+8.575 j=[0.6995, -0.2454, 2.0463, -0.0966, -0.0031, 0.0261] err_to_target=0.0321 (read 32ms)
2026-08-25 14:11:17.039 [B/1] fb ok t+8.677 j=[0.6995, -0.2454, 2.0463, -0.0966, -0.0031, 0.0261] err_to_target=0.0321 (read 35ms)
2026-08-25 14:11:17.144 [B/1] fb ok t+8.778 j=[0.6995, -0.2454, 2.0463, -0.0966, -0.0031, 0.0261] err_to_target=0.0321 (read 39ms)
2026-08-25 14:11:17.249 [B/1] fb ok t+8.882 j=[0.6995, -0.2454, 2.0463, -0.0966, -0.0031, 0.0261] err_to_target=0.0321 (read 40ms)
2026-08-25 14:11:17.354 [B/1] fb ok t+8.985 j=[0.6995, -0.2454, 2.0463, -0.0966, -0.0031, 0.0261] err_to_target=0.0321 (read 42ms)
2026-08-25 14:11:17.459 [B/1] fb ok t+9.088 j=[0.6995, -0.2454, 2.0463, -0.0966, -0.0031, 0.0261] err_to_target=0.0321 (read 44ms)
2026-08-25 14:11:17.564 [B/1] fb ok t+9.191 j=[0.6995, -0.2454, 2.0463, -0.0966, -0.0031, 0.0261] err_to_target=0.0321 (read 45ms)
2026-08-25 14:11:17.669 [B/1] fb ok t+9.295 j=[0.6995, -0.2454, 2.0463, -0.0966, -0.0031, 0.0261] err_to_target=0.0321 (read 47ms)
2026-08-25 14:11:17.774 [B/1] fb ok t+9.397 j=[0.6995, -0.2454, 2.0463, -0.0966, -0.0031, 0.0261] err_to_target=0.0321 (read 50ms)
2026-08-25 14:11:17.879 [B/1] fb ok t+9.500 j=[0.6995, -0.2454, 2.0463, -0.0966, -0.0031, 0.0261] err_to_target=0.0321 (read 52ms)
2026-08-25 14:11:17.985 [B/1] fb ok t+9.603 j=[0.6995, -0.2454, 2.0463, -0.0966, -0.0031, 0.0261] err_to_target=0.0321 (read 54ms)
2026-08-25 14:11:18.090 [B/1] fb ok t+9.706 j=[0.6995, -0.2454, 2.0463, -0.0966, -0.0031, 0.0261] err_to_target=0.0321 (read 56ms)
2026-08-25 14:11:18.194 [B/1] fb ok t+9.809 j=[0.6995, -0.2454, 2.0463, -0.0966, -0.0031, 0.0261] err_to_target=0.0321 (read 58ms)
2026-08-25 14:11:18.265 [B/1] fb ok t+9.911 j=[0.6995, -0.2454, 2.0463, -0.0966, -0.0031, 0.0261] err_to_target=0.0321 (read 26ms)
2026-08-25 14:11:18.370 [B/1] fb ok t+10.016 j=[0.6995, -0.2454, 2.0463, -0.0966, -0.0031, 0.0261] err_to_target=0.0321 (read 27ms)
2026-08-25 14:11:18.475 [B/1] fb ok t+10.117 j=[0.6995, -0.2454, 2.0463, -0.0966, -0.0031, 0.0261] err_to_target=0.0321 (read 30ms)
2026-08-25 14:11:18.580 [B/1] fb ok t+10.222 j=[0.6995, -0.2454, 2.0463, -0.0966, -0.0031, 0.0261] err_to_target=0.0321 (read 31ms)
2026-08-25 14:11:18.685 [B/1] fb ok t+10.326 j=[0.6995, -0.2454, 2.0463, -0.0966, -0.0031, 0.0261] err_to_target=0.0321 (read 32ms)
2026-08-25 14:11:18.790 [B/1] fb ok t+10.428 j=[0.6995, -0.2454, 2.0463, -0.0966, -0.0031, 0.0261] err_to_target=0.0321 (read 35ms)
2026-08-25 14:11:18.896 [B/1] fb ok t+10.528 j=[0.6995, -0.2454, 2.0463, -0.0966, -0.0031, 0.0261] err_to_target=0.0321 (read 40ms)
2026-08-25 14:11:19.000 [B/1] fb ok t+10.632 j=[0.6995, -0.2454, 2.0463, -0.0966, -0.0031, 0.0261] err_to_target=0.0321 (read 41ms)
2026-08-25 14:11:19.106 [B/1] fb ok t+10.736 j=[0.6995, -0.2454, 2.0463, -0.0966, -0.0031, 0.0261] err_to_target=0.0321 (read 42ms)
2026-08-25 14:11:19.211 [B/1] fb ok t+10.836 j=[0.6995, -0.2454, 2.0463, -0.0966, -0.0031, 0.0261] err_to_target=0.0321 (read 47ms)
2026-08-25 14:11:19.315 [B/1] fb ok t+10.939 j=[0.6995, -0.2454, 2.0463, -0.0966, -0.0031, 0.0261] err_to_target=0.0321 (read 48ms)
2026-08-25 14:11:19.420 [B/1] fb ok t+11.043 j=[0.6995, -0.2454, 2.0463, -0.0966, -0.0031, 0.0261] err_to_target=0.0321 (read 50ms)
2026-08-25 14:11:19.526 [B/1] fb ok t+11.146 j=[0.6995, -0.2454, 2.0463, -0.0966, -0.0031, 0.0261] err_to_target=0.0321 (read 52ms)
2026-08-25 14:11:19.631 [B/1] fb ok t+11.248 j=[0.6995, -0.2454, 2.0463, -0.0966, -0.0031, 0.0261] err_to_target=0.0321 (read 54ms)
2026-08-25 14:11:19.736 [B/1] fb ok t+11.349 j=[0.6995, -0.2454, 2.0463, -0.0966, -0.0031, 0.0261] err_to_target=0.0321 (read 59ms)
2026-08-25 14:11:19.806 [B/1] fb ok t+11.451 j=[0.6995, -0.2454, 2.0463, -0.0966, -0.0031, 0.0261] err_to_target=0.0321 (read 27ms)
2026-08-25 14:11:19.911 [B/1] fb ok t+11.556 j=[0.6995, -0.2454, 2.0463, -0.0966, -0.0031, 0.0261] err_to_target=0.0321 (read 28ms)
2026-08-25 14:11:20.016 [B/1] fb ok t+11.660 j=[0.6995, -0.2454, 2.0463, -0.0966, -0.0031, 0.0261] err_to_target=0.0321 (read 28ms)
2026-08-25 14:11:20.121 [B/1] fb ok t+11.765 j=[0.6995, -0.2454, 2.0463, -0.0966, -0.0031, 0.0261] err_to_target=0.0321 (read 29ms)
2026-08-25 14:11:20.226 [B/1] fb ok t+11.869 j=[0.6995, -0.2454, 2.0463, -0.0966, -0.0031, 0.0261] err_to_target=0.0321 (read 30ms)
2026-08-25 14:11:20.331 [B/1] fb ok t+11.973 j=[0.6995, -0.2454, 2.0463, -0.0966, -0.0031, 0.0261] err_to_target=0.0321 (read 31ms)
2026-08-25 14:11:20.436 [B/1] fb ok t+12.077 j=[0.6995, -0.2454, 2.0463, -0.0966, -0.0031, 0.0261] err_to_target=0.0321 (read 31ms)
2026-08-25 14:11:20.542 [B/1] fb ok t+12.182 j=[0.6995, -0.2454, 2.0463, -0.0966, -0.0031, 0.0261] err_to_target=0.0321 (read 32ms)
2026-08-25 14:11:20.647 [B/1] fb ok t+12.286 j=[0.6995, -0.2454, 2.0463, -0.0966, -0.0031, 0.0261] err_to_target=0.0321 (read 33ms)
2026-08-25 14:11:20.752 [B/1] fb ok t+12.387 j=[0.6995, -0.2454, 2.0463, -0.0966, -0.0031, 0.0261] err_to_target=0.0321 (read 37ms)
2026-08-25 14:11:20.857 [B/1] fb ok t+12.491 j=[0.6995, -0.2454, 2.0463, -0.0966, -0.0031, 0.0261] err_to_target=0.0321 (read 38ms)
2026-08-25 14:11:20.962 [B/1] fb ok t+12.595 j=[0.6995, -0.2454, 2.0463, -0.0966, -0.0031, 0.0261] err_to_target=0.0321 (read 39ms)
2026-08-25 14:11:21.067 [B/1] fb ok t+12.698 j=[0.6995, -0.2454, 2.0463, -0.0966, -0.0031, 0.0261] err_to_target=0.0321 (read 41ms)
2026-08-25 14:11:21.172 [B/1] fb ok t+12.802 j=[0.6995, -0.2454, 2.0463, -0.0966, -0.0031, 0.0261] err_to_target=0.0321 (read 42ms)
2026-08-25 14:11:21.277 [B/1] fb ok t+12.906 j=[0.6995, -0.2454, 2.0463, -0.0966, -0.0031, 0.0261] err_to_target=0.0321 (read 44ms)
2026-08-25 14:11:21.382 [B/1] fb ok t+13.009 j=[0.6995, -0.2454, 2.0463, -0.0966, -0.0031, 0.0261] err_to_target=0.0321 (read 46ms)
2026-08-25 14:11:21.487 [B/1] fb ok t+13.112 j=[0.6995, -0.2454, 2.0463, -0.0966, -0.0031, 0.0261] err_to_target=0.0321 (read 47ms)
2026-08-25 14:11:21.592 [B/1] fb ok t+13.213 j=[0.6995, -0.2454, 2.0463, -0.0966, -0.0031, 0.0261] err_to_target=0.0321 (read 51ms)
2026-08-25 14:11:21.697 [B/1] fb ok t+13.316 j=[0.6995, -0.2454, 2.0463, -0.0966, -0.0031, 0.0261] err_to_target=0.0321 (read 54ms)
2026-08-25 14:11:21.802 [B/1] fb ok t+13.419 j=[0.6995, -0.2454, 2.0463, -0.0966, -0.0031, 0.0261] err_to_target=0.0321 (read 56ms)
2026-08-25 14:11:21.907 [B/1] fb ok t+13.522 j=[0.6995, -0.2454, 2.0463, -0.0966, -0.0031, 0.0261] err_to_target=0.0321 (read 58ms)
2026-08-25 14:11:21.977 [B/1] fb ok t+13.624 j=[0.6995, -0.2454, 2.0463, -0.0966, -0.0031, 0.0261] err_to_target=0.0321 (read 26ms)
2026-08-25 14:11:22.083 [B/1] fb ok t+13.728 j=[0.6995, -0.2454, 2.0463, -0.0966, -0.0031, 0.0261] err_to_target=0.0321 (read 26ms)
2026-08-25 14:11:22.188 [B/1] fb ok t+13.830 j=[0.6995, -0.2454, 2.0463, -0.0966, -0.0031, 0.0261] err_to_target=0.0321 (read 30ms)
2026-08-25 14:11:22.293 [B/1] fb ok t+13.934 j=[0.6995, -0.2454, 2.0463, -0.0966, -0.0031, 0.0261] err_to_target=0.0321 (read 31ms)
2026-08-25 14:11:22.398 [B/1] fb ok t+14.038 j=[0.6995, -0.2454, 2.0463, -0.0966, -0.0031, 0.0261] err_to_target=0.0321 (read 32ms)
2026-08-25 14:11:22.503 [B/1] fb ok t+14.142 j=[0.6995, -0.2454, 2.0463, -0.0966, -0.0031, 0.0261] err_to_target=0.0321 (read 33ms)
2026-08-25 14:11:22.608 [B/1] fb ok t+14.244 j=[0.6995, -0.2454, 2.0463, -0.0966, -0.0031, 0.0261] err_to_target=0.0321 (read 37ms)
2026-08-25 14:11:22.713 [B/1] fb ok t+14.348 j=[0.6995, -0.2454, 2.0463, -0.0966, -0.0031, 0.0261] err_to_target=0.0321 (read 38ms)
2026-08-25 14:11:22.818 [B/1] fb ok t+14.452 j=[0.6995, -0.2454, 2.0463, -0.0966, -0.0031, 0.0261] err_to_target=0.0321 (read 39ms)
2026-08-25 14:11:22.923 [B/1] fb ok t+14.554 j=[0.6995, -0.2454, 2.0463, -0.0966, -0.0031, 0.0261] err_to_target=0.0321 (read 42ms)
2026-08-25 14:11:23.028 [B/1] fb ok t+14.655 j=[0.6995, -0.2454, 2.0463, -0.0966, -0.0031, 0.0261] err_to_target=0.0321 (read 46ms)
2026-08-25 14:11:23.133 [B/1] fb ok t+14.758 j=[0.6995, -0.2454, 2.0463, -0.0966, -0.0031, 0.0261] err_to_target=0.0321 (read 47ms)
2026-08-25 14:11:23.238 [B/1] fb ok t+14.861 j=[0.6995, -0.2454, 2.0463, -0.0966, -0.0031, 0.0261] err_to_target=0.0321 (read 49ms)
2026-08-25 14:11:23.343 [B/1] fb ok t+14.964 j=[0.6995, -0.2454, 2.0463, -0.0966, -0.0031, 0.0261] err_to_target=0.0321 (read 51ms)
2026-08-25 14:11:43.492 [B/2]pre SETUP move to [0.6674, -0.2531, 2.0371, -0.0918, -0.0031, 0.0261] (repeated target, not measured)
2026-08-25 14:12:18.663 [B/2]pre SETUP done sends=56 settled=False final=[0.6995, -0.2454, 2.0463, -0.0966, -0.0031, 0.0261]
2026-08-25 14:12:18.663 [B/2]pre WARNING: setup move did not settle; continuing (pose drift possible)
2026-08-25 14:12:18.663 [B/2] dwell 3.0s before send
2026-08-25 14:12:21.955 [B/2] SENT T=102 B->A target=[0.7547, -0.2531, 2.0371, -0.1442, -0.0031, 0.0261] ([43.24, -14.5, 116.72, -8.26, -0.18, 1.5]) speed=1000 acc=50 ret=b'{"T": 102, "base": 0.7547, "shoulder": -0.2531, "elbow": 2.0371, "wrist": -0.1442, "roll": -0.0031, "hand": 3.115492653589793, "spd": 1000, "acc": 50}\n'
2026-08-25 14:12:21.989 [B/2] fb ok t+0.018 j=[0.6995, -0.2454, 2.0463, -0.0966, -0.0031, 0.0261] err_to_target=0.0552 (read 34ms)
2026-08-25 14:12:22.096 [B/2] fb ok t+0.123 j=[0.6995, -0.2454, 2.0463, -0.0966, -0.0031, 0.0261] err_to_target=0.0552 (read 37ms)
2026-08-25 14:12:22.204 [B/2] MOTION toward target (joint=wrist) latency=0.227s dev=0.0261
2026-08-25 14:12:22.204 [B/2] fb ok t+0.227 j=[0.7087, -0.2454, 2.0463, -0.1227, -0.0031, 0.0261] err_to_target=0.0460 (read 40ms)
2026-08-25 14:12:22.308 [B/2] fb ok t+0.330 j=[0.7256, -0.2454, 2.0463, -0.1289, -0.0031, 0.0261] err_to_target=0.0291 (read 41ms)
2026-08-25 14:12:22.414 [B/2] fb ok t+0.434 j=[0.7256, -0.2454, 2.0463, -0.1289, -0.0031, 0.0261] err_to_target=0.0291 (read 43ms)
2026-08-25 14:12:22.518 [B/2] fb ok t+0.535 j=[0.7256, -0.2454, 2.0463, -0.1289, -0.0031, 0.0261] err_to_target=0.0291 (read 47ms)
2026-08-25 14:12:22.623 [B/2] fb ok t+0.638 j=[0.7256, -0.2454, 2.0463, -0.1289, -0.0031, 0.0261] err_to_target=0.0291 (read 49ms)
2026-08-25 14:12:22.728 [B/2] fb ok t+0.738 j=[0.7256, -0.2454, 2.0463, -0.1289, -0.0031, 0.0261] err_to_target=0.0291 (read 53ms)
2026-08-25 14:12:22.834 [B/2] fb ok t+0.839 j=[0.7256, -0.2454, 2.0463, -0.1289, -0.0031, 0.0261] err_to_target=0.0291 (read 58ms)
2026-08-25 14:12:22.904 [B/2] fb ok t+0.939 j=[0.7256, -0.2454, 2.0463, -0.1289, -0.0031, 0.0261] err_to_target=0.0291 (read 28ms)
2026-08-25 14:12:23.009 [B/2] fb ok t+1.040 j=[0.7256, -0.2454, 2.0463, -0.1289, -0.0031, 0.0261] err_to_target=0.0291 (read 32ms)
2026-08-25 14:12:23.114 [B/2] fb ok t+1.145 j=[0.7256, -0.2454, 2.0463, -0.1289, -0.0031, 0.0261] err_to_target=0.0291 (read 33ms)
2026-08-25 14:12:23.219 [B/2] fb ok t+1.249 j=[0.7256, -0.2454, 2.0463, -0.1289, -0.0031, 0.0261] err_to_target=0.0291 (read 33ms)
2026-08-25 14:12:23.324 [B/2] fb ok t+1.353 j=[0.7256, -0.2454, 2.0463, -0.1289, -0.0031, 0.0261] err_to_target=0.0291 (read 35ms)
2026-08-25 14:12:23.429 [B/2] fb ok t+1.457 j=[0.7256, -0.2454, 2.0463, -0.1289, -0.0031, 0.0261] err_to_target=0.0291 (read 35ms)
2026-08-25 14:12:23.534 [B/2] fb ok t+1.561 j=[0.7256, -0.2454, 2.0463, -0.1289, -0.0031, 0.0261] err_to_target=0.0291 (read 36ms)
2026-08-25 14:12:23.639 [B/2] fb ok t+1.664 j=[0.7256, -0.2454, 2.0463, -0.1289, -0.0031, 0.0261] err_to_target=0.0291 (read 38ms)
2026-08-25 14:12:23.744 [B/2] fb ok t+1.768 j=[0.7256, -0.2454, 2.0463, -0.1289, -0.0031, 0.0261] err_to_target=0.0291 (read 39ms)
2026-08-25 14:12:23.849 [B/2] fb ok t+1.869 j=[0.7256, -0.2454, 2.0463, -0.1289, -0.0031, 0.0261] err_to_target=0.0291 (read 43ms)
2026-08-25 14:12:23.954 [B/2] fb ok t+1.970 j=[0.7256, -0.2454, 2.0463, -0.1289, -0.0031, 0.0261] err_to_target=0.0291 (read 48ms)
2026-08-25 14:12:24.059 [B/2] fb ok t+2.073 j=[0.7256, -0.2454, 2.0463, -0.1289, -0.0031, 0.0261] err_to_target=0.0291 (read 50ms)
2026-08-25 14:12:24.164 [B/2] fb ok t+2.175 j=[0.7256, -0.2454, 2.0463, -0.1289, -0.0031, 0.0261] err_to_target=0.0291 (read 52ms)
2026-08-25 14:12:24.270 [B/2] fb ok t+2.278 j=[0.7256, -0.2454, 2.0463, -0.1289, -0.0031, 0.0261] err_to_target=0.0291 (read 55ms)
2026-08-25 14:12:24.375 [B/2] fb ok t+2.378 j=[0.7256, -0.2454, 2.0463, -0.1289, -0.0031, 0.0261] err_to_target=0.0291 (read 59ms)
2026-08-25 14:12:24.445 [B/2] fb ok t+2.480 j=[0.7256, -0.2454, 2.0463, -0.1289, -0.0031, 0.0261] err_to_target=0.0291 (read 27ms)
2026-08-25 14:12:24.550 [B/2] fb ok t+2.583 j=[0.7256, -0.2454, 2.0463, -0.1289, -0.0031, 0.0261] err_to_target=0.0291 (read 30ms)
2026-08-25 14:12:24.655 [B/2] fb ok t+2.685 j=[0.7256, -0.2454, 2.0463, -0.1289, -0.0031, 0.0261] err_to_target=0.0291 (read 34ms)
2026-08-25 14:12:24.760 [B/2] fb ok t+2.786 j=[0.7256, -0.2454, 2.0463, -0.1289, -0.0031, 0.0261] err_to_target=0.0291 (read 37ms)
2026-08-25 14:12:24.865 [B/2] fb ok t+2.890 j=[0.7256, -0.2454, 2.0463, -0.1289, -0.0031, 0.0261] err_to_target=0.0291 (read 38ms)
2026-08-25 14:12:24.970 [B/2] fb ok t+2.994 j=[0.7256, -0.2454, 2.0463, -0.1289, -0.0031, 0.0261] err_to_target=0.0291 (read 39ms)
2026-08-25 14:12:25.075 [B/2] fb ok t+3.097 j=[0.7256, -0.2454, 2.0463, -0.1289, -0.0031, 0.0261] err_to_target=0.0291 (read 41ms)
2026-08-25 14:12:25.180 [B/2] fb ok t+3.201 j=[0.7256, -0.2454, 2.0463, -0.1289, -0.0031, 0.0261] err_to_target=0.0291 (read 42ms)
2026-08-25 14:12:25.285 [B/2] fb ok t+3.304 j=[0.7256, -0.2454, 2.0463, -0.1289, -0.0031, 0.0261] err_to_target=0.0291 (read 44ms)
2026-08-25 14:12:25.390 [B/2] fb ok t+3.408 j=[0.7256, -0.2454, 2.0463, -0.1289, -0.0031, 0.0261] err_to_target=0.0291 (read 45ms)
2026-08-25 14:12:25.495 [B/2] fb ok t+3.511 j=[0.7256, -0.2454, 2.0463, -0.1289, -0.0031, 0.0261] err_to_target=0.0291 (read 47ms)
2026-08-25 14:12:25.600 [B/2] fb ok t+3.612 j=[0.7256, -0.2454, 2.0463, -0.1289, -0.0031, 0.0261] err_to_target=0.0291 (read 51ms)
2026-08-25 14:12:25.705 [B/2] fb ok t+3.715 j=[0.7256, -0.2454, 2.0463, -0.1289, -0.0031, 0.0261] err_to_target=0.0291 (read 54ms)
2026-08-25 14:12:25.810 [B/2] fb ok t+3.818 j=[0.7256, -0.2454, 2.0463, -0.1289, -0.0031, 0.0261] err_to_target=0.0291 (read 56ms)
2026-08-25 14:12:25.916 [B/2] fb ok t+3.920 j=[0.7256, -0.2454, 2.0463, -0.1289, -0.0031, 0.0261] err_to_target=0.0291 (read 58ms)
2026-08-25 14:12:25.986 [B/2] fb ok t+4.023 j=[0.7256, -0.2454, 2.0463, -0.1289, -0.0031, 0.0261] err_to_target=0.0291 (read 26ms)
2026-08-25 14:12:26.091 [B/2] fb ok t+4.127 j=[0.7256, -0.2454, 2.0463, -0.1289, -0.0031, 0.0261] err_to_target=0.0291 (read 27ms)
2026-08-25 14:12:26.196 [B/2] fb ok t+4.229 j=[0.7256, -0.2454, 2.0463, -0.1289, -0.0031, 0.0261] err_to_target=0.0291 (read 30ms)
2026-08-25 14:12:26.301 [B/2] fb ok t+4.333 j=[0.7256, -0.2454, 2.0463, -0.1289, -0.0031, 0.0261] err_to_target=0.0291 (read 31ms)
2026-08-25 14:12:26.406 [B/2] fb ok t+4.438 j=[0.7256, -0.2454, 2.0463, -0.1289, -0.0031, 0.0261] err_to_target=0.0291 (read 31ms)
2026-08-25 14:12:26.511 [B/2] fb ok t+4.542 j=[0.7256, -0.2454, 2.0463, -0.1289, -0.0031, 0.0261] err_to_target=0.0291 (read 32ms)
2026-08-25 14:12:26.616 [B/2] fb ok t+4.646 j=[0.7256, -0.2454, 2.0463, -0.1289, -0.0031, 0.0261] err_to_target=0.0291 (read 33ms)
2026-08-25 14:12:26.721 [B/2] fb ok t+4.750 j=[0.7256, -0.2454, 2.0463, -0.1289, -0.0031, 0.0261] err_to_target=0.0291 (read 34ms)
2026-08-25 14:12:26.826 [B/2] fb ok t+4.854 j=[0.7256, -0.2454, 2.0463, -0.1289, -0.0031, 0.0261] err_to_target=0.0291 (read 35ms)
2026-08-25 14:12:26.932 [B/2] fb ok t+4.956 j=[0.7256, -0.2454, 2.0463, -0.1289, -0.0031, 0.0261] err_to_target=0.0291 (read 39ms)
2026-08-25 14:12:27.037 [B/2] fb ok t+5.059 j=[0.7256, -0.2454, 2.0463, -0.1289, -0.0031, 0.0261] err_to_target=0.0291 (read 40ms)
2026-08-25 14:12:27.142 [B/2] fb ok t+5.160 j=[0.7256, -0.2454, 2.0463, -0.1289, -0.0031, 0.0261] err_to_target=0.0291 (read 44ms)
2026-08-25 14:12:27.246 [B/2] fb ok t+5.261 j=[0.7256, -0.2454, 2.0463, -0.1289, -0.0031, 0.0261] err_to_target=0.0291 (read 48ms)
2026-08-25 14:12:27.351 [B/2] fb ok t+5.364 j=[0.7256, -0.2454, 2.0463, -0.1289, -0.0031, 0.0261] err_to_target=0.0291 (read 50ms)
2026-08-25 14:12:27.456 [B/2] fb ok t+5.465 j=[0.7256, -0.2454, 2.0463, -0.1289, -0.0031, 0.0261] err_to_target=0.0291 (read 55ms)
2026-08-25 14:12:27.562 [B/2] fb ok t+5.566 j=[0.7256, -0.2454, 2.0463, -0.1289, -0.0031, 0.0261] err_to_target=0.0291 (read 58ms)
2026-08-25 14:12:27.632 [B/2] fb ok t+5.669 j=[0.7256, -0.2454, 2.0463, -0.1289, -0.0031, 0.0261] err_to_target=0.0291 (read 26ms)
2026-08-25 14:12:27.737 [B/2] fb ok t+5.773 j=[0.7256, -0.2454, 2.0463, -0.1289, -0.0031, 0.0261] err_to_target=0.0291 (read 27ms)
2026-08-25 14:12:25.980 [B/2] fb ok t+4.014 j=[0.7256, -0.2454, 2.0463, -0.1289, -0.0031, 0.0261] err_to_target=0.0291 (read 30ms)
2026-08-25 14:12:26.085 [B/2] fb ok t+4.118 j=[0.7256, -0.2454, 2.0463, -0.1289, -0.0031, 0.0261] err_to_target=0.0291 (read 30ms)
2026-08-25 14:12:26.190 [B/2] fb ok t+4.222 j=[0.7256, -0.2454, 2.0463, -0.1289, -0.0031, 0.0261] err_to_target=0.0291 (read 31ms)
2026-08-25 14:12:26.295 [B/2] fb ok t+4.326 j=[0.7256, -0.2454, 2.0463, -0.1289, -0.0031, 0.0261] err_to_target=0.0291 (read 32ms)
2026-08-25 14:12:26.400 [B/2] fb ok t+4.431 j=[0.7256, -0.2454, 2.0463, -0.1289, -0.0031, 0.0261] err_to_target=0.0291 (read 33ms)
2026-08-25 14:12:26.505 [B/2] fb ok t+4.535 j=[0.7256, -0.2454, 2.0463, -0.1289, -0.0031, 0.0261] err_to_target=0.0291 (read 34ms)
2026-08-25 14:12:26.610 [B/2] fb ok t+4.639 j=[0.7256, -0.2454, 2.0463, -0.1289, -0.0031, 0.0261] err_to_target=0.0291 (read 35ms)
2026-08-25 14:12:26.716 [B/2] fb ok t+4.743 j=[0.7256, -0.2454, 2.0463, -0.1289, -0.0031, 0.0261] err_to_target=0.0291 (read 36ms)
2026-08-25 14:12:26.821 [B/2] fb ok t+4.847 j=[0.7256, -0.2454, 2.0463, -0.1289, -0.0031, 0.0261] err_to_target=0.0291 (read 37ms)
2026-08-25 14:12:26.926 [B/2] fb ok t+4.950 j=[0.7256, -0.2454, 2.0463, -0.1289, -0.0031, 0.0261] err_to_target=0.0291 (read 38ms)
2026-08-25 14:12:27.031 [B/2] fb ok t+5.054 j=[0.7256, -0.2454, 2.0463, -0.1289, -0.0031, 0.0261] err_to_target=0.0291 (read 39ms)
2026-08-25 14:12:27.136 [B/2] fb ok t+5.158 j=[0.7256, -0.2454, 2.0463, -0.1289, -0.0031, 0.0261] err_to_target=0.0291 (read 41ms)
2026-08-25 14:12:27.241 [B/2] fb ok t+5.261 j=[0.7256, -0.2454, 2.0463, -0.1289, -0.0031, 0.0261] err_to_target=0.0291 (read 43ms)
2026-08-25 14:12:27.346 [B/2] fb ok t+5.365 j=[0.7256, -0.2454, 2.0463, -0.1289, -0.0031, 0.0261] err_to_target=0.0291 (read 44ms)
2026-08-25 14:12:27.451 [B/2] fb ok t+5.468 j=[0.7256, -0.2454, 2.0463, -0.1289, -0.0031, 0.0261] err_to_target=0.0291 (read 46ms)
2026-08-25 14:12:27.556 [B/2] fb ok t+5.572 j=[0.7256, -0.2454, 2.0463, -0.1289, -0.0031, 0.0261] err_to_target=0.0291 (read 47ms)
2026-08-25 14:12:27.661 [B/2] fb ok t+5.675 j=[0.7256, -0.2454, 2.0463, -0.1289, -0.0031, 0.0261] err_to_target=0.0291 (read 49ms)
2026-08-25 14:12:27.766 [B/2] fb ok t+5.778 j=[0.7256, -0.2454, 2.0463, -0.1289, -0.0031, 0.0261] err_to_target=0.0291 (read 51ms)
2026-08-25 14:12:27.871 [B/2] fb ok t+5.879 j=[0.7256, -0.2454, 2.0463, -0.1289, -0.0031, 0.0261] err_to_target=0.0291 (read 55ms)
2026-08-25 14:12:27.976 [B/2] fb ok t+5.982 j=[0.7256, -0.2454, 2.0463, -0.1289, -0.0031, 0.0261] err_to_target=0.0291 (read 57ms)
2026-08-25 14:12:28.081 [B/2] fb ok t+6.084 j=[0.7256, -0.2454, 2.0463, -0.1289, -0.0031, 0.0261] err_to_target=0.0291 (read 60ms)
2026-08-25 14:12:28.151 [B/2] fb ok t+6.187 j=[0.7256, -0.2454, 2.0463, -0.1289, -0.0031, 0.0261] err_to_target=0.0291 (read 28ms)
2026-08-25 14:12:28.257 [B/2] fb ok t+6.289 j=[0.7256, -0.2454, 2.0463, -0.1289, -0.0031, 0.0261] err_to_target=0.0291 (read 31ms)
2026-08-25 14:12:28.362 [B/2] fb ok t+6.393 j=[0.7256, -0.2454, 2.0463, -0.1289, -0.0031, 0.0261] err_to_target=0.0291 (read 31ms)
2026-08-25 14:12:28.467 [B/2] fb ok t+6.497 j=[0.7256, -0.2454, 2.0463, -0.1289, -0.0031, 0.0261] err_to_target=0.0291 (read 32ms)
2026-08-25 14:12:28.572 [B/2] fb ok t+6.602 j=[0.7256, -0.2454, 2.0463, -0.1289, -0.0031, 0.0261] err_to_target=0.0291 (read 33ms)
2026-08-25 14:12:28.677 [B/2] fb ok t+6.703 j=[0.7256, -0.2454, 2.0463, -0.1289, -0.0031, 0.0261] err_to_target=0.0291 (read 37ms)
2026-08-25 14:12:28.782 [B/2] fb ok t+6.807 j=[0.7256, -0.2454, 2.0463, -0.1289, -0.0031, 0.0261] err_to_target=0.0291 (read 38ms)
2026-08-25 14:12:28.887 [B/2] fb ok t+6.908 j=[0.7256, -0.2454, 2.0463, -0.1289, -0.0031, 0.0261] err_to_target=0.0291 (read 42ms)
2026-08-25 14:12:28.992 [B/2] fb ok t+7.011 j=[0.7256, -0.2454, 2.0463, -0.1289, -0.0031, 0.0261] err_to_target=0.0291 (read 44ms)
2026-08-25 14:12:29.095 [B/2] fb ok t+7.112 j=[0.7256, -0.2454, 2.0463, -0.1304, -0.0031, 0.0261] err_to_target=0.0291 (read 46ms)
2026-08-25 14:12:29.200 [B/2] fb ok t+7.213 j=[0.7256, -0.2454, 2.0463, -0.1304, -0.0031, 0.0261] err_to_target=0.0291 (read 50ms)
2026-08-25 14:12:29.305 [B/2] fb ok t+7.316 j=[0.7256, -0.2454, 2.0463, -0.1304, -0.0031, 0.0261] err_to_target=0.0291 (read 52ms)
2026-08-25 14:12:29.410 [B/2] fb ok t+7.417 j=[0.7256, -0.2454, 2.0463, -0.1304, -0.0031, 0.0261] err_to_target=0.0291 (read 56ms)
2026-08-25 14:12:29.480 [B/2] fb ok t+7.520 j=[0.7256, -0.2454, 2.0463, -0.1304, -0.0031, 0.0261] err_to_target=0.0291 (read 24ms)
2026-08-25 14:12:29.585 [B/2] fb ok t+7.624 j=[0.7256, -0.2454, 2.0463, -0.1304, -0.0031, 0.0261] err_to_target=0.0291 (read 24ms)
2026-08-25 14:12:29.690 [B/2] fb ok t+7.729 j=[0.7256, -0.2454, 2.0463, -0.1304, -0.0031, 0.0261] err_to_target=0.0291 (read 25ms)
2026-08-25 14:12:29.796 [B/2] fb ok t+7.834 j=[0.7256, -0.2454, 2.0463, -0.1304, -0.0031, 0.0261] err_to_target=0.0291 (read 25ms)
2026-08-25 14:12:29.901 [B/2] fb ok t+7.938 j=[0.7256, -0.2454, 2.0463, -0.1304, -0.0031, 0.0261] err_to_target=0.0291 (read 26ms)
2026-08-25 14:12:30.006 [B/2] fb ok t+8.042 j=[0.7256, -0.2454, 2.0463, -0.1304, -0.0031, 0.0261] err_to_target=0.0291 (read 26ms)
2026-08-25 14:12:30.111 [B/2] fb ok t+8.147 j=[0.7256, -0.2454, 2.0463, -0.1304, -0.0031, 0.0261] err_to_target=0.0291 (read 27ms)
2026-08-25 14:12:30.216 [B/2] fb ok t+8.250 j=[0.7256, -0.2454, 2.0463, -0.1304, -0.0031, 0.0261] err_to_target=0.0291 (read 29ms)
2026-08-25 14:12:30.321 [B/2] fb ok t+8.355 j=[0.7256, -0.2454, 2.0463, -0.1304, -0.0031, 0.0261] err_to_target=0.0291 (read 29ms)
2026-08-25 14:12:30.426 [B/2] fb ok t+8.459 j=[0.7256, -0.2454, 2.0463, -0.1304, -0.0031, 0.0261] err_to_target=0.0291 (read 30ms)
2026-08-25 14:12:30.531 [B/2] fb ok t+8.561 j=[0.7256, -0.2454, 2.0463, -0.1304, -0.0031, 0.0261] err_to_target=0.0291 (read 33ms)
2026-08-25 14:12:30.636 [B/2] fb ok t+8.665 j=[0.7256, -0.2454, 2.0463, -0.1304, -0.0031, 0.0261] err_to_target=0.0291 (read 34ms)
2026-08-25 14:12:30.741 [B/2] fb ok t+8.769 j=[0.7256, -0.2454, 2.0463, -0.1304, -0.0031, 0.0261] err_to_target=0.0291 (read 35ms)
2026-08-25 14:12:30.846 [B/2] fb ok t+8.869 j=[0.7256, -0.2454, 2.0463, -0.1304, -0.0031, 0.0261] err_to_target=0.0291 (read 40ms)
2026-08-25 14:12:30.951 [B/2] fb ok t+8.971 j=[0.7256, -0.2454, 2.0463, -0.1304, -0.0031, 0.0261] err_to_target=0.0291 (read 43ms)
2026-08-25 14:12:31.056 [B/2] fb ok t+9.075 j=[0.7256, -0.2454, 2.0463, -0.1304, -0.0031, 0.0261] err_to_target=0.0291 (read 44ms)
2026-08-25 14:12:31.161 [B/2] fb ok t+9.177 j=[0.7256, -0.2454, 2.0463, -0.1304, -0.0031, 0.0261] err_to_target=0.0291 (read 47ms)
2026-08-25 14:12:31.266 [B/2] fb ok t+9.280 j=[0.7256, -0.2454, 2.0463, -0.1304, -0.0031, 0.0261] err_to_target=0.0291 (read 49ms)
2026-08-25 14:12:31.371 [B/2] fb ok t+9.383 j=[0.7256, -0.2454, 2.0463, -0.1304, -0.0031, 0.0261] err_to_target=0.0291 (read 51ms)
2026-08-25 14:12:31.476 [B/2] fb ok t+9.486 j=[0.7256, -0.2454, 2.0463, -0.1304, -0.0031, 0.0261] err_to_target=0.0291 (read 53ms)
2026-08-25 14:12:31.581 [B/2] fb ok t+9.589 j=[0.7256, -0.2454, 2.0463, -0.1304, -0.0031, 0.0261] err_to_target=0.0291 (read 55ms)
2026-08-25 14:12:31.652 [B/2] fb ok t+9.690 j=[0.7256, -0.2454, 2.0463, -0.1304, -0.0031, 0.0261] err_to_target=0.0291 (read 25ms)
2026-08-25 14:12:31.757 [B/2] fb ok t+9.794 j=[0.7256, -0.2454, 2.0463, -0.1304, -0.0031, 0.0261] err_to_target=0.0291 (read 26ms)
2026-08-25 14:12:31.862 [B/2] fb ok t+9.896 j=[0.7256, -0.2454, 2.0463, -0.1304, -0.0031, 0.0261] err_to_target=0.0291 (read 29ms)
2026-08-25 14:12:31.967 [B/2] fb ok t+10.000 j=[0.7256, -0.2454, 2.0463, -0.1304, -0.0031, 0.0261] err_to_target=0.0291 (read 30ms)
2026-08-25 14:12:32.072 [B/2] fb ok t+10.102 j=[0.7256, -0.2454, 2.0463, -0.1304, -0.0031, 0.0261] err_to_target=0.0291 (read 33ms)
2026-08-25 14:12:32.177 [B/2] fb ok t+10.203 j=[0.7256, -0.2454, 2.0463, -0.1304, -0.0031, 0.0261] err_to_target=0.0291 (read 37ms)
2026-08-25 14:12:32.282 [B/2] fb ok t+10.307 j=[0.7256, -0.2454, 2.0463, -0.1304, -0.0031, 0.0261] err_to_target=0.0291 (read 38ms)
2026-08-25 14:12:32.387 [B/2] fb ok t+10.411 j=[0.7256, -0.2454, 2.0463, -0.1304, -0.0031, 0.0261] err_to_target=0.0291 (read 39ms)
2026-08-25 14:12:32.492 [B/2] fb ok t+10.515 j=[0.7256, -0.2454, 2.0463, -0.1304, -0.0031, 0.0261] err_to_target=0.0291 (read 40ms)
2026-08-25 14:12:32.597 [B/2] fb ok t+10.618 j=[0.7256, -0.2454, 2.0463, -0.1304, -0.0031, 0.0261] err_to_target=0.0291 (read 42ms)
2026-08-25 14:12:32.702 [B/2] fb ok t+10.722 j=[0.7256, -0.2454, 2.0463, -0.1304, -0.0031, 0.0261] err_to_target=0.0291 (read 44ms)
2026-08-25 14:12:32.807 [B/2] fb ok t+10.825 j=[0.7256, -0.2454, 2.0463, -0.1304, -0.0031, 0.0261] err_to_target=0.0291 (read 45ms)
2026-08-25 14:12:32.912 [B/2] fb ok t+10.929 j=[0.7256, -0.2454, 2.0463, -0.1304, -0.0031, 0.0261] err_to_target=0.0291 (read 46ms)
2026-08-25 14:12:33.017 [B/2] fb ok t+11.031 j=[0.7256, -0.2454, 2.0463, -0.1304, -0.0031, 0.0261] err_to_target=0.0291 (read 49ms)
2026-08-25 14:12:33.122 [B/2] fb ok t+11.134 j=[0.7256, -0.2454, 2.0463, -0.1304, -0.0031, 0.0261] err_to_target=0.0291 (read 51ms)
2026-08-25 14:12:33.227 [B/2] fb ok t+11.237 j=[0.7256, -0.2454, 2.0463, -0.1304, -0.0031, 0.0261] err_to_target=0.0291 (read 53ms)
2026-08-25 14:12:33.332 [B/2] fb ok t+11.339 j=[0.7256, -0.2454, 2.0463, -0.1304, -0.0031, 0.0261] err_to_target=0.0291 (read 57ms)
2026-08-25 14:12:33.403 [B/2] fb ok t+11.441 j=[0.7256, -0.2454, 2.0463, -0.1304, -0.0031, 0.0261] err_to_target=0.0291 (read 25ms)
2026-08-25 14:12:33.508 [B/2] fb ok t+11.544 j=[0.7256, -0.2454, 2.0463, -0.1304, -0.0031, 0.0261] err_to_target=0.0291 (read 27ms)
2026-08-25 14:12:33.613 [B/2] fb ok t+11.645 j=[0.7256, -0.2454, 2.0463, -0.1304, -0.0031, 0.0261] err_to_target=0.0291 (read 30ms)
2026-08-25 14:12:33.718 [B/2] fb ok t+11.750 j=[0.7256, -0.2454, 2.0463, -0.1304, -0.0031, 0.0261] err_to_target=0.0291 (read 31ms)
2026-08-25 14:12:33.823 [B/2] fb ok t+11.854 j=[0.7256, -0.2454, 2.0463, -0.1304, -0.0031, 0.0261] err_to_target=0.0291 (read 32ms)
2026-08-25 14:12:33.928 [B/2] fb ok t+11.958 j=[0.7256, -0.2454, 2.0463, -0.1304, -0.0031, 0.0261] err_to_target=0.0291 (read 33ms)
2026-08-25 14:12:34.033 [B/2] fb ok t+12.061 j=[0.7256, -0.2454, 2.0463, -0.1304, -0.0031, 0.0261] err_to_target=0.0291 (read 35ms)
2026-08-25 14:12:34.138 [B/2] fb ok t+12.162 j=[0.7256, -0.2454, 2.0463, -0.1304, -0.0031, 0.0261] err_to_target=0.0291 (read 39ms)
2026-08-25 14:12:34.243 [B/2] fb ok t+12.266 j=[0.7256, -0.2454, 2.0463, -0.1304, -0.0031, 0.0261] err_to_target=0.0291 (read 41ms)
2026-08-25 14:12:34.348 [B/2] fb ok t+12.369 j=[0.7256, -0.2454, 2.0463, -0.1304, -0.0031, 0.0261] err_to_target=0.0291 (read 42ms)
2026-08-25 14:12:34.454 [B/2] fb ok t+12.473 j=[0.7256, -0.2454, 2.0463, -0.1304, -0.0031, 0.0261] err_to_target=0.0291 (read 44ms)
2026-08-25 14:12:34.558 [B/2] fb ok t+12.576 j=[0.7256, -0.2454, 2.0463, -0.1304, -0.0031, 0.0261] err_to_target=0.0291 (read 45ms)
2026-08-25 14:12:34.663 [B/2] fb ok t+12.676 j=[0.7256, -0.2454, 2.0463, -0.1304, -0.0031, 0.0261] err_to_target=0.0291 (read 50ms)
2026-08-25 14:12:34.768 [B/2] fb ok t+12.777 j=[0.7256, -0.2454, 2.0463, -0.1304, -0.0031, 0.0261] err_to_target=0.0291 (read 54ms)
2026-08-25 14:12:34.873 [B/2] fb ok t+12.880 j=[0.7256, -0.2454, 2.0463, -0.1304, -0.0031, 0.0261] err_to_target=0.0291 (read 57ms)
2026-08-25 14:12:34.944 [B/2] fb ok t+12.982 j=[0.7256, -0.2454, 2.0463, -0.1304, -0.0031, 0.0261] err_to_target=0.0291 (read 25ms)
2026-08-25 14:12:35.049 [B/2] fb ok t+13.087 j=[0.7256, -0.2454, 2.0463, -0.1304, -0.0031, 0.0261] err_to_target=0.0291 (read 25ms)
2026-08-25 14:12:35.154 [B/2] fb ok t+13.190 j=[0.7256, -0.2454, 2.0463, -0.1304, -0.0031, 0.0261] err_to_target=0.0291 (read 27ms)
2026-08-25 14:12:35.259 [B/2] fb ok t+13.294 j=[0.7256, -0.2454, 2.0463, -0.1304, -0.0031, 0.0261] err_to_target=0.0291 (read 28ms)
2026-08-25 14:12:35.364 [B/2] fb ok t+13.399 j=[0.7256, -0.2454, 2.0463, -0.1304, -0.0031, 0.0261] err_to_target=0.0291 (read 28ms)
2026-08-25 14:12:35.469 [B/2] fb ok t+13.503 j=[0.7256, -0.2454, 2.0463, -0.1304, -0.0031, 0.0261] err_to_target=0.0291 (read 29ms)
2026-08-25 14:12:35.574 [B/2] fb ok t+13.608 j=[0.7256, -0.2454, 2.0463, -0.1304, -0.0031, 0.0261] err_to_target=0.0291 (read 29ms)
2026-08-25 14:12:35.680 [B/2] fb ok t+13.712 j=[0.7256, -0.2454, 2.0463, -0.1304, -0.0031, 0.0261] err_to_target=0.0291 (read 30ms)
2026-08-25 14:12:35.784 [B/2] fb ok t+13.814 j=[0.7256, -0.2454, 2.0463, -0.1304, -0.0031, 0.0261] err_to_target=0.0291 (read 33ms)
2026-08-25 14:12:35.889 [B/2] fb ok t+13.918 j=[0.7256, -0.2454, 2.0463, -0.1304, -0.0031, 0.0261] err_to_target=0.0291 (read 35ms)
2026-08-25 14:12:35.995 [B/2] fb ok t+14.022 j=[0.7256, -0.2454, 2.0463, -0.1304, -0.0031, 0.0261] err_to_target=0.0291 (read 36ms)
2026-08-25 14:12:36.100 [B/2] fb ok t+14.126 j=[0.7256, -0.2454, 2.0463, -0.1304, -0.0031, 0.0261] err_to_target=0.0291 (read 37ms)
2026-08-25 14:12:36.204 [B/2] fb ok t+14.230 j=[0.7256, -0.2454, 2.0463, -0.1304, -0.0031, 0.0261] err_to_target=0.0291 (read 38ms)
2026-08-25 14:12:36.310 [B/2] fb ok t+14.333 j=[0.7256, -0.2454, 2.0463, -0.1304, -0.0031, 0.0261] err_to_target=0.0291 (read 39ms)
2026-08-25 14:12:36.415 [B/2] fb ok t+14.437 j=[0.7256, -0.2454, 2.0463, -0.1304, -0.0031, 0.0261] err_to_target=0.0291 (read 41ms)
2026-08-25 14:12:36.519 [B/2] fb ok t+14.538 j=[0.7256, -0.2454, 2.0463, -0.1304, -0.0031, 0.0261] err_to_target=0.0291 (read 44ms)
2026-08-25 14:12:36.625 [B/2] fb ok t+14.641 j=[0.7256, -0.2454, 2.0463, -0.1304, -0.0031, 0.0261] err_to_target=0.0291 (read 46ms)
2026-08-25 14:12:36.730 [B/2] fb ok t+14.745 j=[0.7256, -0.2454, 2.0463, -0.1304, -0.0031, 0.0261] err_to_target=0.0291 (read 48ms)
2026-08-25 14:12:36.835 [B/2] fb ok t+14.848 j=[0.7256, -0.2454, 2.0463, -0.1304, -0.0031, 0.0261] err_to_target=0.0291 (read 50ms)
2026-08-25 14:12:36.940 [B/2] fb ok t+14.951 j=[0.7256, -0.2454, 2.0463, -0.1304, -0.0031, 0.0261] err_to_target=0.0291 (read 52ms)
2026-08-25 14:12:38.201 [B/3]pre already at target, no setup move needed
2026-08-25 14:12:38.201 [B/3] dwell 3.0s before send
2026-08-25 14:12:41.494 [B/3] SENT T=102 A->B target=[0.6674, -0.2531, 2.0371, -0.0918, -0.0031, 0.0261] ([38.24, -14.5, 116.72, -5.26, -0.18, 1.5]) speed=1000 acc=50 ret=b'{"T": 102, "base": 0.6674335374002835, "shoulder": -0.2531, "elbow": 2.0371, "wrist": -0.0918401224401701, "roll": -0.0031, "hand": 3.115492653589793, "spd": 1000, "acc": 50}\n'
2026-08-25 14:12:41.528 [B/3] fb ok t+0.018 j=[0.7256, -0.2454, 2.0463, -0.1304, -0.0031, 0.0261] err_to_target=0.0581 (read 35ms)
2026-08-25 14:12:41.641 [B/3] fb ok t+0.122 j=[0.7256, -0.2454, 2.0463, -0.1289, -0.0031, 0.0261] err_to_target=0.0581 (read 43ms)
2026-08-25 14:12:41.746 [B/3] MOTION toward target (joint=wrist) latency=0.223s dev=0.0276
2026-08-25 14:12:41.746 [B/3] fb ok t+0.223 j=[0.7164, -0.2454, 2.0463, -0.1028, -0.0031, 0.0261] err_to_target=0.0489 (read 47ms)
2026-08-25 14:12:41.851 [B/3] fb ok t+0.326 j=[0.6995, -0.2454, 2.0463, -0.0966, -0.0031, 0.0261] err_to_target=0.0321 (read 49ms)
2026-08-25 14:12:41.956 [B/3] fb ok t+0.430 j=[0.6995, -0.2454, 2.0463, -0.0966, -0.0031, 0.0261] err_to_target=0.0321 (read 51ms)
2026-08-25 14:12:42.061 [B/3] fb ok t+0.532 j=[0.6995, -0.2454, 2.0463, -0.0966, -0.0031, 0.0261] err_to_target=0.0321 (read 53ms)
2026-08-25 14:12:42.166 [B/3] fb ok t+0.634 j=[0.6995, -0.2454, 2.0463, -0.0966, -0.0031, 0.0261] err_to_target=0.0321 (read 57ms)
2026-08-25 14:12:42.271 [B/3] fb ok t+0.737 j=[0.6995, -0.2454, 2.0463, -0.0966, -0.0031, 0.0261] err_to_target=0.0321 (read 59ms)
2026-08-25 14:12:42.341 [B/3] fb ok t+0.839 j=[0.6995, -0.2454, 2.0463, -0.0966, -0.0031, 0.0261] err_to_target=0.0321 (read 27ms)
2026-08-25 14:12:42.446 [B/3] fb ok t+0.944 j=[0.6995, -0.2454, 2.0463, -0.0966, -0.0031, 0.0261] err_to_target=0.0321 (read 28ms)
2026-08-25 14:12:42.551 [B/3] fb ok t+1.048 j=[0.6995, -0.2454, 2.0463, -0.0966, -0.0031, 0.0261] err_to_target=0.0321 (read 28ms)
2026-08-25 14:12:42.656 [B/3] fb ok t+1.153 j=[0.6995, -0.2454, 2.0463, -0.0966, -0.0031, 0.0261] err_to_target=0.0321 (read 28ms)
2026-08-25 14:12:42.761 [B/3] fb ok t+1.257 j=[0.6995, -0.2454, 2.0463, -0.0966, -0.0031, 0.0261] err_to_target=0.0321 (read 29ms)
2026-08-25 14:12:42.867 [B/3] fb ok t+1.359 j=[0.6995, -0.2454, 2.0463, -0.0966, -0.0031, 0.0261] err_to_target=0.0321 (read 33ms)
2026-08-25 14:12:42.972 [B/3] fb ok t+1.463 j=[0.6995, -0.2454, 2.0463, -0.0966, -0.0031, 0.0261] err_to_target=0.0321 (read 34ms)
2026-08-25 14:12:43.077 [B/3] fb ok t+1.565 j=[0.6995, -0.2454, 2.0463, -0.0966, -0.0031, 0.0261] err_to_target=0.0321 (read 37ms)
2026-08-25 14:12:43.182 [B/3] fb ok t+1.669 j=[0.6995, -0.2454, 2.0463, -0.0966, -0.0031, 0.0261] err_to_target=0.0321 (read 38ms)
2026-08-25 14:12:43.287 [B/3] fb ok t+1.773 j=[0.6995, -0.2454, 2.0463, -0.0966, -0.0031, 0.0261] err_to_target=0.0321 (read 39ms)
2026-08-25 14:12:43.392 [B/3] fb ok t+1.876 j=[0.6995, -0.2454, 2.0463, -0.0966, -0.0031, 0.0261] err_to_target=0.0321 (read 40ms)
2026-08-25 14:12:43.497 [B/3] fb ok t+1.980 j=[0.6995, -0.2454, 2.0463, -0.0966, -0.0031, 0.0261] err_to_target=0.0321 (read 42ms)
2026-08-25 14:12:43.602 [B/3] fb ok t+2.083 j=[0.6995, -0.2454, 2.0463, -0.0966, -0.0031, 0.0261] err_to_target=0.0321 (read 43ms)
2026-08-25 14:12:43.707 [B/3] fb ok t+2.184 j=[0.6995, -0.2454, 2.0463, -0.0966, -0.0031, 0.0261] err_to_target=0.0321 (read 48ms)
2026-08-25 14:12:43.812 [B/3] fb ok t+2.287 j=[0.6995, -0.2454, 2.0463, -0.0966, -0.0031, 0.0261] err_to_target=0.0321 (read 50ms)
2026-08-25 14:12:43.917 [B/3] fb ok t+2.390 j=[0.6995, -0.2454, 2.0463, -0.0966, -0.0031, 0.0261] err_to_target=0.0321 (read 52ms)
2026-08-25 14:12:44.022 [B/3] fb ok t+2.493 j=[0.6995, -0.2454, 2.0463, -0.0966, -0.0031, 0.0261] err_to_target=0.0321 (read 54ms)
2026-08-25 14:12:44.127 [B/3] fb ok t+2.596 j=[0.6995, -0.2454, 2.0463, -0.0966, -0.0031, 0.0261] err_to_target=0.0321 (read 56ms)
2026-08-25 14:12:44.232 [B/3] fb ok t+2.698 j=[0.6995, -0.2454, 2.0463, -0.0966, -0.0031, 0.0261] err_to_target=0.0321 (read 59ms)
2026-08-25 14:12:44.302 [B/3] fb ok t+2.801 j=[0.6995, -0.2454, 2.0463, -0.0966, -0.0031, 0.0261] err_to_target=0.0321 (read 26ms)
2026-08-25 14:12:44.407 [B/3] fb ok t+2.905 j=[0.6995, -0.2454, 2.0463, -0.0966, -0.0031, 0.0261] err_to_target=0.0321 (read 27ms)
2026-08-25 14:12:44.512 [B/3] fb ok t+3.010 j=[0.6995, -0.2454, 2.0463, -0.0966, -0.0031, 0.0261] err_to_target=0.0321 (read 27ms)
2026-08-25 14:12:44.618 [B/3] fb ok t+3.114 j=[0.6995, -0.2454, 2.0463, -0.0966, -0.0031, 0.0261] err_to_target=0.0321 (read 28ms)
2026-08-25 14:12:44.722 [B/3] fb ok t+3.216 j=[0.6995, -0.2454, 2.0463, -0.0966, -0.0031, 0.0261] err_to_target=0.0321 (read 31ms)
2026-08-25 14:12:44.827 [B/3] fb ok t+3.320 j=[0.6995, -0.2454, 2.0463, -0.0966, -0.0031, 0.0261] err_to_target=0.0321 (read 32ms)
2026-08-25 14:12:44.933 [B/3] fb ok t+3.422 j=[0.6995, -0.2454, 2.0463, -0.0966, -0.0031, 0.0261] err_to_target=0.0321 (read 36ms)
2026-08-25 14:12:45.038 [B/3] fb ok t+3.526 j=[0.6995, -0.2454, 2.0463, -0.0966, -0.0031, 0.0261] err_to_target=0.0321 (read 37ms)
2026-08-25 14:12:45.143 [B/3] fb ok t+3.630 j=[0.6995, -0.2454, 2.0463, -0.0966, -0.0031, 0.0261] err_to_target=0.0321 (read 38ms)
2026-08-25 14:12:45.248 [B/3] fb ok t+3.734 j=[0.6995, -0.2454, 2.0463, -0.0966, -0.0031, 0.0261] err_to_target=0.0321 (read 39ms)
2026-08-25 14:12:45.353 [B/3] fb ok t+3.837 j=[0.6995, -0.2454, 2.0463, -0.0966, -0.0031, 0.0261] err_to_target=0.0321 (read 41ms)
2026-08-25 14:12:45.458 [B/3] fb ok t+3.941 j=[0.6995, -0.2454, 2.0463, -0.0966, -0.0031, 0.0261] err_to_target=0.0321 (read 42ms)
2026-08-25 14:12:45.563 [B/3] fb ok t+4.044 j=[0.6995, -0.2454, 2.0463, -0.0966, -0.0031, 0.0261] err_to_target=0.0321 (read 44ms)
2026-08-25 14:12:45.668 [B/3] fb ok t+4.148 j=[0.6995, -0.2454, 2.0463, -0.0966, -0.0031, 0.0261] err_to_target=0.0321 (read 45ms)
2026-08-25 14:12:45.773 [B/3] fb ok t+4.251 j=[0.6995, -0.2454, 2.0463, -0.0966, -0.0031, 0.0261] err_to_target=0.0321 (read 47ms)
2026-08-25 14:12:45.878 [B/3] fb ok t+4.354 j=[0.6995, -0.2454, 2.0463, -0.0966, -0.0031, 0.0261] err_to_target=0.0321 (read 49ms)
2026-08-25 14:12:45.983 [B/3] fb ok t+4.457 j=[0.6995, -0.2454, 2.0463, -0.0966, -0.0031, 0.0261] err_to_target=0.0321 (read 51ms)
2026-08-25 14:12:46.088 [B/3] fb ok t+4.560 j=[0.6995, -0.2454, 2.0463, -0.0966, -0.0031, 0.0261] err_to_target=0.0321 (read 53ms)
2026-08-25 14:12:46.193 [B/3] fb ok t+4.663 j=[0.6995, -0.2454, 2.0463, -0.0966, -0.0031, 0.0261] err_to_target=0.0321 (read 55ms)
2026-08-25 14:12:46.298 [B/3] fb ok t+4.766 j=[0.6995, -0.2454, 2.0463, -0.0966, -0.0031, 0.0261] err_to_target=0.0321 (read 57ms)
2026-08-25 14:12:46.403 [B/3] fb ok t+4.868 j=[0.6995, -0.2454, 2.0463, -0.0966, -0.0031, 0.0261] err_to_target=0.0321 (read 60ms)
2026-08-25 14:12:46.473 [B/3] fb ok t+4.971 j=[0.6995, -0.2454, 2.0463, -0.0966, -0.0031, 0.0261] err_to_target=0.0321 (read 27ms)
2026-08-25 14:12:46.579 [B/3] fb ok t+5.074 j=[0.6995, -0.2454, 2.0463, -0.0966, -0.0031, 0.0261] err_to_target=0.0321 (read 29ms)
2026-08-25 14:12:46.684 [B/3] fb ok t+5.175 j=[0.6995, -0.2454, 2.0463, -0.0966, -0.0031, 0.0261] err_to_target=0.0321 (read 34ms)
2026-08-25 14:12:46.789 [B/3] fb ok t+5.276 j=[0.6995, -0.2454, 2.0463, -0.0966, -0.0031, 0.0261] err_to_target=0.0321 (read 38ms)
2026-08-25 14:12:46.894 [B/3] fb ok t+5.380 j=[0.6995, -0.2454, 2.0463, -0.0966, -0.0031, 0.0261] err_to_target=0.0321 (read 39ms)
2026-08-25 14:12:46.999 [B/3] fb ok t+5.483 j=[0.6995, -0.2454, 2.0463, -0.0966, -0.0031, 0.0261] err_to_target=0.0321 (read 40ms)
2026-08-25 14:12:47.104 [B/3] fb ok t+5.587 j=[0.6995, -0.2454, 2.0463, -0.0966, -0.0031, 0.0261] err_to_target=0.0321 (read 42ms)
2026-08-25 14:12:47.209 [B/3] fb ok t+5.691 j=[0.6995, -0.2454, 2.0463, -0.0966, -0.0031, 0.0261] err_to_target=0.0321 (read 43ms)
2026-08-25 14:12:47.314 [B/3] fb ok t+5.794 j=[0.6995, -0.2454, 2.0463, -0.0966, -0.0031, 0.0261] err_to_target=0.0321 (read 45ms)
2026-08-25 14:12:47.419 [B/3] fb ok t+5.897 j=[0.6995, -0.2454, 2.0463, -0.0966, -0.0031, 0.0261] err_to_target=0.0321 (read 47ms)
2026-08-25 14:12:47.524 [B/3] fb ok t+6.001 j=[0.6995, -0.2454, 2.0463, -0.0966, -0.0031, 0.0261] err_to_target=0.0321 (read 48ms)
2026-08-25 14:12:47.629 [B/3] fb ok t+6.104 j=[0.6995, -0.2454, 2.0463, -0.0966, -0.0031, 0.0261] err_to_target=0.0321 (read 50ms)
2026-08-25 14:12:47.734 [B/3] fb ok t+6.206 j=[0.6995, -0.2454, 2.0463, -0.0966, -0.0031, 0.0261] err_to_target=0.0321 (read 53ms)
2026-08-25 14:12:47.839 [B/3] fb ok t+6.309 j=[0.6995, -0.2454, 2.0463, -0.0966, -0.0031, 0.0261] err_to_target=0.0321 (read 55ms)
2026-08-25 14:12:47.944 [B/3] fb ok t+6.412 j=[0.6995, -0.2454, 2.0463, -0.0966, -0.0031, 0.0261] err_to_target=0.0321 (read 57ms)
2026-08-25 14:12:48.049 [B/3] fb ok t+6.514 j=[0.6995, -0.2454, 2.0463, -0.0966, -0.0031, 0.0261] err_to_target=0.0321 (read 60ms)
2026-08-25 14:12:48.120 [B/3] fb ok t+6.617 j=[0.6995, -0.2454, 2.0463, -0.0966, -0.0031, 0.0261] err_to_target=0.0321 (read 28ms)
2026-08-25 14:12:48.225 [B/3] fb ok t+6.718 j=[0.6995, -0.2454, 2.0463, -0.0966, -0.0031, 0.0261] err_to_target=0.0321 (read 31ms)
2026-08-25 14:12:48.330 [B/3] fb ok t+6.823 j=[0.6995, -0.2454, 2.0463, -0.0966, -0.0031, 0.0261] err_to_target=0.0321 (read 32ms)
2026-08-25 14:12:48.435 [B/3] fb ok t+6.924 j=[0.6995, -0.2454, 2.0463, -0.0966, -0.0031, 0.0261] err_to_target=0.0321 (read 35ms)
2026-08-25 14:12:48.540 [B/3] fb ok t+7.028 j=[0.6995, -0.2454, 2.0463, -0.0966, -0.0031, 0.0261] err_to_target=0.0321 (read 37ms)
2026-08-25 14:12:48.645 [B/3] fb ok t+7.132 j=[0.6995, -0.2454, 2.0463, -0.0966, -0.0031, 0.0261] err_to_target=0.0321 (read 38ms)
2026-08-25 14:12:48.750 [B/3] fb ok t+7.236 j=[0.6995, -0.2454, 2.0463, -0.0966, -0.0031, 0.0261] err_to_target=0.0321 (read 39ms)
2026-08-25 14:12:48.855 [B/3] fb ok t+7.339 j=[0.6995, -0.2454, 2.0463, -0.0966, -0.0031, 0.0261] err_to_target=0.0321 (read 40ms)
2026-08-25 14:12:48.960 [B/3] fb ok t+7.440 j=[0.6995, -0.2454, 2.0463, -0.0966, -0.0031, 0.0261] err_to_target=0.0321 (read 44ms)
2026-08-25 14:12:49.065 [B/3] fb ok t+7.544 j=[0.6995, -0.2454, 2.0463, -0.0966, -0.0031, 0.0261] err_to_target=0.0321 (read 46ms)
2026-08-25 14:12:49.170 [B/3] fb ok t+7.647 j=[0.6995, -0.2454, 2.0463, -0.0966, -0.0031, 0.0261] err_to_target=0.0321 (read 48ms)
2026-08-25 14:12:49.275 [B/3] fb ok t+7.748 j=[0.6995, -0.2454, 2.0463, -0.0966, -0.0031, 0.0261] err_to_target=0.0321 (read 52ms)
2026-08-25 14:12:49.380 [B/3] fb ok t+7.851 j=[0.6995, -0.2454, 2.0463, -0.0966, -0.0031, 0.0261] err_to_target=0.0321 (read 54ms)
2026-08-25 14:12:49.485 [B/3] fb ok t+7.953 j=[0.6995, -0.2454, 2.0463, -0.0966, -0.0031, 0.0261] err_to_target=0.0321 (read 57ms)
2026-08-25 14:12:49.590 [B/3] fb ok t+8.056 j=[0.6995, -0.2454, 2.0463, -0.0966, -0.0031, 0.0261] err_to_target=0.0321 (read 59ms)
2026-08-25 14:12:49.660 [B/3] fb ok t+8.158 j=[0.6995, -0.2454, 2.0463, -0.0966, -0.0031, 0.0261] err_to_target=0.0321 (read 27ms)
2026-08-25 14:12:49.765 [B/3] fb ok t+8.263 j=[0.6995, -0.2454, 2.0463, -0.0966, -0.0031, 0.0261] err_to_target=0.0321 (read 27ms)
2026-08-25 14:12:49.871 [B/3] fb ok t+8.367 j=[0.6995, -0.2454, 2.0463, -0.0966, -0.0031, 0.0261] err_to_target=0.0321 (read 28ms)
2026-08-25 14:12:49.976 [B/3] fb ok t+8.472 j=[0.6995, -0.2454, 2.0463, -0.0966, -0.0031, 0.0261] err_to_target=0.0321 (read 29ms)
2026-08-25 14:12:50.081 [B/3] fb ok t+8.573 j=[0.6995, -0.2454, 2.0463, -0.0966, -0.0031, 0.0261] err_to_target=0.0321 (read 32ms)
2026-08-25 14:12:50.186 [B/3] fb ok t+8.678 j=[0.6995, -0.2454, 2.0463, -0.0966, -0.0031, 0.0261] err_to_target=0.0321 (read 33ms)
2026-08-25 14:12:50.291 [B/3] fb ok t+8.782 j=[0.6995, -0.2454, 2.0463, -0.0966, -0.0031, 0.0261] err_to_target=0.0321 (read 34ms)
2026-08-25 14:12:50.396 [B/3] fb ok t+8.886 j=[0.6995, -0.2454, 2.0463, -0.0966, -0.0031, 0.0261] err_to_target=0.0321 (read 35ms)
2026-08-25 14:12:50.501 [B/3] fb ok t+8.990 j=[0.6995, -0.2454, 2.0463, -0.0966, -0.0031, 0.0261] err_to_target=0.0321 (read 36ms)
2026-08-25 14:12:50.606 [B/3] fb ok t+9.094 j=[0.6995, -0.2454, 2.0463, -0.0966, -0.0031, 0.0261] err_to_target=0.0321 (read 37ms)
2026-08-25 14:12:50.711 [B/3] fb ok t+9.198 j=[0.6995, -0.2454, 2.0463, -0.0966, -0.0031, 0.0261] err_to_target=0.0321 (read 38ms)
2026-08-25 14:12:50.816 [B/3] fb ok t+9.301 j=[0.6995, -0.2454, 2.0463, -0.0966, -0.0031, 0.0261] err_to_target=0.0321 (read 40ms)
2026-08-25 14:12:50.921 [B/3] fb ok t+9.405 j=[0.6995, -0.2454, 2.0463, -0.0966, -0.0031, 0.0261] err_to_target=0.0321 (read 41ms)
2026-08-25 14:12:51.026 [B/3] fb ok t+9.509 j=[0.6995, -0.2454, 2.0463, -0.0966, -0.0031, 0.0261] err_to_target=0.0321 (read 42ms)
2026-08-25 14:12:51.131 [B/3] fb ok t+9.612 j=[0.6995, -0.2454, 2.0463, -0.0966, -0.0031, 0.0261] err_to_target=0.0321 (read 44ms)
2026-08-25 14:12:51.236 [B/3] fb ok t+9.716 j=[0.6995, -0.2454, 2.0463, -0.0966, -0.0031, 0.0261] err_to_target=0.0321 (read 45ms)
2026-08-25 14:12:51.341 [B/3] fb ok t+9.819 j=[0.6995, -0.2454, 2.0463, -0.0966, -0.0031, 0.0261] err_to_target=0.0321 (read 47ms)
2026-08-25 14:12:51.446 [B/3] fb ok t+9.922 j=[0.6995, -0.2454, 2.0463, -0.0966, -0.0031, 0.0261] err_to_target=0.0321 (read 49ms)
2026-08-25 14:12:51.551 [B/3] fb ok t+10.025 j=[0.6995, -0.2454, 2.0463, -0.0966, -0.0031, 0.0261] err_to_target=0.0321 (read 51ms)
2026-08-25 14:12:51.656 [B/3] fb ok t+10.128 j=[0.6995, -0.2454, 2.0463, -0.0966, -0.0031, 0.0261] err_to_target=0.0321 (read 53ms)
2026-08-25 14:12:51.761 [B/3] fb ok t+10.231 j=[0.6995, -0.2454, 2.0463, -0.0966, -0.0031, 0.0261] err_to_target=0.0321 (read 55ms)
2026-08-25 14:12:51.866 [B/3] fb ok t+10.331 j=[0.6995, -0.2454, 2.0463, -0.0966, -0.0031, 0.0261] err_to_target=0.0321 (read 60ms)
2026-08-25 14:12:51.937 [B/3] fb ok t+10.434 j=[0.6995, -0.2454, 2.0463, -0.0966, -0.0031, 0.0261] err_to_target=0.0321 (read 28ms)
2026-08-25 14:12:52.042 [B/3] fb ok t+10.535 j=[0.6995, -0.2454, 2.0463, -0.0966, -0.0031, 0.0261] err_to_target=0.0321 (read 31ms)
2026-08-25 14:12:52.147 [B/3] fb ok t+10.636 j=[0.6995, -0.2454, 2.0463, -0.0966, -0.0031, 0.0261] err_to_target=0.0321 (read 35ms)
2026-08-25 14:12:52.252 [B/3] fb ok t+10.740 j=[0.6995, -0.2454, 2.0463, -0.0966, -0.0031, 0.0261] err_to_target=0.0321 (read 36ms)
2026-08-25 14:12:52.357 [B/3] fb ok t+10.844 j=[0.6995, -0.2454, 2.0463, -0.0966, -0.0031, 0.0261] err_to_target=0.0321 (read 38ms)
2026-08-25 14:12:52.462 [B/3] fb ok t+10.948 j=[0.6995, -0.2454, 2.0463, -0.0966, -0.0031, 0.0261] err_to_target=0.0321 (read 39ms)
2026-08-25 14:12:52.567 [B/3] fb ok t+11.051 j=[0.6995, -0.2454, 2.0463, -0.0966, -0.0031, 0.0261] err_to_target=0.0321 (read 40ms)
2026-08-25 14:12:52.672 [B/3] fb ok t+11.155 j=[0.6995, -0.2454, 2.0463, -0.0966, -0.0031, 0.0261] err_to_target=0.0321 (read 42ms)
2026-08-25 14:12:52.777 [B/3] fb ok t+11.259 j=[0.6995, -0.2454, 2.0463, -0.0966, -0.0031, 0.0261] err_to_target=0.0321 (read 43ms)
2026-08-25 14:12:52.882 [B/3] fb ok t+11.362 j=[0.6995, -0.2454, 2.0463, -0.0966, -0.0031, 0.0261] err_to_target=0.0321 (read 45ms)
2026-08-25 14:12:52.987 [B/3] fb ok t+11.465 j=[0.6995, -0.2454, 2.0463, -0.0966, -0.0031, 0.0261] err_to_target=0.0321 (read 47ms)
2026-08-25 14:12:53.092 [B/3] fb ok t+11.569 j=[0.6995, -0.2454, 2.0463, -0.0966, -0.0031, 0.0261] err_to_target=0.0321 (read 48ms)
2026-08-25 14:12:53.197 [B/3] fb ok t+11.672 j=[0.6995, -0.2454, 2.0463, -0.0966, -0.0031, 0.0261] err_to_target=0.0321 (read 50ms)
2026-08-25 14:12:53.302 [B/3] fb ok t+11.775 j=[0.6995, -0.2454, 2.0463, -0.0966, -0.0031, 0.0261] err_to_target=0.0321 (read 52ms)
2026-08-25 14:12:53.407 [B/3] fb ok t+11.878 j=[0.6995, -0.2454, 2.0463, -0.0966, -0.0031, 0.0261] err_to_target=0.0321 (read 54ms)
2026-08-25 14:12:53.512 [B/3] fb ok t+11.981 j=[0.6995, -0.2454, 2.0463, -0.0966, -0.0031, 0.0261] err_to_target=0.0321 (read 56ms)
2026-08-25 14:12:53.617 [B/3] fb ok t+12.083 j=[0.6995, -0.2454, 2.0463, -0.0966, -0.0031, 0.0261] err_to_target=0.0321 (read 59ms)
2026-08-25 14:12:53.687 [B/3] fb ok t+12.185 j=[0.6995, -0.2454, 2.0463, -0.0966, -0.0031, 0.0261] err_to_target=0.0321 (read 27ms)
2026-08-25 14:12:53.793 [B/3] fb ok t+12.290 j=[0.6995, -0.2454, 2.0463, -0.0966, -0.0031, 0.0261] err_to_target=0.0321 (read 28ms)
2026-08-25 14:12:53.898 [B/3] fb ok t+12.394 j=[0.6995, -0.2454, 2.0463, -0.0966, -0.0031, 0.0261] err_to_target=0.0321 (read 28ms)
2026-08-25 14:12:54.003 [B/3] fb ok t+12.498 j=[0.6995, -0.2454, 2.0463, -0.0966, -0.0031, 0.0261] err_to_target=0.0321 (read 29ms)
2026-08-25 14:12:54.108 [B/3] fb ok t+12.600 j=[0.6995, -0.2454, 2.0463, -0.0966, -0.0031, 0.0261] err_to_target=0.0321 (read 32ms)
2026-08-25 14:12:54.213 [B/3] fb ok t+12.700 j=[0.6995, -0.2454, 2.0463, -0.0966, -0.0031, 0.0261] err_to_target=0.0321 (read 37ms)
2026-08-25 14:12:54.318 [B/3] fb ok t+12.802 j=[0.6995, -0.2454, 2.0463, -0.0966, -0.0031, 0.0261] err_to_target=0.0321 (read 41ms)
2026-08-25 14:12:54.423 [B/3] fb ok t+12.905 j=[0.6995, -0.2454, 2.0463, -0.0966, -0.0031, 0.0261] err_to_target=0.0321 (read 43ms)
2026-08-25 14:12:54.528 [B/3] fb ok t+13.009 j=[0.6995, -0.2454, 2.0463, -0.0966, -0.0031, 0.0261] err_to_target=0.0321 (read 44ms)
2026-08-25 14:12:54.633 [B/3] fb ok t+13.112 j=[0.6995, -0.2454, 2.0463, -0.0966, -0.0031, 0.0261] err_to_target=0.0321 (read 46ms)
2026-08-25 14:12:54.738 [B/3] fb ok t+13.215 j=[0.6995, -0.2454, 2.0463, -0.0966, -0.0031, 0.0261] err_to_target=0.0321 (read 47ms)
2026-08-25 14:12:54.843 [B/3] fb ok t+13.316 j=[0.6995, -0.2454, 2.0463, -0.0966, -0.0031, 0.0261] err_to_target=0.0321 (read 52ms)
2026-08-25 14:12:54.948 [B/3] fb ok t+13.416 j=[0.6995, -0.2454, 2.0463, -0.0966, -0.0031, 0.0261] err_to_target=0.0321 (read 56ms)
2026-08-25 14:12:55.053 [B/3] fb ok t+13.519 j=[0.6995, -0.2454, 2.0463, -0.0966, -0.0031, 0.0261] err_to_target=0.0321 (read 59ms)
2026-08-25 14:12:55.123 [B/3] fb ok t+13.621 j=[0.6995, -0.2454, 2.0463, -0.0966, -0.0031, 0.0261] err_to_target=0.0321 (read 27ms)
2026-08-25 14:12:55.228 [B/3] fb ok t+13.723 j=[0.6995, -0.2454, 2.0463, -0.0966, -0.0031, 0.0261] err_to_target=0.0321 (read 30ms)
2026-08-25 14:12:55.333 [B/3] fb ok t+13.828 j=[0.6995, -0.2454, 2.0463, -0.0966, -0.0031, 0.0261] err_to_target=0.0321 (read 31ms)
2026-08-25 14:12:55.438 [B/3] fb ok t+13.932 j=[0.6995, -0.2454, 2.0463, -0.0966, -0.0031, 0.0261] err_to_target=0.0321 (read 31ms)
2026-08-25 14:12:55.543 [B/3] fb ok t+14.036 j=[0.6995, -0.2454, 2.0463, -0.0966, -0.0031, 0.0261] err_to_target=0.0321 (read 32ms)
2026-08-25 14:12:55.648 [B/3] fb ok t+14.138 j=[0.6995, -0.2454, 2.0463, -0.0966, -0.0031, 0.0261] err_to_target=0.0321 (read 36ms)
2026-08-25 14:12:55.754 [B/3] fb ok t+14.238 j=[0.6995, -0.2454, 2.0463, -0.0966, -0.0031, 0.0261] err_to_target=0.0321 (read 40ms)
2026-08-25 14:12:55.859 [B/3] fb ok t+14.342 j=[0.6995, -0.2454, 2.0463, -0.0966, -0.0031, 0.0261] err_to_target=0.0321 (read 41ms)
2026-08-25 14:12:55.964 [B/3] fb ok t+14.445 j=[0.6995, -0.2454, 2.0463, -0.0966, -0.0031, 0.0261] err_to_target=0.0321 (read 43ms)
2026-08-25 14:12:56.069 [B/3] fb ok t+14.549 j=[0.6995, -0.2454, 2.0463, -0.0966, -0.0031, 0.0261] err_to_target=0.0321 (read 45ms)
2026-08-25 14:12:56.173 [B/3] fb ok t+14.651 j=[0.6995, -0.2454, 2.0463, -0.0966, -0.0031, 0.0261] err_to_target=0.0321 (read 47ms)
2026-08-25 14:12:56.278 [B/3] fb ok t+14.754 j=[0.6995, -0.2454, 2.0463, -0.0966, -0.0031, 0.0261] err_to_target=0.0321 (read 49ms)
2026-08-25 14:12:56.384 [B/3] fb ok t+14.857 j=[0.6995, -0.2454, 2.0463, -0.0966, -0.0031, 0.0261] err_to_target=0.0321 (read 51ms)
2026-08-25 14:12:56.488 [B/3] fb ok t+14.960 j=[0.6995, -0.2454, 2.0463, -0.0966, -0.0031, 0.0261] err_to_target=0.0321 (read 53ms)
2026-08-25 14:13:16.688 [B/4]pre SETUP move to [0.6674, -0.2531, 2.0371, -0.0918, -0.0031, 0.0261] (repeated target, not measured)
2026-08-25 14:13:51.847 [B/4]pre SETUP done sends=56 settled=False final=[0.6995, -0.2454, 2.0463, -0.0966, -0.0031, 0.0261]
2026-08-25 14:13:51.847 [B/4]pre WARNING: setup move did not settle; continuing (pose drift possible)
2026-08-25 14:13:51.847 [B/4] dwell 3.0s before send
2026-08-25 14:13:55.137 [B/4] SENT T=102 B->A target=[0.7547, -0.2531, 2.0371, -0.1442, -0.0031, 0.0261] ([43.24, -14.5, 116.72, -8.26, -0.18, 1.5]) speed=1000 acc=50 ret=b'{"T": 102, "base": 0.7547, "shoulder": -0.2531, "elbow": 2.0371, "wrist": -0.1442, "roll": -0.0031, "hand": 3.115492653589793, "spd": 1000, "acc": 50}\n'
2026-08-25 14:13:55.175 [B/4] fb ok t+0.017 j=[0.6995, -0.2454, 2.0463, -0.0966, -0.0031, 0.0261] err_to_target=0.0552 (read 38ms)
2026-08-25 14:13:55.282 [B/4] fb ok t+0.117 j=[0.6995, -0.2454, 2.0463, -0.0966, -0.0031, 0.0261] err_to_target=0.0552 (read 44ms)
2026-08-25 14:13:55.389 [B/4] MOTION toward target (joint=wrist) latency=0.221s dev=0.0261
2026-08-25 14:13:55.389 [B/4] fb ok t+0.221 j=[0.7087, -0.2454, 2.0463, -0.1227, -0.0031, 0.0261] err_to_target=0.0460 (read 48ms)
2026-08-25 14:13:55.494 [B/4] fb ok t+0.321 j=[0.7256, -0.2454, 2.0463, -0.1273, -0.0031, 0.0261] err_to_target=0.0291 (read 52ms)
2026-08-25 14:13:55.599 [B/4] fb ok t+0.424 j=[0.7256, -0.2454, 2.0463, -0.1273, -0.0031, 0.0261] err_to_target=0.0291 (read 55ms)
2026-08-25 14:13:55.704 [B/4] fb ok t+0.527 j=[0.7256, -0.2454, 2.0463, -0.1289, -0.0031, 0.0261] err_to_target=0.0291 (read 57ms)
2026-08-25 14:13:55.809 [B/4] fb ok t+0.630 j=[0.7256, -0.2454, 2.0463, -0.1289, -0.0031, 0.0261] err_to_target=0.0291 (read 60ms)
2026-08-25 14:13:55.879 [B/4] fb ok t+0.732 j=[0.7256, -0.2454, 2.0463, -0.1289, -0.0031, 0.0261] err_to_target=0.0291 (read 27ms)
2026-08-25 14:13:55.985 [B/4] fb ok t+0.837 j=[0.7256, -0.2454, 2.0463, -0.1289, -0.0031, 0.0261] err_to_target=0.0291 (read 28ms)
2026-08-25 14:13:56.090 [B/4] fb ok t+0.941 j=[0.7256, -0.2454, 2.0463, -0.1289, -0.0031, 0.0261] err_to_target=0.0291 (read 29ms)
2026-08-25 14:13:56.195 [B/4] fb ok t+1.046 j=[0.7256, -0.2454, 2.0463, -0.1289, -0.0031, 0.0261] err_to_target=0.0291 (read 29ms)
2026-08-25 14:13:56.300 [B/4] fb ok t+1.150 j=[0.7256, -0.2454, 2.0463, -0.1289, -0.0031, 0.0261] err_to_target=0.0291 (read 30ms)
2026-08-25 14:13:56.405 [B/4] fb ok t+1.254 j=[0.7256, -0.2454, 2.0463, -0.1289, -0.0031, 0.0261] err_to_target=0.0291 (read 31ms)
2026-08-25 14:13:56.510 [B/4] fb ok t+1.358 j=[0.7256, -0.2454, 2.0463, -0.1289, -0.0031, 0.0261] err_to_target=0.0291 (read 32ms)
2026-08-25 14:13:56.615 [B/4] fb ok t+1.463 j=[0.7256, -0.2454, 2.0463, -0.1289, -0.0031, 0.0261] err_to_target=0.0291 (read 33ms)
2026-08-25 14:13:56.720 [B/4] fb ok t+1.567 j=[0.7256, -0.2454, 2.0463, -0.1289, -0.0031, 0.0261] err_to_target=0.0291 (read 34ms)
2026-08-25 14:13:56.825 [B/4] fb ok t+1.671 j=[0.7256, -0.2454, 2.0463, -0.1289, -0.0031, 0.0261] err_to_target=0.0291 (read 35ms)
2026-08-25 14:13:56.930 [B/4] fb ok t+1.775 j=[0.7256, -0.2454, 2.0463, -0.1289, -0.0031, 0.0261] err_to_target=0.0291 (read 36ms)
2026-08-25 14:13:57.035 [B/4] fb ok t+1.876 j=[0.7256, -0.2454, 2.0463, -0.1289, -0.0031, 0.0261] err_to_target=0.0291 (read 39ms)
2026-08-25 14:13:57.140 [B/4] fb ok t+1.977 j=[0.7256, -0.2454, 2.0463, -0.1289, -0.0031, 0.0261] err_to_target=0.0291 (read 43ms)
2026-08-25 14:13:57.245 [B/4] fb ok t+2.081 j=[0.7256, -0.2454, 2.0463, -0.1289, -0.0031, 0.0261] err_to_target=0.0291 (read 45ms)
2026-08-25 14:13:57.350 [B/4] fb ok t+2.184 j=[0.7256, -0.2454, 2.0463, -0.1289, -0.0031, 0.0261] err_to_target=0.0291 (read 46ms)
2026-08-25 14:13:57.455 [B/4] fb ok t+2.285 j=[0.7256, -0.2454, 2.0463, -0.1289, -0.0031, 0.0261] err_to_target=0.0291 (read 51ms)
2026-08-25 14:13:57.560 [B/4] fb ok t+2.388 j=[0.7256, -0.2454, 2.0463, -0.1289, -0.0031, 0.0261] err_to_target=0.0291 (read 53ms)
2026-08-25 14:13:57.666 [B/4] fb ok t+2.491 j=[0.7256, -0.2454, 2.0463, -0.1289, -0.0031, 0.0261] err_to_target=0.0291 (read 55ms)
2026-08-25 14:13:57.770 [B/4] fb ok t+2.594 j=[0.7256, -0.2454, 2.0463, -0.1289, -0.0031, 0.0261] err_to_target=0.0291 (read 57ms)
2026-08-25 14:13:57.876 [B/4] fb ok t+2.696 j=[0.7256, -0.2454, 2.0463, -0.1289, -0.0031, 0.0261] err_to_target=0.0291 (read 60ms)
2026-08-25 14:13:57.946 [B/4] fb ok t+2.798 j=[0.7256, -0.2454, 2.0463, -0.1289, -0.0031, 0.0261] err_to_target=0.0291 (read 28ms)
2026-08-25 14:13:58.051 [B/4] fb ok t+2.903 j=[0.7256, -0.2454, 2.0463, -0.1289, -0.0031, 0.0261] err_to_target=0.0291 (read 29ms)
2026-08-25 14:13:58.156 [B/4] fb ok t+3.007 j=[0.7256, -0.2454, 2.0463, -0.1289, -0.0031, 0.0261] err_to_target=0.0291 (read 29ms)
2026-08-25 14:13:58.261 [B/4] fb ok t+3.112 j=[0.7256, -0.2454, 2.0463, -0.1289, -0.0031, 0.0261] err_to_target=0.0291 (read 30ms)
2026-08-25 14:13:58.366 [B/4] fb ok t+3.216 j=[0.7256, -0.2454, 2.0463, -0.1289, -0.0031, 0.0261] err_to_target=0.0291 (read 30ms)
2026-08-25 14:13:58.471 [B/4] fb ok t+3.318 j=[0.7256, -0.2454, 2.0463, -0.1289, -0.0031, 0.0261] err_to_target=0.0291 (read 34ms)
2026-08-25 14:13:58.576 [B/4] fb ok t+3.422 j=[0.7256, -0.2454, 2.0463, -0.1289, -0.0031, 0.0261] err_to_target=0.0291 (read 35ms)
2026-08-25 14:13:58.681 [B/4] fb ok t+3.522 j=[0.7256, -0.2454, 2.0463, -0.1289, -0.0031, 0.0261] err_to_target=0.0291 (read 40ms)
2026-08-25 14:13:58.786 [B/4] fb ok t+3.626 j=[0.7256, -0.2454, 2.0463, -0.1289, -0.0031, 0.0261] err_to_target=0.0291 (read 41ms)
2026-08-25 14:13:58.891 [B/4] fb ok t+3.726 j=[0.7256, -0.2454, 2.0463, -0.1289, -0.0031, 0.0261] err_to_target=0.0291 (read 45ms)
2026-08-25 14:13:57.116 [B/4] fb ok t+1.947 j=[0.7256, -0.2454, 2.0463, -0.1289, -0.0031, 0.0261] err_to_target=0.0291 (read 50ms)
2026-08-25 14:13:57.221 [B/4] fb ok t+2.050 j=[0.7256, -0.2454, 2.0463, -0.1289, -0.0031, 0.0261] err_to_target=0.0291 (read 52ms)
2026-08-25 14:13:57.326 [B/4] fb ok t+2.153 j=[0.7256, -0.2454, 2.0463, -0.1289, -0.0031, 0.0261] err_to_target=0.0291 (read 54ms)
2026-08-25 14:13:57.432 [B/4] fb ok t+2.253 j=[0.7256, -0.2454, 2.0463, -0.1289, -0.0031, 0.0261] err_to_target=0.0291 (read 59ms)
2026-08-25 14:13:57.502 [B/4] fb ok t+2.356 j=[0.7256, -0.2454, 2.0463, -0.1289, -0.0031, 0.0261] err_to_target=0.0291 (read 27ms)
2026-08-25 14:13:57.607 [B/4] fb ok t+2.460 j=[0.7256, -0.2454, 2.0463, -0.1289, -0.0031, 0.0261] err_to_target=0.0291 (read 27ms)
2026-08-25 14:13:57.712 [B/4] fb ok t+2.565 j=[0.7256, -0.2454, 2.0463, -0.1289, -0.0031, 0.0261] err_to_target=0.0291 (read 28ms)
2026-08-25 14:13:57.817 [B/4] fb ok t+2.669 j=[0.7256, -0.2454, 2.0463, -0.1289, -0.0031, 0.0261] err_to_target=0.0291 (read 28ms)
2026-08-25 14:13:57.922 [B/4] fb ok t+2.773 j=[0.7256, -0.2454, 2.0463, -0.1289, -0.0031, 0.0261] err_to_target=0.0291 (read 29ms)
2026-08-25 14:13:58.027 [B/4] fb ok t+2.874 j=[0.7256, -0.2454, 2.0463, -0.1289, -0.0031, 0.0261] err_to_target=0.0291 (read 33ms)
2026-08-25 14:13:58.132 [B/4] fb ok t+2.976 j=[0.7256, -0.2454, 2.0463, -0.1289, -0.0031, 0.0261] err_to_target=0.0291 (read 37ms)
2026-08-25 14:13:58.237 [B/4] fb ok t+3.080 j=[0.7256, -0.2454, 2.0463, -0.1289, -0.0031, 0.0261] err_to_target=0.0291 (read 38ms)
2026-08-25 14:13:58.342 [B/4] fb ok t+3.183 j=[0.7256, -0.2454, 2.0463, -0.1289, -0.0031, 0.0261] err_to_target=0.0291 (read 39ms)
2026-08-25 14:13:58.447 [B/4] fb ok t+3.284 j=[0.7256, -0.2454, 2.0463, -0.1289, -0.0031, 0.0261] err_to_target=0.0291 (read 44ms)
2026-08-25 14:13:58.552 [B/4] fb ok t+3.385 j=[0.7256, -0.2454, 2.0463, -0.1289, -0.0031, 0.0261] err_to_target=0.0291 (read 48ms)
2026-08-25 14:13:58.657 [B/4] fb ok t+3.488 j=[0.7256, -0.2454, 2.0463, -0.1289, -0.0031, 0.0261] err_to_target=0.0291 (read 49ms)
2026-08-25 14:13:58.762 [B/4] fb ok t+3.591 j=[0.7256, -0.2454, 2.0463, -0.1289, -0.0031, 0.0261] err_to_target=0.0291 (read 51ms)
2026-08-25 14:13:58.867 [B/4] fb ok t+3.694 j=[0.7256, -0.2454, 2.0463, -0.1289, -0.0031, 0.0261] err_to_target=0.0291 (read 53ms)
2026-08-25 14:13:58.972 [B/4] fb ok t+3.797 j=[0.7256, -0.2454, 2.0463, -0.1289, -0.0031, 0.0261] err_to_target=0.0291 (read 56ms)
2026-08-25 14:13:59.077 [B/4] fb ok t+3.899 j=[0.7256, -0.2454, 2.0463, -0.1289, -0.0031, 0.0261] err_to_target=0.0291 (read 58ms)
2026-08-25 14:13:59.148 [B/4] fb ok t+4.002 j=[0.7256, -0.2454, 2.0463, -0.1289, -0.0031, 0.0261] err_to_target=0.0291 (read 26ms)
2026-08-25 14:13:59.253 [B/4] fb ok t+4.107 j=[0.7256, -0.2454, 2.0463, -0.1289, -0.0031, 0.0261] err_to_target=0.0291 (read 27ms)
2026-08-25 14:13:59.358 [B/4] fb ok t+4.211 j=[0.7256, -0.2454, 2.0463, -0.1289, -0.0031, 0.0261] err_to_target=0.0291 (read 27ms)
2026-08-25 14:13:59.463 [B/4] fb ok t+4.314 j=[0.7256, -0.2454, 2.0463, -0.1289, -0.0031, 0.0261] err_to_target=0.0291 (read 29ms)
2026-08-25 14:13:59.568 [B/4] fb ok t+4.418 j=[0.7256, -0.2454, 2.0463, -0.1289, -0.0031, 0.0261] err_to_target=0.0291 (read 30ms)
2026-08-25 14:13:59.673 [B/4] fb ok t+4.522 j=[0.7256, -0.2454, 2.0463, -0.1289, -0.0031, 0.0261] err_to_target=0.0291 (read 31ms)
2026-08-25 14:13:59.778 [B/4] fb ok t+4.627 j=[0.7256, -0.2454, 2.0463, -0.1289, -0.0031, 0.0261] err_to_target=0.0291 (read 32ms)
2026-08-25 14:13:59.883 [B/4] fb ok t+4.731 j=[0.7256, -0.2454, 2.0463, -0.1289, -0.0031, 0.0261] err_to_target=0.0291 (read 33ms)
2026-08-25 14:13:59.988 [B/4] fb ok t+4.835 j=[0.7256, -0.2454, 2.0463, -0.1289, -0.0031, 0.0261] err_to_target=0.0291 (read 34ms)
2026-08-25 14:14:00.093 [B/4] fb ok t+4.939 j=[0.7256, -0.2454, 2.0463, -0.1289, -0.0031, 0.0261] err_to_target=0.0291 (read 34ms)
2026-08-25 14:14:00.198 [B/4] fb ok t+5.043 j=[0.7256, -0.2454, 2.0463, -0.1289, -0.0031, 0.0261] err_to_target=0.0291 (read 35ms)
2026-08-25 14:14:00.303 [B/4] fb ok t+5.145 j=[0.7256, -0.2454, 2.0463, -0.1289, -0.0031, 0.0261] err_to_target=0.0291 (read 39ms)
2026-08-25 14:14:00.408 [B/4] fb ok t+5.248 j=[0.7256, -0.2454, 2.0463, -0.1289, -0.0031, 0.0261] err_to_target=0.0291 (read 40ms)
2026-08-25 14:14:00.513 [B/4] fb ok t+5.352 j=[0.7256, -0.2454, 2.0463, -0.1289, -0.0031, 0.0261] err_to_target=0.0291 (read 42ms)
2026-08-25 14:14:00.619 [B/4] fb ok t+5.455 j=[0.7256, -0.2454, 2.0463, -0.1289, -0.0031, 0.0261] err_to_target=0.0291 (read 44ms)
2026-08-25 14:14:00.724 [B/4] fb ok t+5.558 j=[0.7256, -0.2454, 2.0463, -0.1289, -0.0031, 0.0261] err_to_target=0.0291 (read 46ms)
2026-08-25 14:14:00.828 [B/4] fb ok t+5.661 j=[0.7256, -0.2454, 2.0463, -0.1289, -0.0031, 0.0261] err_to_target=0.0291 (read 47ms)
2026-08-25 14:14:00.933 [B/4] fb ok t+5.765 j=[0.7256, -0.2454, 2.0463, -0.1289, -0.0031, 0.0261] err_to_target=0.0291 (read 49ms)
2026-08-25 14:14:01.038 [B/4] fb ok t+5.868 j=[0.7256, -0.2454, 2.0463, -0.1289, -0.0031, 0.0261] err_to_target=0.0291 (read 51ms)
2026-08-25 14:14:01.143 [B/4] fb ok t+5.970 j=[0.7256, -0.2454, 2.0463, -0.1289, -0.0031, 0.0261] err_to_target=0.0291 (read 54ms)
2026-08-25 14:14:01.249 [B/4] fb ok t+6.073 j=[0.7256, -0.2454, 2.0463, -0.1289, -0.0031, 0.0261] err_to_target=0.0291 (read 56ms)
2026-08-25 14:14:01.319 [B/4] fb ok t+6.173 j=[0.7256, -0.2454, 2.0463, -0.1289, -0.0031, 0.0261] err_to_target=0.0291 (read 26ms)
2026-08-25 14:14:01.424 [B/4] fb ok t+6.277 j=[0.7256, -0.2454, 2.0463, -0.1289, -0.0031, 0.0261] err_to_target=0.0291 (read 27ms)
2026-08-25 14:14:01.529 [B/4] fb ok t+6.379 j=[0.7256, -0.2454, 2.0463, -0.1289, -0.0031, 0.0261] err_to_target=0.0291 (read 30ms)
2026-08-25 14:14:01.634 [B/4] fb ok t+6.484 j=[0.7256, -0.2454, 2.0463, -0.1289, -0.0031, 0.0261] err_to_target=0.0291 (read 31ms)
2026-08-25 14:14:01.739 [B/4] fb ok t+6.585 j=[0.7256, -0.2454, 2.0463, -0.1289, -0.0031, 0.0261] err_to_target=0.0291 (read 34ms)
2026-08-25 14:14:01.844 [B/4] fb ok t+6.689 j=[0.7256, -0.2454, 2.0463, -0.1289, -0.0031, 0.0261] err_to_target=0.0291 (read 35ms)
2026-08-25 14:14:01.949 [B/4] fb ok t+6.791 j=[0.7256, -0.2454, 2.0463, -0.1289, -0.0031, 0.0261] err_to_target=0.0291 (read 39ms)
2026-08-25 14:14:02.054 [B/4] fb ok t+6.894 j=[0.7256, -0.2454, 2.0463, -0.1289, -0.0031, 0.0261] err_to_target=0.0291 (read 40ms)
2026-08-25 14:14:02.160 [B/4] fb ok t+6.998 j=[0.7256, -0.2454, 2.0463, -0.1289, -0.0031, 0.0261] err_to_target=0.0291 (read 42ms)
2026-08-25 14:14:02.265 [B/4] fb ok t+7.102 j=[0.7256, -0.2454, 2.0463, -0.1289, -0.0031, 0.0261] err_to_target=0.0291 (read 43ms)
2026-08-25 14:14:02.370 [B/4] fb ok t+7.205 j=[0.7256, -0.2454, 2.0463, -0.1289, -0.0031, 0.0261] err_to_target=0.0291 (read 45ms)
2026-08-25 14:14:02.475 [B/4] fb ok t+7.309 j=[0.7256, -0.2454, 2.0463, -0.1289, -0.0031, 0.0261] err_to_target=0.0291 (read 46ms)
2026-08-25 14:14:02.579 [B/4] fb ok t+7.409 j=[0.7256, -0.2454, 2.0463, -0.1289, -0.0031, 0.0261] err_to_target=0.0291 (read 50ms)
2026-08-25 14:14:02.684 [B/4] fb ok t+7.512 j=[0.7256, -0.2454, 2.0463, -0.1289, -0.0031, 0.0261] err_to_target=0.0291 (read 53ms)
2026-08-25 14:14:02.789 [B/4] fb ok t+7.615 j=[0.7256, -0.2454, 2.0463, -0.1289, -0.0031, 0.0261] err_to_target=0.0291 (read 55ms)
2026-08-25 14:14:02.895 [B/4] fb ok t+7.717 j=[0.7256, -0.2454, 2.0463, -0.1289, -0.0031, 0.0261] err_to_target=0.0291 (read 58ms)
2026-08-25 14:14:03.000 [B/4] fb ok t+7.820 j=[0.7256, -0.2454, 2.0463, -0.1289, -0.0031, 0.0261] err_to_target=0.0291 (read 60ms)
2026-08-25 14:14:03.070 [B/4] fb ok t+7.922 j=[0.7256, -0.2454, 2.0463, -0.1289, -0.0031, 0.0261] err_to_target=0.0291 (read 28ms)
2026-08-25 14:14:03.175 [B/4] fb ok t+8.027 j=[0.7256, -0.2454, 2.0463, -0.1289, -0.0031, 0.0261] err_to_target=0.0291 (read 29ms)
2026-08-25 14:14:03.280 [B/4] fb ok t+8.131 j=[0.7256, -0.2454, 2.0463, -0.1289, -0.0031, 0.0261] err_to_target=0.0291 (read 30ms)
2026-08-25 14:14:03.385 [B/4] fb ok t+8.233 j=[0.7256, -0.2454, 2.0463, -0.1289, -0.0031, 0.0261] err_to_target=0.0291 (read 33ms)
2026-08-25 14:14:03.490 [B/4] fb ok t+8.337 j=[0.7256, -0.2454, 2.0463, -0.1289, -0.0031, 0.0261] err_to_target=0.0291 (read 34ms)
2026-08-25 14:14:03.595 [B/4] fb ok t+8.441 j=[0.7256, -0.2454, 2.0463, -0.1289, -0.0031, 0.0261] err_to_target=0.0291 (read 35ms)
2026-08-25 14:14:03.700 [B/4] fb ok t+8.541 j=[0.7256, -0.2454, 2.0463, -0.1289, -0.0031, 0.0261] err_to_target=0.0291 (read 39ms)
2026-08-25 14:14:03.805 [B/4] fb ok t+8.645 j=[0.7256, -0.2454, 2.0463, -0.1289, -0.0031, 0.0261] err_to_target=0.0291 (read 41ms)
2026-08-25 14:14:03.910 [B/4] fb ok t+8.749 j=[0.7256, -0.2454, 2.0463, -0.1289, -0.0031, 0.0261] err_to_target=0.0291 (read 42ms)
2026-08-25 14:14:04.015 [B/4] fb ok t+8.849 j=[0.7256, -0.2454, 2.0463, -0.1289, -0.0031, 0.0261] err_to_target=0.0291 (read 46ms)
2026-08-25 14:14:04.120 [B/4] fb ok t+8.952 j=[0.7256, -0.2454, 2.0463, -0.1289, -0.0031, 0.0261] err_to_target=0.0291 (read 48ms)
2026-08-25 14:14:04.225 [B/4] fb ok t+9.055 j=[0.7256, -0.2454, 2.0463, -0.1289, -0.0031, 0.0261] err_to_target=0.0291 (read 50ms)
2026-08-25 14:14:04.331 [B/4] fb ok t+9.158 j=[0.7256, -0.2454, 2.0463, -0.1289, -0.0031, 0.0261] err_to_target=0.0291 (read 52ms)
2026-08-25 14:14:04.436 [B/4] fb ok t+9.260 j=[0.7256, -0.2454, 2.0463, -0.1289, -0.0031, 0.0261] err_to_target=0.0291 (read 56ms)
2026-08-25 14:14:04.541 [B/4] fb ok t+9.363 j=[0.7256, -0.2454, 2.0463, -0.1289, -0.0031, 0.0261] err_to_target=0.0291 (read 58ms)
2026-08-25 14:14:04.611 [B/4] fb ok t+9.465 j=[0.7256, -0.2454, 2.0463, -0.1289, -0.0031, 0.0261] err_to_target=0.0291 (read 26ms)
2026-08-25 14:14:04.716 [B/4] fb ok t+9.566 j=[0.7256, -0.2454, 2.0463, -0.1289, -0.0031, 0.0261] err_to_target=0.0291 (read 31ms)
2026-08-25 14:14:04.821 [B/4] fb ok t+9.670 j=[0.7256, -0.2454, 2.0463, -0.1289, -0.0031, 0.0261] err_to_target=0.0291 (read 32ms)
2026-08-25 14:14:04.926 [B/4] fb ok t+9.771 j=[0.7256, -0.2454, 2.0463, -0.1289, -0.0031, 0.0261] err_to_target=0.0291 (read 35ms)
2026-08-25 14:14:05.031 [B/4] fb ok t+9.876 j=[0.7256, -0.2454, 2.0463, -0.1289, -0.0031, 0.0261] err_to_target=0.0291 (read 36ms)
2026-08-25 14:14:05.136 [B/4] fb ok t+9.977 j=[0.7256, -0.2454, 2.0463, -0.1289, -0.0031, 0.0261] err_to_target=0.0291 (read 40ms)
2026-08-25 14:14:05.241 [B/4] fb ok t+10.081 j=[0.7256, -0.2454, 2.0463, -0.1289, -0.0031, 0.0261] err_to_target=0.0291 (read 41ms)
2026-08-25 14:14:05.346 [B/4] fb ok t+10.184 j=[0.7256, -0.2454, 2.0463, -0.1289, -0.0031, 0.0261] err_to_target=0.0291 (read 42ms)
2026-08-25 14:14:05.451 [B/4] fb ok t+10.288 j=[0.7256, -0.2454, 2.0463, -0.1289, -0.0031, 0.0261] err_to_target=0.0291 (read 44ms)
2026-08-25 14:14:05.556 [B/4] fb ok t+10.391 j=[0.7256, -0.2454, 2.0463, -0.1289, -0.0031, 0.0261] err_to_target=0.0291 (read 45ms)
2026-08-25 14:14:05.661 [B/4] fb ok t+10.494 j=[0.7256, -0.2454, 2.0463, -0.1289, -0.0031, 0.0261] err_to_target=0.0291 (read 47ms)
2026-08-25 14:14:05.766 [B/4] fb ok t+10.597 j=[0.7256, -0.2454, 2.0463, -0.1289, -0.0031, 0.0261] err_to_target=0.0291 (read 50ms)
2026-08-25 14:14:05.872 [B/4] fb ok t+10.700 j=[0.7256, -0.2454, 2.0463, -0.1289, -0.0031, 0.0261] err_to_target=0.0291 (read 52ms)
2026-08-25 14:14:05.976 [B/4] fb ok t+10.803 j=[0.7256, -0.2454, 2.0463, -0.1289, -0.0031, 0.0261] err_to_target=0.0291 (read 54ms)
2026-08-25 14:14:06.082 [B/4] fb ok t+10.903 j=[0.7256, -0.2454, 2.0463, -0.1289, -0.0031, 0.0261] err_to_target=0.0291 (read 59ms)
2026-08-25 14:14:06.152 [B/4] fb ok t+11.005 j=[0.7256, -0.2454, 2.0463, -0.1289, -0.0031, 0.0261] err_to_target=0.0291 (read 27ms)
2026-08-25 14:14:06.257 [B/4] fb ok t+11.109 j=[0.7256, -0.2454, 2.0463, -0.1289, -0.0031, 0.0261] err_to_target=0.0291 (read 28ms)
2026-08-25 14:14:06.362 [B/4] fb ok t+11.213 j=[0.7256, -0.2454, 2.0463, -0.1289, -0.0031, 0.0261] err_to_target=0.0291 (read 29ms)
2026-08-25 14:14:06.467 [B/4] fb ok t+11.315 j=[0.7256, -0.2454, 2.0463, -0.1289, -0.0031, 0.0261] err_to_target=0.0291 (read 32ms)
2026-08-25 14:14:06.572 [B/4] fb ok t+11.419 j=[0.7256, -0.2454, 2.0463, -0.1289, -0.0031, 0.0261] err_to_target=0.0291 (read 33ms)
2026-08-25 14:14:06.677 [B/4] fb ok t+11.523 j=[0.7256, -0.2454, 2.0463, -0.1289, -0.0031, 0.0261] err_to_target=0.0291 (read 34ms)
2026-08-25 14:14:06.782 [B/4] fb ok t+11.627 j=[0.7256, -0.2454, 2.0463, -0.1289, -0.0031, 0.0261] err_to_target=0.0291 (read 36ms)
2026-08-25 14:14:06.887 [B/4] fb ok t+11.729 j=[0.7256, -0.2454, 2.0463, -0.1289, -0.0031, 0.0261] err_to_target=0.0291 (read 39ms)
2026-08-25 14:14:06.992 [B/4] fb ok t+11.832 j=[0.7256, -0.2454, 2.0463, -0.1289, -0.0031, 0.0261] err_to_target=0.0291 (read 40ms)
2026-08-25 14:14:07.097 [B/4] fb ok t+11.933 j=[0.7256, -0.2454, 2.0463, -0.1289, -0.0031, 0.0261] err_to_target=0.0291 (read 44ms)
2026-08-25 14:14:07.202 [B/4] fb ok t+12.037 j=[0.7256, -0.2454, 2.0463, -0.1289, -0.0031, 0.0261] err_to_target=0.0291 (read 46ms)
2026-08-25 14:14:07.307 [B/4] fb ok t+12.140 j=[0.7256, -0.2454, 2.0463, -0.1289, -0.0031, 0.0261] err_to_target=0.0291 (read 47ms)
2026-08-25 14:14:07.413 [B/4] fb ok t+12.240 j=[0.7256, -0.2454, 2.0463, -0.1289, -0.0031, 0.0261] err_to_target=0.0291 (read 53ms)
2026-08-25 14:14:07.517 [B/4] fb ok t+12.343 j=[0.7256, -0.2454, 2.0463, -0.1289, -0.0031, 0.0261] err_to_target=0.0291 (read 55ms)
2026-08-25 14:14:07.623 [B/4] fb ok t+12.446 j=[0.7256, -0.2454, 2.0463, -0.1289, -0.0031, 0.0261] err_to_target=0.0291 (read 57ms)
2026-08-25 14:14:07.693 [B/4] fb ok t+12.546 j=[0.7256, -0.2454, 2.0463, -0.1289, -0.0031, 0.0261] err_to_target=0.0291 (read 27ms)
2026-08-25 14:14:07.798 [B/4] fb ok t+12.651 j=[0.7256, -0.2454, 2.0463, -0.1289, -0.0031, 0.0261] err_to_target=0.0291 (read 27ms)
2026-08-25 14:14:07.903 [B/4] fb ok t+12.756 j=[0.7256, -0.2454, 2.0463, -0.1289, -0.0031, 0.0261] err_to_target=0.0291 (read 28ms)
2026-08-25 14:14:08.008 [B/4] fb ok t+12.857 j=[0.7256, -0.2454, 2.0463, -0.1289, -0.0031, 0.0261] err_to_target=0.0291 (read 31ms)
2026-08-25 14:14:08.113 [B/4] fb ok t+12.961 j=[0.7256, -0.2454, 2.0463, -0.1289, -0.0031, 0.0261] err_to_target=0.0291 (read 33ms)
2026-08-25 14:14:08.218 [B/4] fb ok t+13.065 j=[0.7256, -0.2454, 2.0463, -0.1289, -0.0031, 0.0261] err_to_target=0.0291 (read 33ms)
2026-08-25 14:14:08.323 [B/4] fb ok t+13.169 j=[0.7256, -0.2454, 2.0463, -0.1289, -0.0031, 0.0261] err_to_target=0.0291 (read 34ms)
2026-08-25 14:14:08.428 [B/4] fb ok t+13.271 j=[0.7256, -0.2454, 2.0463, -0.1289, -0.0031, 0.0261] err_to_target=0.0291 (read 37ms)
2026-08-25 14:14:08.533 [B/4] fb ok t+13.372 j=[0.7256, -0.2454, 2.0463, -0.1289, -0.0031, 0.0261] err_to_target=0.0291 (read 41ms)
2026-08-25 14:14:08.639 [B/4] fb ok t+13.476 j=[0.7256, -0.2454, 2.0463, -0.1289, -0.0031, 0.0261] err_to_target=0.0291 (read 43ms)
2026-08-25 14:14:08.743 [B/4] fb ok t+13.576 j=[0.7256, -0.2454, 2.0463, -0.1289, -0.0031, 0.0261] err_to_target=0.0291 (read 47ms)
2026-08-25 14:14:08.848 [B/4] fb ok t+13.680 j=[0.7256, -0.2454, 2.0463, -0.1289, -0.0031, 0.0261] err_to_target=0.0291 (read 49ms)
2026-08-25 14:14:08.953 [B/4] fb ok t+13.780 j=[0.7256, -0.2454, 2.0463, -0.1289, -0.0031, 0.0261] err_to_target=0.0291 (read 53ms)
2026-08-25 14:14:09.059 [B/4] fb ok t+13.883 j=[0.7256, -0.2454, 2.0463, -0.1289, -0.0031, 0.0261] err_to_target=0.0291 (read 56ms)
2026-08-25 14:14:09.164 [B/4] fb ok t+13.985 j=[0.7256, -0.2454, 2.0463, -0.1289, -0.0031, 0.0261] err_to_target=0.0291 (read 58ms)
2026-08-25 14:14:09.234 [B/4] fb ok t+14.088 j=[0.7256, -0.2454, 2.0463, -0.1289, -0.0031, 0.0261] err_to_target=0.0291 (read 26ms)
2026-08-25 14:14:09.339 [B/4] fb ok t+14.193 j=[0.7256, -0.2454, 2.0463, -0.1289, -0.0031, 0.0261] err_to_target=0.0291 (read 27ms)
2026-08-25 14:14:09.444 [B/4] fb ok t+14.294 j=[0.7256, -0.2454, 2.0463, -0.1289, -0.0031, 0.0261] err_to_target=0.0291 (read 31ms)
2026-08-25 14:14:09.549 [B/4] fb ok t+14.396 j=[0.7256, -0.2454, 2.0463, -0.1289, -0.0031, 0.0261] err_to_target=0.0291 (read 33ms)
2026-08-25 14:14:09.654 [B/4] fb ok t+14.500 j=[0.7256, -0.2454, 2.0463, -0.1289, -0.0031, 0.0261] err_to_target=0.0291 (read 34ms)
2026-08-25 14:14:09.759 [B/4] fb ok t+14.602 j=[0.7256, -0.2454, 2.0463, -0.1289, -0.0031, 0.0261] err_to_target=0.0291 (read 37ms)
2026-08-25 14:14:09.864 [B/4] fb ok t+14.704 j=[0.7256, -0.2454, 2.0463, -0.1289, -0.0031, 0.0261] err_to_target=0.0291 (read 41ms)
2026-08-25 14:14:09.969 [B/4] fb ok t+14.804 j=[0.7256, -0.2454, 2.0463, -0.1289, -0.0031, 0.0261] err_to_target=0.0291 (read 46ms)
2026-08-25 14:14:10.074 [B/4] fb ok t+14.906 j=[0.7256, -0.2454, 2.0463, -0.1289, -0.0031, 0.0261] err_to_target=0.0291 (read 48ms)
2026-08-25 14:14:10.179 [B/4] fb ok t+15.009 j=[0.7256, -0.2454, 2.0463, -0.1289, -0.0031, 0.0261] err_to_target=0.0291 (read 51ms)
2026-08-25 14:14:11.440 [B/5]pre already at target, no setup move needed
2026-08-25 14:14:11.440 [B/5] dwell 3.0s before send
2026-08-25 14:14:14.805 [B/5] SENT T=102 A->B target=[0.6674, -0.2531, 2.0371, -0.0918, -0.0031, 0.0261] ([38.24, -14.5, 116.72, -5.26, -0.18, 1.5]) speed=1000 acc=50 ret=b'{"T": 102, "base": 0.6674335374002835, "shoulder": -0.2531, "elbow": 2.0371, "wrist": -0.0918401224401701, "roll": -0.0031, "hand": 3.115492653589793, "spd": 1000, "acc": 50}\n'
2026-08-25 14:14:14.837 [B/5] fb ok t+0.020 j=[0.7256, -0.2454, 2.0463, -0.1289, -0.0031, 0.0261] err_to_target=0.0581 (read 32ms)
2026-08-25 14:14:14.947 [B/5] fb ok t+0.125 j=[0.7256, -0.2454, 2.0463, -0.1289, -0.0031, 0.0261] err_to_target=0.0581 (read 38ms)
2026-08-25 14:14:15.052 [B/5] MOTION toward target (joint=wrist) latency=0.228s dev=0.0261
2026-08-25 14:14:15.052 [B/5] fb ok t+0.228 j=[0.7164, -0.2454, 2.0463, -0.1028, -0.0031, 0.0261] err_to_target=0.0489 (read 40ms)
2026-08-25 14:14:15.157 [B/5] fb ok t+0.332 j=[0.6995, -0.2454, 2.0463, -0.0966, -0.0031, 0.0261] err_to_target=0.0321 (read 41ms)
2026-08-25 14:14:15.263 [B/5] fb ok t+0.436 j=[0.6995, -0.2454, 2.0463, -0.0966, -0.0031, 0.0261] err_to_target=0.0321 (read 43ms)
2026-08-25 14:14:15.368 [B/5] fb ok t+0.539 j=[0.6995, -0.2454, 2.0463, -0.0966, -0.0031, 0.0261] err_to_target=0.0321 (read 44ms)
2026-08-25 14:14:15.473 [B/5] fb ok t+0.642 j=[0.6995, -0.2454, 2.0463, -0.0966, -0.0031, 0.0261] err_to_target=0.0321 (read 46ms)
2026-08-25 14:14:15.577 [B/5] fb ok t+0.746 j=[0.6995, -0.2454, 2.0463, -0.0966, -0.0031, 0.0261] err_to_target=0.0321 (read 48ms)
2026-08-25 14:14:15.683 [B/5] fb ok t+0.849 j=[0.6995, -0.2454, 2.0463, -0.0966, -0.0031, 0.0261] err_to_target=0.0321 (read 49ms)
2026-08-25 14:14:15.788 [B/5] fb ok t+0.952 j=[0.6995, -0.2454, 2.0463, -0.0966, -0.0031, 0.0261] err_to_target=0.0321 (read 51ms)
2026-08-25 14:14:15.893 [B/5] fb ok t+1.055 j=[0.6995, -0.2454, 2.0463, -0.0966, -0.0031, 0.0261] err_to_target=0.0321 (read 54ms)
2026-08-25 14:14:15.998 [B/5] fb ok t+1.158 j=[0.6995, -0.2454, 2.0463, -0.0966, -0.0031, 0.0261] err_to_target=0.0321 (read 56ms)
2026-08-25 14:14:16.103 [B/5] fb ok t+1.260 j=[0.6995, -0.2454, 2.0463, -0.0966, -0.0031, 0.0261] err_to_target=0.0321 (read 58ms)
2026-08-25 14:14:16.173 [B/5] fb ok t+1.363 j=[0.6995, -0.2454, 2.0463, -0.0966, -0.0031, 0.0261] err_to_target=0.0321 (read 26ms)
2026-08-25 14:14:16.278 [B/5] fb ok t+1.467 j=[0.6995, -0.2454, 2.0463, -0.0966, -0.0031, 0.0261] err_to_target=0.0321 (read 27ms)
2026-08-25 14:14:16.383 [B/5] fb ok t+1.572 j=[0.6995, -0.2454, 2.0463, -0.0966, -0.0031, 0.0261] err_to_target=0.0321 (read 27ms)
2026-08-25 14:14:16.488 [B/5] fb ok t+1.676 j=[0.6995, -0.2454, 2.0463, -0.0966, -0.0031, 0.0261] err_to_target=0.0321 (read 28ms)
2026-08-25 14:14:16.593 [B/5] fb ok t+1.781 j=[0.6995, -0.2454, 2.0463, -0.0966, -0.0031, 0.0261] err_to_target=0.0321 (read 28ms)
2026-08-25 14:14:16.698 [B/5] fb ok t+1.885 j=[0.6995, -0.2454, 2.0463, -0.0966, -0.0031, 0.0261] err_to_target=0.0321 (read 29ms)
2026-08-25 14:14:16.803 [B/5] fb ok t+1.987 j=[0.6995, -0.2454, 2.0463, -0.0966, -0.0031, 0.0261] err_to_target=0.0321 (read 32ms)
2026-08-25 14:14:16.908 [B/5] fb ok t+2.091 j=[0.6995, -0.2454, 2.0463, -0.0966, -0.0031, 0.0261] err_to_target=0.0321 (read 33ms)
2026-08-25 14:14:17.014 [B/5] fb ok t+2.195 j=[0.6995, -0.2454, 2.0463, -0.0966, -0.0031, 0.0261] err_to_target=0.0321 (read 34ms)
2026-08-25 14:14:17.119 [B/5] fb ok t+2.300 j=[0.6995, -0.2454, 2.0463, -0.0966, -0.0031, 0.0261] err_to_target=0.0321 (read 35ms)
2026-08-25 14:14:17.224 [B/5] fb ok t+2.403 j=[0.6995, -0.2454, 2.0463, -0.0966, -0.0031, 0.0261] err_to_target=0.0321 (read 36ms)
2026-08-25 14:14:17.329 [B/5] fb ok t+2.507 j=[0.6995, -0.2454, 2.0463, -0.0966, -0.0031, 0.0261] err_to_target=0.0321 (read 37ms)
2026-08-25 14:14:17.434 [B/5] fb ok t+2.609 j=[0.6995, -0.2454, 2.0463, -0.0966, -0.0031, 0.0261] err_to_target=0.0321 (read 41ms)
2026-08-25 14:14:17.539 [B/5] fb ok t+2.712 j=[0.6995, -0.2454, 2.0463, -0.0966, -0.0031, 0.0261] err_to_target=0.0321 (read 43ms)
2026-08-25 14:14:17.644 [B/5] fb ok t+2.816 j=[0.6995, -0.2454, 2.0463, -0.0966, -0.0031, 0.0261] err_to_target=0.0321 (read 44ms)
2026-08-25 14:14:17.749 [B/5] fb ok t+2.919 j=[0.6995, -0.2454, 2.0463, -0.0966, -0.0031, 0.0261] err_to_target=0.0321 (read 46ms)
2026-08-25 14:14:17.854 [B/5] fb ok t+3.020 j=[0.6995, -0.2454, 2.0463, -0.0966, -0.0031, 0.0261] err_to_target=0.0321 (read 50ms)
2026-08-25 14:14:17.959 [B/5] fb ok t+3.123 j=[0.6995, -0.2454, 2.0463, -0.0966, -0.0031, 0.0261] err_to_target=0.0321 (read 52ms)
2026-08-25 14:14:18.064 [B/5] fb ok t+3.226 j=[0.6995, -0.2454, 2.0463, -0.0966, -0.0031, 0.0261] err_to_target=0.0321 (read 54ms)
2026-08-25 14:14:18.169 [B/5] fb ok t+3.329 j=[0.6995, -0.2454, 2.0463, -0.0966, -0.0031, 0.0261] err_to_target=0.0321 (read 56ms)
2026-08-25 14:14:18.274 [B/5] fb ok t+3.429 j=[0.6995, -0.2454, 2.0463, -0.0966, -0.0031, 0.0261] err_to_target=0.0321 (read 60ms)
2026-08-25 14:14:18.345 [B/5] fb ok t+3.532 j=[0.6995, -0.2454, 2.0463, -0.0966, -0.0031, 0.0261] err_to_target=0.0321 (read 29ms)
2026-08-25 14:14:18.450 [B/5] fb ok t+3.636 j=[0.6995, -0.2454, 2.0463, -0.0966, -0.0031, 0.0261] err_to_target=0.0321 (read 29ms)
2026-08-25 14:14:18.555 [B/5] fb ok t+3.741 j=[0.6995, -0.2454, 2.0463, -0.0966, -0.0031, 0.0261] err_to_target=0.0321 (read 30ms)
2026-08-25 14:14:18.660 [B/5] fb ok t+3.845 j=[0.6995, -0.2454, 2.0463, -0.0966, -0.0031, 0.0261] err_to_target=0.0321 (read 30ms)
2026-08-25 14:14:18.765 [B/5] fb ok t+3.949 j=[0.6995, -0.2454, 2.0463, -0.0966, -0.0031, 0.0261] err_to_target=0.0321 (read 31ms)
2026-08-25 14:14:18.870 [B/5] fb ok t+4.053 j=[0.6995, -0.2454, 2.0463, -0.0966, -0.0031, 0.0261] err_to_target=0.0321 (read 32ms)
2026-08-25 14:14:18.975 [B/5] fb ok t+4.155 j=[0.6995, -0.2454, 2.0463, -0.0966, -0.0031, 0.0261] err_to_target=0.0321 (read 36ms)
2026-08-25 14:14:19.080 [B/5] fb ok t+4.259 j=[0.6995, -0.2454, 2.0463, -0.0966, -0.0031, 0.0261] err_to_target=0.0321 (read 37ms)
2026-08-25 14:14:19.185 [B/5] fb ok t+4.363 j=[0.6995, -0.2454, 2.0463, -0.0966, -0.0031, 0.0261] err_to_target=0.0321 (read 38ms)
2026-08-25 14:14:19.290 [B/5] fb ok t+4.464 j=[0.6995, -0.2454, 2.0463, -0.0966, -0.0031, 0.0261] err_to_target=0.0321 (read 42ms)
2026-08-25 14:14:19.395 [B/5] fb ok t+4.567 j=[0.6995, -0.2454, 2.0463, -0.0966, -0.0031, 0.0261] err_to_target=0.0321 (read 44ms)
2026-08-25 14:14:19.500 [B/5] fb ok t+4.671 j=[0.6995, -0.2454, 2.0463, -0.0966, -0.0031, 0.0261] err_to_target=0.0321 (read 45ms)
2026-08-25 14:14:19.605 [B/5] fb ok t+4.774 j=[0.6995, -0.2454, 2.0463, -0.0966, -0.0031, 0.0261] err_to_target=0.0321 (read 47ms)
2026-08-25 14:14:19.710 [B/5] fb ok t+4.874 j=[0.6995, -0.2454, 2.0463, -0.0966, -0.0031, 0.0261] err_to_target=0.0321 (read 52ms)
2026-08-25 14:14:19.815 [B/5] fb ok t+4.977 j=[0.6995, -0.2454, 2.0463, -0.0966, -0.0031, 0.0261] err_to_target=0.0321 (read 54ms)
2026-08-25 14:14:19.920 [B/5] fb ok t+5.077 j=[0.6995, -0.2454, 2.0463, -0.0966, -0.0031, 0.0261] err_to_target=0.0321 (read 59ms)
2026-08-25 14:14:19.991 [B/5] fb ok t+5.180 j=[0.6995, -0.2454, 2.0463, -0.0966, -0.0031, 0.0261] err_to_target=0.0321 (read 26ms)
2026-08-25 14:14:20.096 [B/5] fb ok t+5.284 j=[0.6995, -0.2454, 2.0463, -0.0966, -0.0031, 0.0261] err_to_target=0.0321 (read 27ms)
2026-08-25 14:14:20.201 [B/5] fb ok t+5.389 j=[0.6995, -0.2454, 2.0463, -0.0966, -0.0031, 0.0261] err_to_target=0.0321 (read 28ms)
2026-08-25 14:14:20.306 [B/5] fb ok t+5.493 j=[0.6995, -0.2454, 2.0463, -0.0966, -0.0031, 0.0261] err_to_target=0.0321 (read 28ms)
2026-08-25 14:14:20.411 [B/5] fb ok t+5.598 j=[0.6995, -0.2454, 2.0463, -0.0966, -0.0031, 0.0261] err_to_target=0.0321 (read 29ms)
2026-08-25 14:14:20.516 [B/5] fb ok t+5.699 j=[0.6995, -0.2454, 2.0463, -0.0966, -0.0031, 0.0261] err_to_target=0.0321 (read 32ms)
2026-08-25 14:14:20.621 [B/5] fb ok t+5.803 j=[0.6995, -0.2454, 2.0463, -0.0966, -0.0031, 0.0261] err_to_target=0.0321 (read 33ms)
2026-08-25 14:14:20.726 [B/5] fb ok t+5.908 j=[0.6995, -0.2454, 2.0463, -0.0966, -0.0031, 0.0261] err_to_target=0.0321 (read 34ms)
2026-08-25 14:14:20.831 [B/5] fb ok t+6.012 j=[0.6995, -0.2454, 2.0463, -0.0966, -0.0031, 0.0261] err_to_target=0.0321 (read 35ms)
2026-08-25 14:14:20.936 [B/5] fb ok t+6.116 j=[0.6995, -0.2454, 2.0463, -0.0966, -0.0031, 0.0261] err_to_target=0.0321 (read 36ms)
2026-08-25 14:14:21.041 [B/5] fb ok t+6.220 j=[0.6995, -0.2454, 2.0463, -0.0966, -0.0031, 0.0261] err_to_target=0.0321 (read 37ms)
2026-08-25 14:14:21.146 [B/5] fb ok t+6.323 j=[0.6995, -0.2454, 2.0463, -0.0966, -0.0031, 0.0261] err_to_target=0.0321 (read 39ms)
2026-08-25 14:14:21.252 [B/5] fb ok t+6.427 j=[0.6995, -0.2454, 2.0463, -0.0966, -0.0031, 0.0261] err_to_target=0.0321 (read 40ms)
2026-08-25 14:14:21.356 [B/5] fb ok t+6.531 j=[0.6995, -0.2454, 2.0463, -0.0966, -0.0031, 0.0261] err_to_target=0.0321 (read 42ms)
2026-08-25 14:14:21.462 [B/5] fb ok t+6.634 j=[0.6995, -0.2454, 2.0463, -0.0966, -0.0031, 0.0261] err_to_target=0.0321 (read 43ms)
2026-08-25 14:14:21.567 [B/5] fb ok t+6.738 j=[0.6995, -0.2454, 2.0463, -0.0966, -0.0031, 0.0261] err_to_target=0.0321 (read 45ms)
2026-08-25 14:14:21.671 [B/5] fb ok t+6.838 j=[0.6995, -0.2454, 2.0463, -0.0966, -0.0031, 0.0261] err_to_target=0.0321 (read 49ms)
2026-08-25 14:14:21.776 [B/5] fb ok t+6.939 j=[0.6995, -0.2454, 2.0463, -0.0966, -0.0031, 0.0261] err_to_target=0.0321 (read 53ms)
2026-08-25 14:14:21.882 [B/5] fb ok t+7.039 j=[0.6995, -0.2454, 2.0463, -0.0966, -0.0031, 0.0261] err_to_target=0.0321 (read 58ms)
2026-08-25 14:14:21.952 [B/5] fb ok t+7.142 j=[0.6995, -0.2454, 2.0463, -0.0966, -0.0031, 0.0261] err_to_target=0.0321 (read 26ms)
2026-08-25 14:14:22.057 [B/5] fb ok t+7.246 j=[0.6995, -0.2454, 2.0463, -0.0966, -0.0031, 0.0261] err_to_target=0.0321 (read 27ms)
2026-08-25 14:14:22.162 [B/5] fb ok t+7.351 j=[0.6995, -0.2454, 2.0463, -0.0966, -0.0031, 0.0261] err_to_target=0.0321 (read 27ms)
2026-08-25 14:14:22.267 [B/5] fb ok t+7.455 j=[0.6995, -0.2454, 2.0463, -0.0966, -0.0031, 0.0261] err_to_target=0.0321 (read 28ms)
2026-08-25 14:14:22.372 [B/5] fb ok t+7.559 j=[0.6995, -0.2454, 2.0463, -0.0966, -0.0031, 0.0261] err_to_target=0.0321 (read 29ms)
2026-08-25 14:14:22.477 [B/5] fb ok t+7.663 j=[0.6995, -0.2454, 2.0463, -0.0966, -0.0031, 0.0261] err_to_target=0.0321 (read 29ms)
2026-08-25 14:14:22.582 [B/5] fb ok t+7.768 j=[0.6995, -0.2454, 2.0463, -0.0966, -0.0031, 0.0261] err_to_target=0.0321 (read 30ms)
2026-08-25 14:14:22.687 [B/5] fb ok t+7.869 j=[0.6995, -0.2454, 2.0463, -0.0966, -0.0031, 0.0261] err_to_target=0.0321 (read 34ms)
2026-08-25 14:14:22.793 [B/5] fb ok t+7.973 j=[0.6995, -0.2454, 2.0463, -0.0966, -0.0031, 0.0261] err_to_target=0.0321 (read 35ms)
2026-08-25 14:14:22.898 [B/5] fb ok t+8.075 j=[0.6995, -0.2454, 2.0463, -0.0966, -0.0031, 0.0261] err_to_target=0.0321 (read 39ms)
2026-08-25 14:14:23.003 [B/5] fb ok t+8.176 j=[0.6995, -0.2454, 2.0463, -0.0966, -0.0031, 0.0261] err_to_target=0.0321 (read 42ms)
2026-08-25 14:14:23.108 [B/5] fb ok t+8.280 j=[0.6995, -0.2454, 2.0463, -0.0966, -0.0031, 0.0261] err_to_target=0.0321 (read 44ms)
2026-08-25 14:14:23.213 [B/5] fb ok t+8.383 j=[0.6995, -0.2454, 2.0463, -0.0966, -0.0031, 0.0261] err_to_target=0.0321 (read 46ms)
2026-08-25 14:14:23.317 [B/5] fb ok t+8.486 j=[0.6995, -0.2454, 2.0463, -0.0966, -0.0031, 0.0261] err_to_target=0.0321 (read 47ms)
2026-08-25 14:14:23.423 [B/5] fb ok t+8.590 j=[0.6995, -0.2454, 2.0463, -0.0966, -0.0031, 0.0261] err_to_target=0.0321 (read 49ms)
2026-08-25 14:14:23.528 [B/5] fb ok t+8.693 j=[0.6995, -0.2454, 2.0463, -0.0966, -0.0031, 0.0261] err_to_target=0.0321 (read 51ms)
2026-08-25 14:14:23.633 [B/5] fb ok t+8.796 j=[0.6995, -0.2454, 2.0463, -0.0966, -0.0031, 0.0261] err_to_target=0.0321 (read 53ms)
2026-08-25 14:14:23.738 [B/5] fb ok t+8.897 j=[0.6995, -0.2454, 2.0463, -0.0966, -0.0031, 0.0261] err_to_target=0.0321 (read 56ms)
2026-08-25 14:14:23.843 [B/5] fb ok t+9.000 j=[0.6995, -0.2454, 2.0463, -0.0966, -0.0031, 0.0261] err_to_target=0.0321 (read 59ms)
2026-08-25 14:14:23.913 [B/5] fb ok t+9.102 j=[0.6995, -0.2454, 2.0463, -0.0966, -0.0031, 0.0261] err_to_target=0.0321 (read 27ms)
2026-08-25 14:14:24.018 [B/5] fb ok t+9.207 j=[0.6995, -0.2454, 2.0463, -0.0966, -0.0031, 0.0261] err_to_target=0.0321 (read 27ms)
2026-08-25 14:14:24.123 [B/5] fb ok t+9.309 j=[0.6995, -0.2454, 2.0463, -0.0966, -0.0031, 0.0261] err_to_target=0.0321 (read 30ms)
2026-08-25 14:14:24.228 [B/5] fb ok t+9.413 j=[0.6995, -0.2454, 2.0463, -0.0966, -0.0031, 0.0261] err_to_target=0.0321 (read 31ms)
2026-08-25 14:14:24.333 [B/5] fb ok t+9.516 j=[0.6995, -0.2454, 2.0463, -0.0966, -0.0031, 0.0261] err_to_target=0.0321 (read 33ms)
2026-08-25 14:14:24.439 [B/5] fb ok t+9.620 j=[0.6995, -0.2454, 2.0463, -0.0966, -0.0031, 0.0261] err_to_target=0.0321 (read 34ms)
2026-08-25 14:14:24.544 [B/5] fb ok t+9.722 j=[0.6995, -0.2454, 2.0463, -0.0966, -0.0031, 0.0261] err_to_target=0.0321 (read 38ms)
2026-08-25 14:14:24.649 [B/5] fb ok t+9.826 j=[0.6995, -0.2454, 2.0463, -0.0966, -0.0031, 0.0261] err_to_target=0.0321 (read 39ms)
2026-08-25 14:14:24.754 [B/5] fb ok t+9.929 j=[0.6995, -0.2454, 2.0463, -0.0966, -0.0031, 0.0261] err_to_target=0.0321 (read 40ms)
2026-08-25 14:14:24.859 [B/5] fb ok t+10.033 j=[0.6995, -0.2454, 2.0463, -0.0966, -0.0031, 0.0261] err_to_target=0.0321 (read 41ms)
2026-08-25 14:14:24.964 [B/5] fb ok t+10.134 j=[0.6995, -0.2454, 2.0463, -0.0966, -0.0031, 0.0261] err_to_target=0.0321 (read 46ms)
2026-08-25 14:14:25.069 [B/5] fb ok t+10.237 j=[0.6995, -0.2454, 2.0463, -0.0966, -0.0031, 0.0261] err_to_target=0.0321 (read 47ms)
2026-08-25 14:14:25.174 [B/5] fb ok t+10.340 j=[0.6995, -0.2454, 2.0463, -0.0966, -0.0031, 0.0261] err_to_target=0.0321 (read 50ms)
2026-08-25 14:14:25.279 [B/5] fb ok t+10.440 j=[0.6995, -0.2454, 2.0463, -0.0966, -0.0031, 0.0261] err_to_target=0.0321 (read 54ms)
2026-08-25 14:14:25.384 [B/5] fb ok t+10.540 j=[0.6995, -0.2454, 2.0463, -0.0966, -0.0031, 0.0261] err_to_target=0.0321 (read 59ms)
2026-08-25 14:14:25.454 [B/5] fb ok t+10.643 j=[0.6995, -0.2454, 2.0463, -0.0966, -0.0031, 0.0261] err_to_target=0.0321 (read 27ms)
2026-08-25 14:14:25.559 [B/5] fb ok t+10.748 j=[0.6995, -0.2454, 2.0463, -0.0966, -0.0031, 0.0261] err_to_target=0.0321 (read 28ms)
2026-08-25 14:14:25.664 [B/5] fb ok t+10.852 j=[0.6995, -0.2454, 2.0463, -0.0966, -0.0031, 0.0261] err_to_target=0.0321 (read 28ms)
2026-08-25 14:14:25.769 [B/5] fb ok t+10.956 j=[0.6995, -0.2454, 2.0463, -0.0966, -0.0031, 0.0261] err_to_target=0.0321 (read 29ms)
2026-08-25 14:14:25.874 [B/5] fb ok t+11.061 j=[0.6995, -0.2454, 2.0463, -0.0966, -0.0031, 0.0261] err_to_target=0.0321 (read 29ms)
2026-08-25 14:14:25.980 [B/5] fb ok t+11.163 j=[0.6995, -0.2454, 2.0463, -0.0966, -0.0031, 0.0261] err_to_target=0.0321 (read 33ms)
2026-08-25 14:14:26.085 [B/5] fb ok t+11.267 j=[0.6995, -0.2454, 2.0463, -0.0966, -0.0031, 0.0261] err_to_target=0.0321 (read 34ms)
2026-08-25 14:14:26.190 [B/5] fb ok t+11.371 j=[0.6995, -0.2454, 2.0463, -0.0966, -0.0031, 0.0261] err_to_target=0.0321 (read 35ms)
2026-08-25 14:14:26.295 [B/5] fb ok t+11.475 j=[0.6995, -0.2454, 2.0463, -0.0966, -0.0031, 0.0261] err_to_target=0.0321 (read 35ms)
2026-08-25 14:14:26.400 [B/5] fb ok t+11.579 j=[0.6995, -0.2454, 2.0463, -0.0966, -0.0031, 0.0261] err_to_target=0.0321 (read 37ms)
2026-08-25 14:14:26.505 [B/5] fb ok t+11.683 j=[0.6995, -0.2454, 2.0463, -0.0966, -0.0031, 0.0261] err_to_target=0.0321 (read 38ms)
2026-08-25 14:14:26.610 [B/5] fb ok t+11.785 j=[0.6995, -0.2454, 2.0463, -0.0966, -0.0031, 0.0261] err_to_target=0.0321 (read 41ms)
2026-08-25 14:14:26.715 [B/5] fb ok t+11.888 j=[0.6995, -0.2454, 2.0463, -0.0966, -0.0031, 0.0261] err_to_target=0.0321 (read 42ms)
2026-08-25 14:14:26.820 [B/5] fb ok t+11.989 j=[0.6995, -0.2454, 2.0463, -0.0966, -0.0031, 0.0261] err_to_target=0.0321 (read 47ms)
2026-08-25 14:14:26.925 [B/5] fb ok t+12.090 j=[0.6995, -0.2454, 2.0463, -0.0966, -0.0031, 0.0261] err_to_target=0.0321 (read 51ms)
2026-08-25 14:14:27.030 [B/5] fb ok t+12.190 j=[0.6995, -0.2454, 2.0463, -0.0966, -0.0031, 0.0261] err_to_target=0.0321 (read 56ms)
2026-08-25 14:14:27.135 [B/5] fb ok t+12.293 j=[0.6995, -0.2454, 2.0463, -0.0966, -0.0031, 0.0261] err_to_target=0.0321 (read 58ms)
2026-08-25 14:14:27.240 [B/5] fb ok t+12.395 j=[0.6995, -0.2454, 2.0463, -0.0966, -0.0031, 0.0261] err_to_target=0.0321 (read 60ms)
2026-08-25 14:14:27.310 [B/5] fb ok t+12.498 j=[0.6995, -0.2454, 2.0463, -0.0966, -0.0031, 0.0261] err_to_target=0.0321 (read 28ms)
2026-08-25 14:14:27.416 [B/5] fb ok t+12.600 j=[0.6995, -0.2454, 2.0463, -0.0966, -0.0031, 0.0261] err_to_target=0.0321 (read 32ms)
2026-08-25 14:14:27.521 [B/5] fb ok t+12.701 j=[0.6995, -0.2454, 2.0463, -0.0966, -0.0031, 0.0261] err_to_target=0.0321 (read 35ms)
2026-08-25 14:14:27.626 [B/5] fb ok t+12.805 j=[0.6995, -0.2454, 2.0463, -0.0966, -0.0031, 0.0261] err_to_target=0.0321 (read 36ms)
2026-08-25 14:14:27.731 [B/5] fb ok t+12.906 j=[0.6995, -0.2454, 2.0463, -0.0966, -0.0031, 0.0261] err_to_target=0.0321 (read 40ms)
2026-08-25 14:14:27.836 [B/5] fb ok t+13.010 j=[0.6995, -0.2454, 2.0463, -0.0966, -0.0031, 0.0261] err_to_target=0.0321 (read 42ms)
2026-08-25 14:14:27.941 [B/5] fb ok t+13.113 j=[0.6995, -0.2454, 2.0463, -0.0966, -0.0031, 0.0261] err_to_target=0.0321 (read 43ms)
2026-08-25 14:14:28.046 [B/5] fb ok t+13.217 j=[0.6995, -0.2454, 2.0463, -0.0966, -0.0031, 0.0261] err_to_target=0.0321 (read 45ms)
2026-08-25 14:14:28.151 [B/5] fb ok t+13.320 j=[0.6995, -0.2454, 2.0463, -0.0966, -0.0031, 0.0261] err_to_target=0.0321 (read 46ms)
2026-08-25 14:14:28.256 [B/5] fb ok t+13.424 j=[0.6995, -0.2454, 2.0463, -0.0966, -0.0031, 0.0261] err_to_target=0.0321 (read 48ms)
2026-08-25 14:14:28.361 [B/5] fb ok t+13.527 j=[0.6995, -0.2454, 2.0463, -0.0966, -0.0031, 0.0261] err_to_target=0.0321 (read 50ms)
2026-08-25 14:14:28.466 [B/5] fb ok t+13.630 j=[0.6995, -0.2454, 2.0463, -0.0966, -0.0031, 0.0261] err_to_target=0.0321 (read 52ms)
2026-08-25 14:14:28.571 [B/5] fb ok t+13.732 j=[0.6995, -0.2454, 2.0463, -0.0966, -0.0031, 0.0261] err_to_target=0.0321 (read 55ms)
2026-08-25 14:14:28.676 [B/5] fb ok t+13.835 j=[0.6995, -0.2454, 2.0463, -0.0966, -0.0031, 0.0261] err_to_target=0.0321 (read 57ms)
2026-08-25 14:14:28.746 [B/5] fb ok t+13.936 j=[0.6995, -0.2454, 2.0463, -0.0966, -0.0031, 0.0261] err_to_target=0.0321 (read 26ms)
2026-08-25 14:14:28.851 [B/5] fb ok t+14.040 j=[0.6995, -0.2454, 2.0463, -0.0966, -0.0031, 0.0261] err_to_target=0.0321 (read 27ms)
2026-08-25 14:14:28.956 [B/5] fb ok t+14.144 j=[0.6995, -0.2454, 2.0463, -0.0966, -0.0031, 0.0261] err_to_target=0.0321 (read 28ms)
2026-08-25 14:14:29.062 [B/5] fb ok t+14.249 j=[0.6995, -0.2454, 2.0463, -0.0966, -0.0031, 0.0261] err_to_target=0.0321 (read 28ms)
2026-08-25 14:14:29.167 [B/5] fb ok t+14.351 j=[0.6995, -0.2454, 2.0463, -0.0966, -0.0031, 0.0261] err_to_target=0.0321 (read 32ms)
2026-08-25 14:14:29.272 [B/5] fb ok t+14.455 j=[0.6995, -0.2454, 2.0463, -0.0966, -0.0031, 0.0261] err_to_target=0.0321 (read 32ms)
2026-08-25 14:14:27.514 [B/5] fb ok t+14.559 j=[0.6995, -0.2454, 2.0463, -0.0966, -0.0031, 0.0261] err_to_target=0.0321 (read -1829ms)
2026-08-25 14:14:29.490 [B/5] fb ok t+14.692 j=[0.6995, -0.2454, 2.0463, -0.0966, -0.0031, 0.0261] err_to_target=0.0321 (read 14ms)
2026-08-25 14:14:29.616 [B/5] fb ok t+14.793 j=[0.6995, -0.2454, 2.0463, -0.0966, -0.0031, 0.0261] err_to_target=0.0321 (read 39ms)
2026-08-25 14:14:29.721 [B/5] fb ok t+14.895 j=[0.6995, -0.2454, 2.0463, -0.0966, -0.0031, 0.0261] err_to_target=0.0321 (read 41ms)
2026-08-25 14:14:29.826 [B/5] fb ok t+14.997 j=[0.6995, -0.2454, 2.0463, -0.0966, -0.0031, 0.0261] err_to_target=0.0321 (read 44ms)
2026-08-25 14:14:49.965 [B/6]pre SETUP move to [0.6674, -0.2531, 2.0371, -0.0918, -0.0031, 0.0261] (repeated target, not measured)
2026-08-25 14:15:25.033 [B/6]pre SETUP done sends=66 settled=False final=[0.6995, -0.2454, 2.0463, -0.0966, -0.0031, 0.0261]
2026-08-25 14:15:25.033 [B/6]pre WARNING: setup move did not settle; continuing (pose drift possible)
2026-08-25 14:15:25.033 [B/6] dwell 3.0s before send
2026-08-25 14:15:28.359 [B/6] SENT T=102 B->A target=[0.7547, -0.2531, 2.0371, -0.1442, -0.0031, 0.0261] ([43.24, -14.5, 116.72, -8.26, -0.18, 1.5]) speed=1000 acc=50 ret=b'{"T": 102, "base": 0.7547, "shoulder": -0.2531, "elbow": 2.0371, "wrist": -0.1442, "roll": -0.0031, "hand": 3.115492653589793, "spd": 1000, "acc": 50}\n'
2026-08-25 14:15:28.394 [B/6] fb ok t+0.018 j=[0.6995, -0.2454, 2.0463, -0.0966, -0.0031, 0.0261] err_to_target=0.0552 (read 35ms)
2026-08-25 14:15:28.502 [B/6] fb ok t+0.122 j=[0.6995, -0.2454, 2.0463, -0.0966, -0.0031, 0.0261] err_to_target=0.0552 (read 38ms)
2026-08-25 14:15:28.609 [B/6] MOTION toward target (joint=wrist) latency=0.225s dev=0.0261
2026-08-25 14:15:28.609 [B/6] fb ok t+0.225 j=[0.7087, -0.2454, 2.0463, -0.1227, -0.0031, 0.0261] err_to_target=0.0460 (read 42ms)
2026-08-25 14:15:28.714 [B/6] fb ok t+0.329 j=[0.7256, -0.2454, 2.0463, -0.1289, -0.0031, 0.0261] err_to_target=0.0291 (read 43ms)
2026-08-25 14:15:28.818 [B/6] fb ok t+0.430 j=[0.7256, -0.2454, 2.0463, -0.1289, -0.0031, 0.0261] err_to_target=0.0291 (read 47ms)
2026-08-25 14:15:28.923 [B/6] fb ok t+0.531 j=[0.7256, -0.2454, 2.0463, -0.1289, -0.0031, 0.0261] err_to_target=0.0291 (read 51ms)
2026-08-25 14:15:29.029 [B/6] fb ok t+0.634 j=[0.7256, -0.2454, 2.0463, -0.1289, -0.0031, 0.0261] err_to_target=0.0291 (read 53ms)
2026-08-25 14:15:29.134 [B/6] fb ok t+0.737 j=[0.7256, -0.2454, 2.0463, -0.1289, -0.0031, 0.0261] err_to_target=0.0291 (read 55ms)
2026-08-25 14:15:29.239 [B/6] fb ok t+0.839 j=[0.7256, -0.2454, 2.0463, -0.1289, -0.0031, 0.0261] err_to_target=0.0291 (read 58ms)
2026-08-25 14:15:29.309 [B/6] fb ok t+0.942 j=[0.7256, -0.2454, 2.0463, -0.1289, -0.0031, 0.0261] err_to_target=0.0291 (read 26ms)
2026-08-25 14:15:29.414 [B/6] fb ok t+1.046 j=[0.7256, -0.2454, 2.0463, -0.1289, -0.0031, 0.0261] err_to_target=0.0291 (read 27ms)
2026-08-25 14:15:29.519 [B/6] fb ok t+1.147 j=[0.7256, -0.2454, 2.0463, -0.1289, -0.0031, 0.0261] err_to_target=0.0291 (read 30ms)
2026-08-25 14:15:29.624 [B/6] fb ok t+1.252 j=[0.7256, -0.2454, 2.0463, -0.1289, -0.0031, 0.0261] err_to_target=0.0291 (read 31ms)
2026-08-25 14:15:29.729 [B/6] fb ok t+1.356 j=[0.7256, -0.2454, 2.0463, -0.1289, -0.0031, 0.0261] err_to_target=0.0291 (read 32ms)
2026-08-25 14:15:29.834 [B/6] fb ok t+1.457 j=[0.7256, -0.2454, 2.0463, -0.1289, -0.0031, 0.0261] err_to_target=0.0291 (read 36ms)
2026-08-25 14:15:29.940 [B/6] fb ok t+1.560 j=[0.7256, -0.2454, 2.0463, -0.1289, -0.0031, 0.0261] err_to_target=0.0291 (read 38ms)
2026-08-25 14:15:30.045 [B/6] fb ok t+1.664 j=[0.7256, -0.2454, 2.0463, -0.1289, -0.0031, 0.0261] err_to_target=0.0291 (read 39ms)
2026-08-25 14:15:28.270 [B/6] fb ok t+1.768 j=[0.7256, -0.2454, 2.0463, -0.1289, -0.0031, 0.0261] err_to_target=0.0291 (read -1839ms)
2026-08-25 14:15:30.224 [B/6] fb ok t+1.871 j=[0.7256, -0.2454, 2.0463, -0.1289, -0.0031, 0.0261] err_to_target=0.0291 (read 11ms)
2026-08-25 14:15:30.371 [B/6] fb ok t+1.974 j=[0.7256, -0.2454, 2.0463, -0.1289, -0.0031, 0.0261] err_to_target=0.0291 (read 55ms)
2026-08-25 14:15:30.476 [B/6] fb ok t+2.077 j=[0.7256, -0.2454, 2.0463, -0.1289, -0.0031, 0.0261] err_to_target=0.0291 (read 57ms)
2026-08-25 14:15:30.581 [B/6] fb ok t+2.180 j=[0.7256, -0.2454, 2.0463, -0.1289, -0.0031, 0.0261] err_to_target=0.0291 (read 60ms)
2026-08-25 14:15:30.652 [B/6] fb ok t+2.280 j=[0.7256, -0.2454, 2.0463, -0.1289, -0.0031, 0.0261] err_to_target=0.0291 (read 30ms)
2026-08-25 14:15:30.757 [B/6] fb ok t+2.383 j=[0.7256, -0.2454, 2.0463, -0.1289, -0.0031, 0.0261] err_to_target=0.0291 (read 32ms)
2026-08-25 14:15:30.862 [B/6] fb ok t+2.487 j=[0.7256, -0.2454, 2.0463, -0.1289, -0.0031, 0.0261] err_to_target=0.0291 (read 33ms)
2026-08-25 14:15:30.967 [B/6] fb ok t+2.588 j=[0.7256, -0.2454, 2.0463, -0.1289, -0.0031, 0.0261] err_to_target=0.0291 (read 38ms)
2026-08-25 14:15:31.072 [B/6] fb ok t+2.692 j=[0.7256, -0.2454, 2.0463, -0.1289, -0.0031, 0.0261] err_to_target=0.0291 (read 39ms)
2026-08-25 14:15:31.177 [B/6] fb ok t+2.792 j=[0.7256, -0.2454, 2.0463, -0.1289, -0.0031, 0.0261] err_to_target=0.0291 (read 44ms)
2026-08-25 14:15:31.282 [B/6] fb ok t+2.896 j=[0.7256, -0.2454, 2.0463, -0.1289, -0.0031, 0.0261] err_to_target=0.0291 (read 45ms)
2026-08-25 14:15:31.387 [B/6] fb ok t+2.999 j=[0.7256, -0.2454, 2.0463, -0.1289, -0.0031, 0.0261] err_to_target=0.0291 (read 47ms)
2026-08-25 14:15:31.492 [B/6] fb ok t+3.099 j=[0.7256, -0.2454, 2.0463, -0.1289, -0.0031, 0.0261] err_to_target=0.0291 (read 51ms)
2026-08-25 14:15:31.597 [B/6] fb ok t+3.200 j=[0.7256, -0.2454, 2.0463, -0.1289, -0.0031, 0.0261] err_to_target=0.0291 (read 56ms)
2026-08-25 14:15:31.702 [B/6] fb ok t+3.303 j=[0.7256, -0.2454, 2.0463, -0.1289, -0.0031, 0.0261] err_to_target=0.0291 (read 58ms)
2026-08-25 14:15:31.807 [B/6] fb ok t+3.405 j=[0.7256, -0.2454, 2.0463, -0.1289, -0.0031, 0.0261] err_to_target=0.0291 (read 60ms)
2026-08-25 14:15:31.877 [B/6] fb ok t+3.507 j=[0.7256, -0.2454, 2.0463, -0.1289, -0.0031, 0.0261] err_to_target=0.0291 (read 28ms)
2026-08-25 14:15:31.983 [B/6] fb ok t+3.612 j=[0.7256, -0.2454, 2.0463, -0.1289, -0.0031, 0.0261] err_to_target=0.0291 (read 29ms)
2026-08-25 14:15:32.087 [B/6] fb ok t+3.714 j=[0.7256, -0.2454, 2.0463, -0.1289, -0.0031, 0.0261] err_to_target=0.0291 (read 32ms)
2026-08-25 14:15:32.192 [B/6] fb ok t+3.818 j=[0.7256, -0.2454, 2.0463, -0.1289, -0.0031, 0.0261] err_to_target=0.0291 (read 33ms)
2026-08-25 14:15:32.297 [B/6] fb ok t+3.922 j=[0.7256, -0.2454, 2.0463, -0.1289, -0.0031, 0.0261] err_to_target=0.0291 (read 34ms)
2026-08-25 14:15:32.402 [B/6] fb ok t+4.026 j=[0.7256, -0.2454, 2.0463, -0.1289, -0.0031, 0.0261] err_to_target=0.0291 (read 35ms)
2026-08-25 14:15:32.507 [B/6] fb ok t+4.130 j=[0.7256, -0.2454, 2.0463, -0.1289, -0.0031, 0.0261] err_to_target=0.0291 (read 36ms)
2026-08-25 14:15:32.613 [B/6] fb ok t+4.234 j=[0.7256, -0.2454, 2.0463, -0.1289, -0.0031, 0.0261] err_to_target=0.0291 (read 37ms)
2026-08-25 14:15:32.718 [B/6] fb ok t+4.335 j=[0.7256, -0.2454, 2.0463, -0.1289, -0.0031, 0.0261] err_to_target=0.0291 (read 41ms)
2026-08-25 14:15:32.823 [B/6] fb ok t+4.436 j=[0.7256, -0.2454, 2.0463, -0.1289, -0.0031, 0.0261] err_to_target=0.0291 (read 45ms)
2026-08-25 14:15:32.927 [B/6] fb ok t+4.539 j=[0.7256, -0.2454, 2.0463, -0.1289, -0.0031, 0.0261] err_to_target=0.0291 (read 46ms)
2026-08-25 14:15:33.032 [B/6] fb ok t+4.643 j=[0.7256, -0.2454, 2.0463, -0.1289, -0.0031, 0.0261] err_to_target=0.0291 (read 48ms)
2026-08-25 14:15:33.138 [B/6] fb ok t+4.746 j=[0.7256, -0.2454, 2.0463, -0.1289, -0.0031, 0.0261] err_to_target=0.0291 (read 50ms)
2026-08-25 14:15:33.243 [B/6] fb ok t+4.849 j=[0.7256, -0.2454, 2.0463, -0.1289, -0.0031, 0.0261] err_to_target=0.0291 (read 52ms)
2026-08-25 14:15:33.348 [B/6] fb ok t+4.952 j=[0.7256, -0.2454, 2.0463, -0.1289, -0.0031, 0.0261] err_to_target=0.0291 (read 54ms)
2026-08-25 14:15:33.453 [B/6] fb ok t+5.052 j=[0.7256, -0.2454, 2.0463, -0.1289, -0.0031, 0.0261] err_to_target=0.0291 (read 59ms)
2026-08-25 14:15:33.523 [B/6] fb ok t+5.155 j=[0.7256, -0.2454, 2.0463, -0.1289, -0.0031, 0.0261] err_to_target=0.0291 (read 27ms)
2026-08-25 14:15:33.628 [B/6] fb ok t+5.259 j=[0.7256, -0.2454, 2.0463, -0.1289, -0.0031, 0.0261] err_to_target=0.0291 (read 28ms)
2026-08-25 14:15:33.733 [B/6] fb ok t+5.363 j=[0.7256, -0.2454, 2.0463, -0.1289, -0.0031, 0.0261] err_to_target=0.0291 (read 28ms)
2026-08-25 14:15:33.838 [B/6] fb ok t+5.468 j=[0.7256, -0.2454, 2.0463, -0.1289, -0.0031, 0.0261] err_to_target=0.0291 (read 29ms)
2026-08-25 14:15:33.943 [B/6] fb ok t+5.569 j=[0.7256, -0.2454, 2.0463, -0.1289, -0.0031, 0.0261] err_to_target=0.0291 (read 33ms)
2026-08-25 14:15:34.049 [B/6] fb ok t+5.673 j=[0.7256, -0.2454, 2.0463, -0.1289, -0.0031, 0.0261] err_to_target=0.0291 (read 34ms)
2026-08-25 14:15:34.153 [B/6] fb ok t+5.778 j=[0.7256, -0.2454, 2.0463, -0.1289, -0.0031, 0.0261] err_to_target=0.0291 (read 34ms)
2026-08-25 14:15:34.259 [B/6] fb ok t+5.882 j=[0.7256, -0.2454, 2.0463, -0.1289, -0.0031, 0.0261] err_to_target=0.0291 (read 35ms)
2026-08-25 14:15:34.364 [B/6] fb ok t+5.986 j=[0.7256, -0.2454, 2.0463, -0.1289, -0.0031, 0.0261] err_to_target=0.0291 (read 37ms)
2026-08-25 14:15:34.469 [B/6] fb ok t+6.089 j=[0.7256, -0.2454, 2.0463, -0.1289, -0.0031, 0.0261] err_to_target=0.0291 (read 38ms)
2026-08-25 14:15:34.574 [B/6] fb ok t+6.191 j=[0.7256, -0.2454, 2.0463, -0.1289, -0.0031, 0.0261] err_to_target=0.0291 (read 42ms)
2026-08-25 14:15:34.679 [B/6] fb ok t+6.291 j=[0.7256, -0.2454, 2.0463, -0.1289, -0.0031, 0.0261] err_to_target=0.0291 (read 46ms)
2026-08-25 14:15:34.783 [B/6] fb ok t+6.394 j=[0.7256, -0.2454, 2.0463, -0.1289, -0.0031, 0.0261] err_to_target=0.0291 (read 48ms)
2026-08-25 14:15:34.889 [B/6] fb ok t+6.497 j=[0.7256, -0.2454, 2.0463, -0.1289, -0.0031, 0.0261] err_to_target=0.0291 (read 50ms)
2026-08-25 14:15:34.994 [B/6] fb ok t+6.600 j=[0.7256, -0.2454, 2.0463, -0.1289, -0.0031, 0.0261] err_to_target=0.0291 (read 52ms)
2026-08-25 14:15:35.099 [B/6] fb ok t+6.703 j=[0.7256, -0.2454, 2.0463, -0.1289, -0.0031, 0.0261] err_to_target=0.0291 (read 54ms)
2026-08-25 14:15:35.204 [B/6] fb ok t+6.804 j=[0.7256, -0.2454, 2.0463, -0.1289, -0.0031, 0.0261] err_to_target=0.0291 (read 59ms)
2026-08-25 14:15:35.274 [B/6] fb ok t+6.906 j=[0.7256, -0.2454, 2.0463, -0.1289, -0.0031, 0.0261] err_to_target=0.0291 (read 27ms)
2026-08-25 14:15:35.379 [B/6] fb ok t+7.011 j=[0.7256, -0.2454, 2.0463, -0.1289, -0.0031, 0.0261] err_to_target=0.0291 (read 27ms)
2026-08-25 14:15:35.484 [B/6] fb ok t+7.115 j=[0.7256, -0.2454, 2.0463, -0.1289, -0.0031, 0.0261] err_to_target=0.0291 (read 28ms)
2026-08-25 14:15:35.589 [B/6] fb ok t+7.220 j=[0.7256, -0.2454, 2.0463, -0.1289, -0.0031, 0.0261] err_to_target=0.0291 (read 28ms)
2026-08-25 14:15:35.695 [B/6] fb ok t+7.324 j=[0.7256, -0.2454, 2.0463, -0.1289, -0.0031, 0.0261] err_to_target=0.0291 (read 29ms)
2026-08-25 14:15:35.799 [B/6] fb ok t+7.428 j=[0.7256, -0.2454, 2.0463, -0.1289, -0.0031, 0.0261] err_to_target=0.0291 (read 30ms)
2026-08-25 14:15:35.905 [B/6] fb ok t+7.529 j=[0.7256, -0.2454, 2.0463, -0.1289, -0.0031, 0.0261] err_to_target=0.0291 (read 34ms)
2026-08-25 14:15:36.010 [B/6] fb ok t+7.633 j=[0.7256, -0.2454, 2.0463, -0.1289, -0.0031, 0.0261] err_to_target=0.0291 (read 35ms)
2026-08-25 14:15:36.115 [B/6] fb ok t+7.734 j=[0.7256, -0.2454, 2.0463, -0.1289, -0.0031, 0.0261] err_to_target=0.0291 (read 39ms)
2026-08-25 14:15:36.220 [B/6] fb ok t+7.838 j=[0.7256, -0.2454, 2.0463, -0.1289, -0.0031, 0.0261] err_to_target=0.0291 (read 40ms)
2026-08-25 14:15:36.325 [B/6] fb ok t+7.941 j=[0.7256, -0.2454, 2.0463, -0.1289, -0.0031, 0.0261] err_to_target=0.0291 (read 42ms)
2026-08-25 14:15:36.430 [B/6] fb ok t+8.045 j=[0.7256, -0.2454, 2.0463, -0.1289, -0.0031, 0.0261] err_to_target=0.0291 (read 43ms)
2026-08-25 14:15:36.535 [B/6] fb ok t+8.146 j=[0.7256, -0.2454, 2.0463, -0.1289, -0.0031, 0.0261] err_to_target=0.0291 (read 47ms)
2026-08-25 14:15:36.640 [B/6] fb ok t+8.247 j=[0.7256, -0.2454, 2.0463, -0.1289, -0.0031, 0.0261] err_to_target=0.0291 (read 51ms)
2026-08-25 14:15:36.745 [B/6] fb ok t+8.348 j=[0.7256, -0.2454, 2.0463, -0.1289, -0.0031, 0.0261] err_to_target=0.0291 (read 55ms)
2026-08-25 14:15:36.850 [B/6] fb ok t+8.451 j=[0.7256, -0.2454, 2.0463, -0.1289, -0.0031, 0.0261] err_to_target=0.0291 (read 57ms)
2026-08-25 14:15:36.955 [B/6] fb ok t+8.554 j=[0.7256, -0.2454, 2.0463, -0.1289, -0.0031, 0.0261] err_to_target=0.0291 (read 60ms)
2026-08-25 14:15:37.025 [B/6] fb ok t+8.656 j=[0.7256, -0.2454, 2.0463, -0.1289, -0.0031, 0.0261] err_to_target=0.0291 (read 28ms)
2026-08-25 14:15:37.131 [B/6] fb ok t+8.761 j=[0.7256, -0.2454, 2.0463, -0.1289, -0.0031, 0.0261] err_to_target=0.0291 (read 28ms)
2026-08-25 14:15:37.236 [B/6] fb ok t+8.865 j=[0.7256, -0.2454, 2.0463, -0.1289, -0.0031, 0.0261] err_to_target=0.0291 (read 29ms)
2026-08-25 14:15:37.341 [B/6] fb ok t+8.970 j=[0.7256, -0.2454, 2.0463, -0.1289, -0.0031, 0.0261] err_to_target=0.0291 (read 30ms)
2026-08-25 14:15:37.447 [B/6] fb ok t+9.074 j=[0.7256, -0.2454, 2.0463, -0.1289, -0.0031, 0.0261] err_to_target=0.0291 (read 31ms)
2026-08-25 14:15:37.552 [B/6] fb ok t+9.179 j=[0.7256, -0.2454, 2.0463, -0.1289, -0.0031, 0.0261] err_to_target=0.0291 (read 32ms)
2026-08-25 14:15:37.657 [B/6] fb ok t+9.283 j=[0.7256, -0.2454, 2.0463, -0.1289, -0.0031, 0.0261] err_to_target=0.0291 (read 33ms)
2026-08-25 14:15:37.762 [B/6] fb ok t+9.387 j=[0.7256, -0.2454, 2.0463, -0.1289, -0.0031, 0.0261] err_to_target=0.0291 (read 34ms)
2026-08-25 14:15:37.868 [B/6] fb ok t+9.492 j=[0.7256, -0.2454, 2.0463, -0.1289, -0.0031, 0.0261] err_to_target=0.0291 (read 35ms)
2026-08-25 14:15:37.973 [B/6] fb ok t+9.595 j=[0.7256, -0.2454, 2.0463, -0.1289, -0.0031, 0.0261] err_to_target=0.0291 (read 37ms)
2026-08-25 14:15:38.079 [B/6] fb ok t+9.697 j=[0.7256, -0.2454, 2.0463, -0.1289, -0.0031, 0.0261] err_to_target=0.0291 (read 41ms)
2026-08-25 14:15:38.184 [B/6] fb ok t+9.800 j=[0.7256, -0.2454, 2.0463, -0.1289, -0.0031, 0.0261] err_to_target=0.0291 (read 42ms)
2026-08-25 14:15:38.289 [B/6] fb ok t+9.904 j=[0.7256, -0.2454, 2.0463, -0.1289, -0.0031, 0.0261] err_to_target=0.0291 (read 44ms)
2026-08-25 14:15:38.395 [B/6] fb ok t+10.008 j=[0.7256, -0.2454, 2.0463, -0.1289, -0.0031, 0.0261] err_to_target=0.0291 (read 46ms)
2026-08-25 14:15:38.500 [B/6] fb ok t+10.111 j=[0.7256, -0.2454, 2.0463, -0.1289, -0.0031, 0.0261] err_to_target=0.0291 (read 47ms)
2026-08-25 14:15:38.605 [B/6] fb ok t+10.212 j=[0.7256, -0.2454, 2.0463, -0.1289, -0.0031, 0.0261] err_to_target=0.0291 (read 51ms)
2026-08-25 14:15:38.711 [B/6] fb ok t+10.316 j=[0.7256, -0.2454, 2.0463, -0.1289, -0.0031, 0.0261] err_to_target=0.0291 (read 53ms)
2026-08-25 14:15:38.816 [B/6] fb ok t+10.419 j=[0.7256, -0.2454, 2.0463, -0.1289, -0.0031, 0.0261] err_to_target=0.0291 (read 56ms)
2026-08-25 14:15:38.921 [B/6] fb ok t+10.521 j=[0.7256, -0.2454, 2.0463, -0.1289, -0.0031, 0.0261] err_to_target=0.0291 (read 58ms)
2026-08-25 14:15:38.992 [B/6] fb ok t+10.624 j=[0.7256, -0.2454, 2.0463, -0.1289, -0.0031, 0.0261] err_to_target=0.0291 (read 26ms)
2026-08-25 14:15:39.097 [B/6] fb ok t+10.729 j=[0.7256, -0.2454, 2.0463, -0.1289, -0.0031, 0.0261] err_to_target=0.0291 (read 27ms)
2026-08-25 14:15:39.202 [B/6] fb ok t+10.834 j=[0.7256, -0.2454, 2.0463, -0.1289, -0.0031, 0.0261] err_to_target=0.0291 (read 27ms)
2026-08-25 14:15:39.308 [B/6] fb ok t+10.938 j=[0.7256, -0.2454, 2.0463, -0.1289, -0.0031, 0.0261] err_to_target=0.0291 (read 28ms)
2026-08-25 14:15:39.413 [B/6] fb ok t+11.040 j=[0.7256, -0.2454, 2.0463, -0.1289, -0.0031, 0.0261] err_to_target=0.0291 (read 32ms)
2026-08-25 14:15:39.519 [B/6] fb ok t+11.145 j=[0.7256, -0.2454, 2.0463, -0.1289, -0.0031, 0.0261] err_to_target=0.0291 (read 33ms)
2026-08-25 14:15:39.624 [B/6] fb ok t+11.247 j=[0.7256, -0.2454, 2.0463, -0.1289, -0.0031, 0.0261] err_to_target=0.0291 (read 35ms)
2026-08-25 14:15:39.729 [B/6] fb ok t+11.352 j=[0.7256, -0.2454, 2.0463, -0.1289, -0.0031, 0.0261] err_to_target=0.0291 (read 36ms)
2026-08-25 14:15:39.835 [B/6] fb ok t+11.456 j=[0.7256, -0.2454, 2.0463, -0.1289, -0.0031, 0.0261] err_to_target=0.0291 (read 37ms)
2026-08-25 14:15:39.940 [B/6] fb ok t+11.558 j=[0.7256, -0.2454, 2.0463, -0.1289, -0.0031, 0.0261] err_to_target=0.0291 (read 40ms)
2026-08-25 14:15:40.045 [B/6] fb ok t+11.662 j=[0.7256, -0.2454, 2.0463, -0.1289, -0.0031, 0.0261] err_to_target=0.0291 (read 42ms)
2026-08-25 14:15:40.151 [B/6] fb ok t+11.763 j=[0.7256, -0.2454, 2.0463, -0.1289, -0.0031, 0.0261] err_to_target=0.0291 (read 46ms)
2026-08-25 14:15:40.256 [B/6] fb ok t+11.866 j=[0.7256, -0.2454, 2.0463, -0.1289, -0.0031, 0.0261] err_to_target=0.0291 (read 48ms)
2026-08-25 14:15:40.361 [B/6] fb ok t+11.967 j=[0.7256, -0.2454, 2.0463, -0.1289, -0.0031, 0.0261] err_to_target=0.0291 (read 53ms)
2026-08-25 14:15:40.466 [B/6] fb ok t+12.070 j=[0.7256, -0.2454, 2.0463, -0.1289, -0.0031, 0.0261] err_to_target=0.0291 (read 55ms)
2026-08-25 14:15:40.572 [B/6] fb ok t+12.173 j=[0.7256, -0.2454, 2.0463, -0.1289, -0.0031, 0.0261] err_to_target=0.0291 (read 58ms)
2026-08-25 14:15:40.677 [B/6] fb ok t+12.275 j=[0.7256, -0.2454, 2.0463, -0.1289, -0.0031, 0.0261] err_to_target=0.0291 (read 60ms)
2026-08-25 14:15:40.748 [B/6] fb ok t+12.378 j=[0.7256, -0.2454, 2.0463, -0.1289, -0.0031, 0.0261] err_to_target=0.0291 (read 28ms)
2026-08-25 14:15:40.853 [B/6] fb ok t+12.483 j=[0.7256, -0.2454, 2.0463, -0.1289, -0.0031, 0.0261] err_to_target=0.0291 (read 29ms)
2026-08-25 14:15:40.959 [B/6] fb ok t+12.587 j=[0.7256, -0.2454, 2.0463, -0.1289, -0.0031, 0.0261] err_to_target=0.0291 (read 30ms)
2026-08-25 14:15:41.064 [B/6] fb ok t+12.692 j=[0.7256, -0.2454, 2.0463, -0.1289, -0.0031, 0.0261] err_to_target=0.0291 (read 31ms)
2026-08-25 14:15:41.169 [B/6] fb ok t+12.793 j=[0.7256, -0.2454, 2.0463, -0.1289, -0.0031, 0.0261] err_to_target=0.0291 (read 34ms)
2026-08-25 14:15:41.274 [B/6] fb ok t+12.898 j=[0.7256, -0.2454, 2.0463, -0.1289, -0.0031, 0.0261] err_to_target=0.0291 (read 35ms)
2026-08-25 14:15:41.380 [B/6] fb ok t+13.002 j=[0.7256, -0.2454, 2.0463, -0.1289, -0.0031, 0.0261] err_to_target=0.0291 (read 37ms)
2026-08-25 14:15:41.485 [B/6] fb ok t+13.106 j=[0.7256, -0.2454, 2.0463, -0.1289, -0.0031, 0.0261] err_to_target=0.0291 (read 38ms)
2026-08-25 14:15:41.591 [B/6] fb ok t+13.210 j=[0.7256, -0.2454, 2.0463, -0.1289, -0.0031, 0.0261] err_to_target=0.0291 (read 39ms)
2026-08-25 14:15:41.696 [B/6] fb ok t+13.314 j=[0.7256, -0.2454, 2.0463, -0.1289, -0.0031, 0.0261] err_to_target=0.0291 (read 41ms)
2026-08-25 14:15:41.801 [B/6] fb ok t+13.418 j=[0.7256, -0.2454, 2.0463, -0.1289, -0.0031, 0.0261] err_to_target=0.0291 (read 42ms)
2026-08-25 14:15:41.907 [B/6] fb ok t+13.521 j=[0.7256, -0.2454, 2.0463, -0.1289, -0.0031, 0.0261] err_to_target=0.0291 (read 44ms)
2026-08-25 14:15:42.012 [B/6] fb ok t+13.625 j=[0.7256, -0.2454, 2.0463, -0.1289, -0.0031, 0.0261] err_to_target=0.0291 (read 46ms)
2026-08-25 14:15:42.117 [B/6] fb ok t+13.726 j=[0.7256, -0.2454, 2.0463, -0.1289, -0.0031, 0.0261] err_to_target=0.0291 (read 50ms)
2026-08-25 14:15:42.222 [B/6] fb ok t+13.829 j=[0.7256, -0.2454, 2.0463, -0.1289, -0.0031, 0.0261] err_to_target=0.0291 (read 52ms)
2026-08-25 14:15:42.328 [B/6] fb ok t+13.929 j=[0.7256, -0.2454, 2.0463, -0.1289, -0.0031, 0.0261] err_to_target=0.0291 (read 57ms)
2026-08-25 14:15:42.433 [B/6] fb ok t+14.032 j=[0.7256, -0.2454, 2.0463, -0.1289, -0.0031, 0.0261] err_to_target=0.0291 (read 59ms)
2026-08-25 14:15:42.504 [B/6] fb ok t+14.135 j=[0.7256, -0.2454, 2.0463, -0.1289, -0.0031, 0.0261] err_to_target=0.0291 (read 28ms)
2026-08-25 14:15:42.609 [B/6] fb ok t+14.239 j=[0.7256, -0.2454, 2.0463, -0.1289, -0.0031, 0.0261] err_to_target=0.0291 (read 28ms)
2026-08-25 14:15:42.714 [B/6] fb ok t+14.344 j=[0.7256, -0.2454, 2.0463, -0.1289, -0.0031, 0.0261] err_to_target=0.0291 (read 29ms)
2026-08-25 14:15:42.820 [B/6] fb ok t+14.449 j=[0.7256, -0.2454, 2.0463, -0.1289, -0.0031, 0.0261] err_to_target=0.0291 (read 30ms)
2026-08-25 14:15:42.925 [B/6] fb ok t+14.550 j=[0.7256, -0.2454, 2.0463, -0.1289, -0.0031, 0.0261] err_to_target=0.0291 (read 34ms)
2026-08-25 14:15:43.030 [B/6] fb ok t+14.654 j=[0.7256, -0.2454, 2.0463, -0.1289, -0.0031, 0.0261] err_to_target=0.0291 (read 35ms)
2026-08-25 14:15:43.136 [B/6] fb ok t+14.755 j=[0.7256, -0.2454, 2.0463, -0.1289, -0.0031, 0.0261] err_to_target=0.0291 (read 39ms)
2026-08-25 14:15:43.241 [B/6] fb ok t+14.859 j=[0.7256, -0.2454, 2.0463, -0.1289, -0.0031, 0.0261] err_to_target=0.0291 (read 41ms)
2026-08-25 14:15:43.346 [B/6] fb ok t+14.963 j=[0.7256, -0.2454, 2.0463, -0.1289, -0.0031, 0.0261] err_to_target=0.0291 (read 42ms)
2026-08-25 14:15:44.611 [B/7]pre already at target, no setup move needed
2026-08-25 14:15:44.611 [B/7] dwell 3.0s before send
2026-08-25 14:15:47.920 [B/7] SENT T=102 A->B target=[0.6674, -0.2531, 2.0371, -0.0918, -0.0031, 0.0261] ([38.24, -14.5, 116.72, -5.26, -0.18, 1.5]) speed=1000 acc=50 ret=b'{"T": 102, "base": 0.6674335374002835, "shoulder": -0.2531, "elbow": 2.0371, "wrist": -0.0918401224401701, "roll": -0.0031, "hand": 3.115492653589793, "spd": 1000, "acc": 50}\n'
2026-08-25 14:15:47.952 [B/7] fb ok t+0.021 j=[0.7256, -0.2454, 2.0463, -0.1289, -0.0031, 0.0261] err_to_target=0.0581 (read 32ms)
2026-08-25 14:15:48.063 [B/7] fb ok t+0.125 j=[0.7256, -0.2454, 2.0463, -0.1289, -0.0031, 0.0261] err_to_target=0.0581 (read 38ms)
2026-08-25 14:15:48.169 [B/7] MOTION toward target (joint=wrist) latency=0.229s dev=0.0261
2026-08-25 14:15:48.169 [B/7] fb ok t+0.229 j=[0.7164, -0.2454, 2.0463, -0.1028, -0.0031, 0.0261] err_to_target=0.0489 (read 40ms)
2026-08-25 14:15:48.274 [B/7] fb ok t+0.333 j=[0.6995, -0.2454, 2.0463, -0.0966, -0.0031, 0.0261] err_to_target=0.0321 (read 42ms)
2026-08-25 14:15:48.380 [B/7] fb ok t+0.437 j=[0.6995, -0.2454, 2.0463, -0.0966, -0.0031, 0.0261] err_to_target=0.0321 (read 43ms)
2026-08-25 14:15:48.486 [B/7] fb ok t+0.541 j=[0.6995, -0.2454, 2.0463, -0.0966, -0.0031, 0.0261] err_to_target=0.0321 (read 45ms)
2026-08-25 14:15:48.591 [B/7] fb ok t+0.642 j=[0.6995, -0.2454, 2.0463, -0.0966, -0.0031, 0.0261] err_to_target=0.0321 (read 50ms)
2026-08-25 14:15:48.697 [B/7] fb ok t+0.745 j=[0.6995, -0.2454, 2.0463, -0.0966, -0.0031, 0.0261] err_to_target=0.0321 (read 52ms)
2026-08-25 14:15:48.802 [B/7] fb ok t+0.848 j=[0.6995, -0.2454, 2.0463, -0.0966, -0.0031, 0.0261] err_to_target=0.0321 (read 54ms)
2026-08-25 14:15:48.908 [B/7] fb ok t+0.951 j=[0.6995, -0.2454, 2.0463, -0.0966, -0.0031, 0.0261] err_to_target=0.0321 (read 57ms)
2026-08-25 14:15:48.979 [B/7] fb ok t+1.052 j=[0.6995, -0.2454, 2.0463, -0.0966, -0.0031, 0.0261] err_to_target=0.0321 (read 27ms)
2026-08-25 14:15:49.084 [B/7] fb ok t+1.157 j=[0.6995, -0.2454, 2.0463, -0.0966, -0.0031, 0.0261] err_to_target=0.0321 (read 28ms)
2026-08-25 14:15:49.190 [B/7] fb ok t+1.261 j=[0.6995, -0.2454, 2.0463, -0.0966, -0.0031, 0.0261] err_to_target=0.0321 (read 29ms)
2026-08-25 14:15:49.295 [B/7] fb ok t+1.363 j=[0.6995, -0.2454, 2.0463, -0.0966, -0.0031, 0.0261] err_to_target=0.0321 (read 33ms)
2026-08-25 14:15:49.401 [B/7] fb ok t+1.468 j=[0.6995, -0.2454, 2.0463, -0.0966, -0.0031, 0.0261] err_to_target=0.0321 (read 34ms)
2026-08-25 14:15:49.507 [B/7] fb ok t+1.568 j=[0.6995, -0.2454, 2.0463, -0.0966, -0.0031, 0.0261] err_to_target=0.0321 (read 39ms)
2026-08-25 14:15:49.612 [B/7] fb ok t+1.669 j=[0.6995, -0.2454, 2.0463, -0.0966, -0.0031, 0.0261] err_to_target=0.0321 (read 44ms)
2026-08-25 14:15:49.718 [B/7] fb ok t+1.771 j=[0.6995, -0.2454, 2.0463, -0.0966, -0.0031, 0.0261] err_to_target=0.0321 (read 47ms)
2026-08-25 14:15:49.823 [B/7] fb ok t+1.874 j=[0.6995, -0.2454, 2.0463, -0.0966, -0.0031, 0.0261] err_to_target=0.0321 (read 50ms)
2026-08-25 14:15:49.929 [B/7] fb ok t+1.977 j=[0.6995, -0.2454, 2.0463, -0.0966, -0.0031, 0.0261] err_to_target=0.0321 (read 52ms)
2026-08-25 14:15:50.034 [B/7] fb ok t+2.081 j=[0.6995, -0.2454, 2.0463, -0.0966, -0.0031, 0.0261] err_to_target=0.0321 (read 54ms)
2026-08-25 14:15:50.140 [B/7] fb ok t+2.181 j=[0.6995, -0.2454, 2.0463, -0.0966, -0.0031, 0.0261] err_to_target=0.0321 (read 59ms)
2026-08-25 14:15:50.210 [B/7] fb ok t+2.284 j=[0.6995, -0.2454, 2.0463, -0.0966, -0.0031, 0.0261] err_to_target=0.0321 (read 27ms)
2026-08-25 14:15:50.316 [B/7] fb ok t+2.388 j=[0.6995, -0.2454, 2.0463, -0.0966, -0.0031, 0.0261] err_to_target=0.0321 (read 28ms)
2026-08-25 14:15:50.422 [B/7] fb ok t+2.493 j=[0.6995, -0.2454, 2.0463, -0.0966, -0.0031, 0.0261] err_to_target=0.0321 (read 29ms)
2026-08-25 14:15:50.528 [B/7] fb ok t+2.598 j=[0.6995, -0.2454, 2.0463, -0.0966, -0.0031, 0.0261] err_to_target=0.0321 (read 30ms)
2026-08-25 14:15:50.633 [B/7] fb ok t+2.700 j=[0.6995, -0.2454, 2.0463, -0.0966, -0.0031, 0.0261] err_to_target=0.0321 (read 34ms)
2026-08-25 14:15:50.739 [B/7] fb ok t+2.804 j=[0.6995, -0.2454, 2.0463, -0.0966, -0.0031, 0.0261] err_to_target=0.0321 (read 35ms)
2026-08-25 14:15:50.844 [B/7] fb ok t+2.908 j=[0.6995, -0.2454, 2.0463, -0.0966, -0.0031, 0.0261] err_to_target=0.0321 (read 36ms)
2026-08-25 14:15:50.950 [B/7] fb ok t+3.013 j=[0.6995, -0.2454, 2.0463, -0.0966, -0.0031, 0.0261] err_to_target=0.0321 (read 38ms)
2026-08-25 14:15:51.056 [B/7] fb ok t+3.114 j=[0.6995, -0.2454, 2.0463, -0.0966, -0.0031, 0.0261] err_to_target=0.0321 (read 42ms)
2026-08-25 14:15:51.161 [B/7] fb ok t+3.218 j=[0.6995, -0.2454, 2.0463, -0.0966, -0.0031, 0.0261] err_to_target=0.0321 (read 44ms)
2026-08-25 14:15:51.267 [B/7] fb ok t+3.321 j=[0.6995, -0.2454, 2.0463, -0.0966, -0.0031, 0.0261] err_to_target=0.0321 (read 46ms)
2026-08-25 14:15:51.372 [B/7] fb ok t+3.425 j=[0.6995, -0.2454, 2.0463, -0.0966, -0.0031, 0.0261] err_to_target=0.0321 (read 48ms)
2026-08-25 14:15:51.478 [B/7] fb ok t+3.528 j=[0.6995, -0.2454, 2.0463, -0.0966, -0.0031, 0.0261] err_to_target=0.0321 (read 50ms)
2026-08-25 14:15:51.583 [B/7] fb ok t+3.629 j=[0.6995, -0.2454, 2.0463, -0.0966, -0.0031, 0.0261] err_to_target=0.0321 (read 55ms)
2026-08-25 14:15:51.689 [B/7] fb ok t+3.732 j=[0.6995, -0.2454, 2.0463, -0.0966, -0.0031, 0.0261] err_to_target=0.0321 (read 58ms)
2026-08-25 14:15:51.795 [B/7] fb ok t+3.835 j=[0.6995, -0.2454, 2.0463, -0.0966, -0.0031, 0.0261] err_to_target=0.0321 (read 60ms)
2026-08-25 14:15:51.865 [B/7] fb ok t+3.937 j=[0.6995, -0.2454, 2.0463, -0.0966, -0.0031, 0.0261] err_to_target=0.0321 (read 28ms)
2026-08-25 14:15:51.971 [B/7] fb ok t+4.042 j=[0.6995, -0.2454, 2.0463, -0.0966, -0.0031, 0.0261] err_to_target=0.0321 (read 29ms)
2026-08-25 14:15:52.076 [B/7] fb ok t+4.147 j=[0.6995, -0.2454, 2.0463, -0.0966, -0.0031, 0.0261] err_to_target=0.0321 (read 30ms)
2026-08-25 14:15:52.182 [B/7] fb ok t+4.251 j=[0.6995, -0.2454, 2.0463, -0.0966, -0.0031, 0.0261] err_to_target=0.0321 (read 31ms)
2026-08-25 14:15:52.288 [B/7] fb ok t+4.356 j=[0.6995, -0.2454, 2.0463, -0.0966, -0.0031, 0.0261] err_to_target=0.0321 (read 32ms)
2026-08-25 14:15:52.393 [B/7] fb ok t+4.460 j=[0.6995, -0.2454, 2.0463, -0.0966, -0.0031, 0.0261] err_to_target=0.0321 (read 33ms)
2026-08-25 14:15:52.499 [B/7] fb ok t+4.565 j=[0.6995, -0.2454, 2.0463, -0.0966, -0.0031, 0.0261] err_to_target=0.0321 (read 34ms)
2026-08-25 14:15:52.604 [B/7] fb ok t+4.669 j=[0.6995, -0.2454, 2.0463, -0.0966, -0.0031, 0.0261] err_to_target=0.0321 (read 36ms)
2026-08-25 14:15:52.710 [B/7] fb ok t+4.774 j=[0.6995, -0.2454, 2.0463, -0.0966, -0.0031, 0.0261] err_to_target=0.0321 (read 37ms)
2026-08-25 14:15:52.816 [B/7] fb ok t+4.878 j=[0.6995, -0.2454, 2.0463, -0.0966, -0.0031, 0.0261] err_to_target=0.0321 (read 39ms)
2026-08-25 14:15:52.921 [B/7] fb ok t+4.982 j=[0.6995, -0.2454, 2.0463, -0.0966, -0.0031, 0.0261] err_to_target=0.0321 (read 40ms)
2026-08-25 14:15:53.027 [B/7] fb ok t+5.086 j=[0.6995, -0.2454, 2.0463, -0.0966, -0.0031, 0.0261] err_to_target=0.0321 (read 42ms)
2026-08-25 14:15:53.133 [B/7] fb ok t+5.190 j=[0.6995, -0.2454, 2.0463, -0.0966, -0.0031, 0.0261] err_to_target=0.0321 (read 43ms)
2026-08-25 14:15:53.238 [B/7] fb ok t+5.293 j=[0.6995, -0.2454, 2.0463, -0.0966, -0.0031, 0.0261] err_to_target=0.0321 (read 45ms)
2026-08-25 14:15:53.343 [B/7] fb ok t+5.397 j=[0.6995, -0.2454, 2.0463, -0.0966, -0.0031, 0.0261] err_to_target=0.0321 (read 47ms)
2026-08-25 14:15:53.449 [B/7] fb ok t+5.499 j=[0.6995, -0.2454, 2.0463, -0.0966, -0.0031, 0.0261] err_to_target=0.0321 (read 51ms)
2026-08-25 14:15:53.555 [B/7] fb ok t+5.602 j=[0.6995, -0.2454, 2.0463, -0.0966, -0.0031, 0.0261] err_to_target=0.0321 (read 53ms)
2026-08-25 14:15:53.660 [B/7] fb ok t+5.705 j=[0.6995, -0.2454, 2.0463, -0.0966, -0.0031, 0.0261] err_to_target=0.0321 (read 56ms)
2026-08-25 14:15:53.765 [B/7] fb ok t+5.805 j=[0.6995, -0.2454, 2.0463, -0.0966, -0.0031, 0.0261] err_to_target=0.0321 (read 60ms)
2026-08-25 14:15:53.836 [B/7] fb ok t+5.908 j=[0.6995, -0.2454, 2.0463, -0.0966, -0.0031, 0.0261] err_to_target=0.0321 (read 29ms)
2026-08-25 14:15:53.941 [B/7] fb ok t+6.012 j=[0.6995, -0.2454, 2.0463, -0.0966, -0.0031, 0.0261] err_to_target=0.0321 (read 29ms)
2026-08-25 14:15:54.046 [B/7] fb ok t+6.117 j=[0.6995, -0.2454, 2.0463, -0.0966, -0.0031, 0.0261] err_to_target=0.0321 (read 30ms)
2026-08-25 14:15:54.151 [B/7] fb ok t+6.221 j=[0.6995, -0.2454, 2.0463, -0.0966, -0.0031, 0.0261] err_to_target=0.0321 (read 31ms)
2026-08-25 14:15:54.256 [B/7] fb ok t+6.325 j=[0.6995, -0.2454, 2.0463, -0.0966, -0.0031, 0.0261] err_to_target=0.0321 (read 32ms)
2026-08-25 14:15:54.361 [B/7] fb ok t+6.429 j=[0.6995, -0.2454, 2.0463, -0.0966, -0.0031, 0.0261] err_to_target=0.0321 (read 32ms)
2026-08-25 14:15:54.466 [B/7] fb ok t+6.530 j=[0.6995, -0.2454, 2.0463, -0.0966, -0.0031, 0.0261] err_to_target=0.0321 (read 37ms)
2026-08-25 14:15:54.571 [B/7] fb ok t+6.634 j=[0.6995, -0.2454, 2.0463, -0.0966, -0.0031, 0.0261] err_to_target=0.0321 (read 38ms)
2026-08-25 14:15:54.676 [B/7] fb ok t+6.736 j=[0.6995, -0.2454, 2.0463, -0.0966, -0.0031, 0.0261] err_to_target=0.0321 (read 40ms)
2026-08-25 14:15:54.781 [B/7] fb ok t+6.840 j=[0.6995, -0.2454, 2.0463, -0.0966, -0.0031, 0.0261] err_to_target=0.0321 (read 42ms)
2026-08-25 14:15:54.886 [B/7] fb ok t+6.944 j=[0.6995, -0.2454, 2.0463, -0.0966, -0.0031, 0.0261] err_to_target=0.0321 (read 43ms)
2026-08-25 14:15:54.992 [B/7] fb ok t+7.047 j=[0.6995, -0.2454, 2.0463, -0.0966, -0.0031, 0.0261] err_to_target=0.0321 (read 45ms)
2026-08-25 14:15:55.097 [B/7] fb ok t+7.151 j=[0.6995, -0.2454, 2.0463, -0.0966, -0.0031, 0.0261] err_to_target=0.0321 (read 47ms)
2026-08-25 14:15:55.201 [B/7] fb ok t+7.254 j=[0.6995, -0.2454, 2.0463, -0.0966, -0.0031, 0.0261] err_to_target=0.0321 (read 48ms)
2026-08-25 14:15:55.306 [B/7] fb ok t+7.355 j=[0.6995, -0.2454, 2.0463, -0.0966, -0.0031, 0.0261] err_to_target=0.0321 (read 52ms)
2026-08-25 14:15:55.412 [B/7] fb ok t+7.455 j=[0.6995, -0.2454, 2.0463, -0.0966, -0.0031, 0.0261] err_to_target=0.0321 (read 57ms)
2026-08-25 14:15:55.517 [B/7] fb ok t+7.557 j=[0.6995, -0.2454, 2.0463, -0.0966, -0.0031, 0.0261] err_to_target=0.0321 (read 60ms)
2026-08-25 14:15:55.587 [B/7] fb ok t+7.660 j=[0.6995, -0.2454, 2.0463, -0.0966, -0.0031, 0.0261] err_to_target=0.0321 (read 28ms)
2026-08-25 14:15:55.692 [B/7] fb ok t+7.760 j=[0.6995, -0.2454, 2.0463, -0.0966, -0.0031, 0.0261] err_to_target=0.0321 (read 33ms)
2026-08-25 14:15:55.797 [B/7] fb ok t+7.862 j=[0.6995, -0.2454, 2.0463, -0.0966, -0.0031, 0.0261] err_to_target=0.0321 (read 36ms)
2026-08-25 14:15:55.902 [B/7] fb ok t+7.966 j=[0.6995, -0.2454, 2.0463, -0.0966, -0.0031, 0.0261] err_to_target=0.0321 (read 37ms)
2026-08-25 14:15:56.007 [B/7] fb ok t+8.070 j=[0.6995, -0.2454, 2.0463, -0.0966, -0.0031, 0.0261] err_to_target=0.0321 (read 38ms)
2026-08-25 14:15:56.112 [B/7] fb ok t+8.173 j=[0.6995, -0.2454, 2.0463, -0.0966, -0.0031, 0.0261] err_to_target=0.0321 (read 40ms)
2026-08-25 14:15:56.217 [B/7] fb ok t+8.277 j=[0.6995, -0.2454, 2.0463, -0.0966, -0.0031, 0.0261] err_to_target=0.0321 (read 41ms)
2026-08-25 14:15:56.323 [B/7] fb ok t+8.381 j=[0.6995, -0.2454, 2.0463, -0.0966, -0.0031, 0.0261] err_to_target=0.0321 (read 42ms)
2026-08-25 14:15:56.428 [B/7] fb ok t+8.484 j=[0.6995, -0.2454, 2.0463, -0.0966, -0.0031, 0.0261] err_to_target=0.0321 (read 44ms)
2026-08-25 14:15:56.533 [B/7] fb ok t+8.588 j=[0.6995, -0.2454, 2.0463, -0.0966, -0.0031, 0.0261] err_to_target=0.0321 (read 46ms)
2026-08-25 14:15:56.638 [B/7] fb ok t+8.689 j=[0.6995, -0.2454, 2.0463, -0.0966, -0.0031, 0.0261] err_to_target=0.0321 (read 50ms)
2026-08-25 14:15:56.743 [B/7] fb ok t+8.789 j=[0.6995, -0.2454, 2.0463, -0.0966, -0.0031, 0.0261] err_to_target=0.0321 (read 54ms)
2026-08-25 14:15:56.848 [B/7] fb ok t+8.892 j=[0.6995, -0.2454, 2.0463, -0.0966, -0.0031, 0.0261] err_to_target=0.0321 (read 57ms)
2026-08-25 14:15:56.953 [B/7] fb ok t+8.995 j=[0.6995, -0.2454, 2.0463, -0.0966, -0.0031, 0.0261] err_to_target=0.0321 (read 59ms)
2026-08-25 14:15:57.023 [B/7] fb ok t+9.097 j=[0.6995, -0.2454, 2.0463, -0.0966, -0.0031, 0.0261] err_to_target=0.0321 (read 27ms)
2026-08-25 14:15:57.128 [B/7] fb ok t+9.198 j=[0.6995, -0.2454, 2.0463, -0.0966, -0.0031, 0.0261] err_to_target=0.0321 (read 30ms)
2026-08-25 14:15:57.233 [B/7] fb ok t+9.302 j=[0.6995, -0.2454, 2.0463, -0.0966, -0.0031, 0.0261] err_to_target=0.0321 (read 32ms)
2026-08-25 14:15:57.338 [B/7] fb ok t+9.406 j=[0.6995, -0.2454, 2.0463, -0.0966, -0.0031, 0.0261] err_to_target=0.0321 (read 33ms)
2026-08-25 14:15:57.443 [B/7] fb ok t+9.510 j=[0.6995, -0.2454, 2.0463, -0.0966, -0.0031, 0.0261] err_to_target=0.0321 (read 34ms)
2026-08-25 14:15:57.548 [B/7] fb ok t+9.614 j=[0.6995, -0.2454, 2.0463, -0.0966, -0.0031, 0.0261] err_to_target=0.0321 (read 35ms)
2026-08-25 14:15:57.653 [B/7] fb ok t+9.716 j=[0.6995, -0.2454, 2.0463, -0.0966, -0.0031, 0.0261] err_to_target=0.0321 (read 38ms)
2026-08-25 14:15:57.759 [B/7] fb ok t+9.820 j=[0.6995, -0.2454, 2.0463, -0.0966, -0.0031, 0.0261] err_to_target=0.0321 (read 39ms)
2026-08-25 14:15:57.864 [B/7] fb ok t+9.920 j=[0.6995, -0.2454, 2.0463, -0.0966, -0.0031, 0.0261] err_to_target=0.0321 (read 44ms)
2026-08-25 14:15:57.969 [B/7] fb ok t+10.024 j=[0.6995, -0.2454, 2.0463, -0.0966, -0.0031, 0.0261] err_to_target=0.0321 (read 45ms)
2026-08-25 14:15:58.073 [B/7] fb ok t+10.127 j=[0.6995, -0.2454, 2.0463, -0.0966, -0.0031, 0.0261] err_to_target=0.0321 (read 47ms)
2026-08-25 14:15:58.178 [B/7] fb ok t+10.230 j=[0.6995, -0.2454, 2.0463, -0.0966, -0.0031, 0.0261] err_to_target=0.0321 (read 49ms)
2026-08-25 14:15:58.284 [B/7] fb ok t+10.331 j=[0.6995, -0.2454, 2.0463, -0.0966, -0.0031, 0.0261] err_to_target=0.0321 (read 53ms)
2026-08-25 14:15:58.389 [B/7] fb ok t+10.434 j=[0.6995, -0.2454, 2.0463, -0.0966, -0.0031, 0.0261] err_to_target=0.0321 (read 56ms)
2026-08-25 14:15:58.494 [B/7] fb ok t+10.537 j=[0.6995, -0.2454, 2.0463, -0.0966, -0.0031, 0.0261] err_to_target=0.0321 (read 58ms)
2026-08-25 14:15:58.599 [B/7] fb ok t+10.639 j=[0.6995, -0.2454, 2.0463, -0.0966, -0.0031, 0.0261] err_to_target=0.0321 (read 60ms)
2026-08-25 14:15:58.669 [B/7] fb ok t+10.741 j=[0.6995, -0.2454, 2.0463, -0.0966, -0.0031, 0.0261] err_to_target=0.0321 (read 28ms)
2026-08-25 14:15:58.774 [B/7] fb ok t+10.846 j=[0.6995, -0.2454, 2.0463, -0.0966, -0.0031, 0.0261] err_to_target=0.0321 (read 29ms)
2026-08-25 14:15:58.879 [B/7] fb ok t+10.947 j=[0.6995, -0.2454, 2.0463, -0.0966, -0.0031, 0.0261] err_to_target=0.0321 (read 32ms)
2026-08-25 14:15:58.984 [B/7] fb ok t+11.052 j=[0.6995, -0.2454, 2.0463, -0.0966, -0.0031, 0.0261] err_to_target=0.0321 (read 33ms)
2026-08-25 14:15:59.089 [B/7] fb ok t+11.153 j=[0.6995, -0.2454, 2.0463, -0.0966, -0.0031, 0.0261] err_to_target=0.0321 (read 37ms)
2026-08-25 14:15:59.195 [B/7] fb ok t+11.257 j=[0.6995, -0.2454, 2.0463, -0.0966, -0.0031, 0.0261] err_to_target=0.0321 (read 38ms)
2026-08-25 14:15:59.300 [B/7] fb ok t+11.361 j=[0.6995, -0.2454, 2.0463, -0.0966, -0.0031, 0.0261] err_to_target=0.0321 (read 39ms)
2026-08-25 14:15:59.405 [B/7] fb ok t+11.465 j=[0.6995, -0.2454, 2.0463, -0.0966, -0.0031, 0.0261] err_to_target=0.0321 (read 41ms)
2026-08-25 14:15:59.510 [B/7] fb ok t+11.566 j=[0.6995, -0.2454, 2.0463, -0.0966, -0.0031, 0.0261] err_to_target=0.0321 (read 45ms)
2026-08-25 14:15:59.615 [B/7] fb ok t+11.666 j=[0.6995, -0.2454, 2.0463, -0.0966, -0.0031, 0.0261] err_to_target=0.0321 (read 49ms)
2026-08-25 14:15:59.719 [B/7] fb ok t+11.769 j=[0.6995, -0.2454, 2.0463, -0.0966, -0.0031, 0.0261] err_to_target=0.0321 (read 50ms)
2026-08-25 14:15:59.825 [B/7] fb ok t+11.872 j=[0.6995, -0.2454, 2.0463, -0.0966, -0.0031, 0.0261] err_to_target=0.0321 (read 53ms)
2026-08-25 14:15:59.930 [B/7] fb ok t+11.975 j=[0.6995, -0.2454, 2.0463, -0.0966, -0.0031, 0.0261] err_to_target=0.0321 (read 55ms)
2026-08-25 14:16:00.035 [B/7] fb ok t+12.078 j=[0.6995, -0.2454, 2.0463, -0.0966, -0.0031, 0.0261] err_to_target=0.0321 (read 57ms)
2026-08-25 14:16:00.140 [B/7] fb ok t+12.181 j=[0.6995, -0.2454, 2.0463, -0.0966, -0.0031, 0.0261] err_to_target=0.0321 (read 60ms)
2026-08-25 14:16:00.210 [B/7] fb ok t+12.283 j=[0.6995, -0.2454, 2.0463, -0.0966, -0.0031, 0.0261] err_to_target=0.0321 (read 28ms)
2026-08-25 14:16:00.315 [B/7] fb ok t+12.385 j=[0.6995, -0.2454, 2.0463, -0.0966, -0.0031, 0.0261] err_to_target=0.0321 (read 31ms)
2026-08-25 14:16:00.420 [B/7] fb ok t+12.489 j=[0.6995, -0.2454, 2.0463, -0.0966, -0.0031, 0.0261] err_to_target=0.0321 (read 32ms)
2026-08-25 14:15:58.604 [B/7] fb ok t+10.672 j=[0.6995, -0.2454, 2.0463, -0.0966, -0.0031, 0.0261] err_to_target=0.0321 (read 33ms)
2026-08-25 14:15:58.709 [B/7] fb ok t+10.776 j=[0.6995, -0.2454, 2.0463, -0.0966, -0.0031, 0.0261] err_to_target=0.0321 (read 34ms)
2026-08-25 14:15:58.814 [B/7] fb ok t+10.880 j=[0.6995, -0.2454, 2.0463, -0.0966, -0.0031, 0.0261] err_to_target=0.0321 (read 35ms)
2026-08-25 14:15:58.919 [B/7] fb ok t+10.984 j=[0.6995, -0.2454, 2.0463, -0.0966, -0.0031, 0.0261] err_to_target=0.0321 (read 36ms)
2026-08-25 14:15:59.024 [B/7] fb ok t+11.087 j=[0.6995, -0.2454, 2.0463, -0.0966, -0.0031, 0.0261] err_to_target=0.0321 (read 38ms)
2026-08-25 14:15:59.129 [B/7] fb ok t+11.190 j=[0.6995, -0.2454, 2.0463, -0.0966, -0.0031, 0.0261] err_to_target=0.0321 (read 40ms)
2026-08-25 14:15:59.234 [B/7] fb ok t+11.293 j=[0.6995, -0.2454, 2.0463, -0.0966, -0.0031, 0.0261] err_to_target=0.0321 (read 42ms)
2026-08-25 14:15:59.339 [B/7] fb ok t+11.393 j=[0.6995, -0.2454, 2.0463, -0.0966, -0.0031, 0.0261] err_to_target=0.0321 (read 47ms)
2026-08-25 14:15:59.444 [B/7] fb ok t+11.494 j=[0.6995, -0.2454, 2.0463, -0.0966, -0.0031, 0.0261] err_to_target=0.0321 (read 50ms)
2026-08-25 14:15:59.549 [B/7] fb ok t+11.597 j=[0.6995, -0.2454, 2.0463, -0.0966, -0.0031, 0.0261] err_to_target=0.0321 (read 53ms)
2026-08-25 14:15:59.654 [B/7] fb ok t+11.698 j=[0.6995, -0.2454, 2.0463, -0.0966, -0.0031, 0.0261] err_to_target=0.0321 (read 56ms)
2026-08-25 14:15:59.759 [B/7] fb ok t+11.801 j=[0.6995, -0.2454, 2.0463, -0.0966, -0.0031, 0.0261] err_to_target=0.0321 (read 59ms)
2026-08-25 14:15:59.830 [B/7] fb ok t+11.903 j=[0.6995, -0.2454, 2.0463, -0.0966, -0.0031, 0.0261] err_to_target=0.0321 (read 27ms)
2026-08-25 14:15:59.935 [B/7] fb ok t+12.008 j=[0.6995, -0.2454, 2.0463, -0.0966, -0.0031, 0.0261] err_to_target=0.0321 (read 27ms)
2026-08-25 14:16:00.040 [B/7] fb ok t+12.110 j=[0.6995, -0.2454, 2.0463, -0.0966, -0.0031, 0.0261] err_to_target=0.0321 (read 31ms)
2026-08-25 14:16:00.145 [B/7] fb ok t+12.212 j=[0.6995, -0.2454, 2.0463, -0.0966, -0.0031, 0.0261] err_to_target=0.0321 (read 34ms)
2026-08-25 14:16:00.250 [B/7] fb ok t+12.315 j=[0.6995, -0.2454, 2.0463, -0.0966, -0.0031, 0.0261] err_to_target=0.0321 (read 36ms)
2026-08-25 14:16:00.355 [B/7] fb ok t+12.416 j=[0.6995, -0.2454, 2.0463, -0.0966, -0.0031, 0.0261] err_to_target=0.0321 (read 40ms)
2026-08-25 14:16:00.460 [B/7] fb ok t+12.520 j=[0.6995, -0.2454, 2.0463, -0.0966, -0.0031, 0.0261] err_to_target=0.0321 (read 41ms)
2026-08-25 14:16:00.565 [B/7] fb ok t+12.621 j=[0.6995, -0.2454, 2.0463, -0.0966, -0.0031, 0.0261] err_to_target=0.0321 (read 45ms)
2026-08-25 14:16:00.670 [B/7] fb ok t+12.724 j=[0.6995, -0.2454, 2.0463, -0.0966, -0.0031, 0.0261] err_to_target=0.0321 (read 47ms)
2026-08-25 14:16:00.775 [B/7] fb ok t+12.827 j=[0.6995, -0.2454, 2.0463, -0.0966, -0.0031, 0.0261] err_to_target=0.0321 (read 48ms)
2026-08-25 14:16:00.880 [B/7] fb ok t+12.930 j=[0.6995, -0.2454, 2.0463, -0.0966, -0.0031, 0.0261] err_to_target=0.0321 (read 50ms)
2026-08-25 14:16:00.985 [B/7] fb ok t+13.034 j=[0.6995, -0.2454, 2.0463, -0.0966, -0.0031, 0.0261] err_to_target=0.0321 (read 52ms)
2026-08-25 14:16:01.090 [B/7] fb ok t+13.136 j=[0.6995, -0.2454, 2.0463, -0.0966, -0.0031, 0.0261] err_to_target=0.0321 (read 54ms)
2026-08-25 14:16:01.195 [B/7] fb ok t+13.239 j=[0.6995, -0.2454, 2.0463, -0.0966, -0.0031, 0.0261] err_to_target=0.0321 (read 56ms)
2026-08-25 14:16:01.300 [B/7] fb ok t+13.342 j=[0.6995, -0.2454, 2.0463, -0.0966, -0.0031, 0.0261] err_to_target=0.0321 (read 59ms)
2026-08-25 14:16:01.371 [B/7] fb ok t+13.444 j=[0.6995, -0.2454, 2.0463, -0.0966, -0.0031, 0.0261] err_to_target=0.0321 (read 27ms)
2026-08-25 14:16:01.476 [B/7] fb ok t+13.549 j=[0.6995, -0.2454, 2.0463, -0.0966, -0.0031, 0.0261] err_to_target=0.0321 (read 27ms)
2026-08-25 14:16:01.581 [B/7] fb ok t+13.653 j=[0.6995, -0.2454, 2.0463, -0.0966, -0.0031, 0.0261] err_to_target=0.0321 (read 28ms)
2026-08-25 14:16:01.686 [B/7] fb ok t+13.758 j=[0.6995, -0.2454, 2.0463, -0.0966, -0.0031, 0.0261] err_to_target=0.0321 (read 28ms)
2026-08-25 14:16:01.791 [B/7] fb ok t+13.862 j=[0.6995, -0.2454, 2.0463, -0.0966, -0.0031, 0.0261] err_to_target=0.0321 (read 29ms)
2026-08-25 14:16:01.896 [B/7] fb ok t+13.964 j=[0.6995, -0.2454, 2.0463, -0.0966, -0.0031, 0.0261] err_to_target=0.0321 (read 33ms)
2026-08-25 14:16:02.001 [B/7] fb ok t+14.068 j=[0.6995, -0.2454, 2.0463, -0.0966, -0.0031, 0.0261] err_to_target=0.0321 (read 34ms)
2026-08-25 14:16:02.106 [B/7] fb ok t+14.172 j=[0.6995, -0.2454, 2.0463, -0.0966, -0.0031, 0.0261] err_to_target=0.0321 (read 35ms)
2026-08-25 14:16:02.211 [B/7] fb ok t+14.276 j=[0.6995, -0.2454, 2.0463, -0.0966, -0.0031, 0.0261] err_to_target=0.0321 (read 36ms)
2026-08-25 14:16:02.316 [B/7] fb ok t+14.380 j=[0.6995, -0.2454, 2.0463, -0.0966, -0.0031, 0.0261] err_to_target=0.0321 (read 37ms)
2026-08-25 14:16:02.421 [B/7] fb ok t+14.481 j=[0.6995, -0.2454, 2.0463, -0.0966, -0.0031, 0.0261] err_to_target=0.0321 (read 41ms)
2026-08-25 14:16:02.527 [B/7] fb ok t+14.585 j=[0.6995, -0.2454, 2.0463, -0.0966, -0.0031, 0.0261] err_to_target=0.0321 (read 42ms)
2026-08-25 14:16:02.632 [B/7] fb ok t+14.689 j=[0.6995, -0.2454, 2.0463, -0.0966, -0.0031, 0.0261] err_to_target=0.0321 (read 44ms)
2026-08-25 14:16:02.737 [B/7] fb ok t+14.792 j=[0.6995, -0.2454, 2.0463, -0.0966, -0.0031, 0.0261] err_to_target=0.0321 (read 45ms)
2026-08-25 14:16:02.841 [B/7] fb ok t+14.895 j=[0.6995, -0.2454, 2.0463, -0.0966, -0.0031, 0.0261] err_to_target=0.0321 (read 47ms)
2026-08-25 14:16:02.946 [B/7] fb ok t+14.996 j=[0.6995, -0.2454, 2.0463, -0.0966, -0.0031, 0.0261] err_to_target=0.0321 (read 51ms)
2026-08-25 14:16:23.125 [B/8]pre SETUP move to [0.6674, -0.2531, 2.0371, -0.0918, -0.0031, 0.0261] (repeated target, not measured)
2026-08-25 14:16:58.259 [B/8]pre SETUP done sends=66 settled=False final=[0.6995, -0.2454, 2.0463, -0.0966, -0.0031, 0.0261]
2026-08-25 14:16:58.259 [B/8]pre WARNING: setup move did not settle; continuing (pose drift possible)
2026-08-25 14:16:58.259 [B/8] dwell 3.0s before send
2026-08-25 14:16:59.709 [B/8] SENT T=102 B->A target=[0.7547, -0.2531, 2.0371, -0.1442, -0.0031, 0.0261] ([43.24, -14.5, 116.72, -8.26, -0.18, 1.5]) speed=1000 acc=50 ret=b'{"T": 102, "base": 0.7547, "shoulder": -0.2531, "elbow": 2.0371, "wrist": -0.1442, "roll": -0.0031, "hand": 3.115492653589793, "spd": 1000, "acc": 50}\n'
2026-08-25 14:16:59.743 [B/8] fb ok t+0.018 j=[0.6995, -0.2454, 2.0463, -0.0966, -0.0031, 0.0261] err_to_target=0.0552 (read 34ms)
2026-08-25 14:16:59.850 [B/8] fb ok t+0.123 j=[0.6995, -0.2454, 2.0463, -0.0966, -0.0031, 0.0261] err_to_target=0.0552 (read 37ms)
2026-08-25 14:16:59.957 [B/8] MOTION toward target (joint=wrist) latency=0.225s dev=0.0261
2026-08-25 14:16:59.957 [B/8] fb ok t+0.225 j=[0.7087, -0.2454, 2.0463, -0.1227, -0.0031, 0.0261] err_to_target=0.0460 (read 42ms)
2026-08-25 14:17:00.062 [B/8] fb ok t+0.328 j=[0.7256, -0.2454, 2.0463, -0.1289, -0.0031, 0.0261] err_to_target=0.0291 (read 43ms)
2026-08-25 14:17:00.167 [B/8] fb ok t+0.431 j=[0.7256, -0.2454, 2.0463, -0.1289, -0.0031, 0.0261] err_to_target=0.0291 (read 46ms)
2026-08-25 14:17:00.272 [B/8] fb ok t+0.534 j=[0.7256, -0.2454, 2.0463, -0.1289, -0.0031, 0.0261] err_to_target=0.0291 (read 47ms)
2026-08-25 14:17:00.377 [B/8] fb ok t+0.637 j=[0.7256, -0.2454, 2.0463, -0.1289, -0.0031, 0.0261] err_to_target=0.0291 (read 49ms)
2026-08-25 14:17:00.482 [B/8] fb ok t+0.740 j=[0.7256, -0.2454, 2.0463, -0.1289, -0.0031, 0.0261] err_to_target=0.0291 (read 52ms)
2026-08-25 14:17:00.587 [B/8] fb ok t+0.843 j=[0.7256, -0.2454, 2.0463, -0.1289, -0.0031, 0.0261] err_to_target=0.0291 (read 54ms)
2026-08-25 14:17:00.692 [B/8] fb ok t+0.943 j=[0.7256, -0.2454, 2.0463, -0.1289, -0.0031, 0.0261] err_to_target=0.0291 (read 58ms)
2026-08-25 14:17:00.763 [B/8] fb ok t+1.046 j=[0.7256, -0.2454, 2.0463, -0.1289, -0.0031, 0.0261] err_to_target=0.0291 (read 27ms)
2026-08-25 14:17:00.868 [B/8] fb ok t+1.150 j=[0.7256, -0.2454, 2.0463, -0.1289, -0.0031, 0.0261] err_to_target=0.0291 (read 27ms)
2026-08-25 14:17:00.973 [B/8] fb ok t+1.255 j=[0.7256, -0.2454, 2.0463, -0.1289, -0.0031, 0.0261] err_to_target=0.0291 (read 28ms)
2026-08-25 14:17:01.078 [B/8] fb ok t+1.356 j=[0.7256, -0.2454, 2.0463, -0.1289, -0.0031, 0.0261] err_to_target=0.0291 (read 31ms)
2026-08-25 14:17:01.183 [B/8] fb ok t+1.461 j=[0.7256, -0.2454, 2.0463, -0.1289, -0.0031, 0.0261] err_to_target=0.0291 (read 32ms)
2026-08-25 14:17:01.288 [B/8] fb ok t+1.565 j=[0.7256, -0.2454, 2.0463, -0.1289, -0.0031, 0.0261] err_to_target=0.0291 (read 32ms)
2026-08-25 14:17:01.393 [B/8] fb ok t+1.668 j=[0.7256, -0.2454, 2.0463, -0.1289, -0.0031, 0.0261] err_to_target=0.0291 (read 34ms)
2026-08-25 14:17:01.498 [B/8] fb ok t+1.772 j=[0.7256, -0.2454, 2.0463, -0.1289, -0.0031, 0.0261] err_to_target=0.0291 (read 35ms)
2026-08-25 14:17:01.603 [B/8] fb ok t+1.876 j=[0.7256, -0.2454, 2.0463, -0.1289, -0.0031, 0.0261] err_to_target=0.0291 (read 36ms)
2026-08-25 14:17:01.708 [B/8] fb ok t+1.978 j=[0.7256, -0.2454, 2.0463, -0.1289, -0.0031, 0.0261] err_to_target=0.0291 (read 40ms)
2026-08-25 14:17:01.813 [B/8] fb ok t+2.079 j=[0.7256, -0.2454, 2.0463, -0.1289, -0.0031, 0.0261] err_to_target=0.0291 (read 44ms)
2026-08-25 14:17:01.918 [B/8] fb ok t+2.182 j=[0.7256, -0.2454, 2.0463, -0.1289, -0.0031, 0.0261] err_to_target=0.0291 (read 45ms)
2026-08-25 14:17:02.023 [B/8] fb ok t+2.285 j=[0.7256, -0.2454, 2.0463, -0.1289, -0.0031, 0.0261] err_to_target=0.0291 (read 48ms)
2026-08-25 14:17:02.128 [B/8] fb ok t+2.388 j=[0.7256, -0.2454, 2.0463, -0.1289, -0.0031, 0.0261] err_to_target=0.0291 (read 50ms)
2026-08-25 14:17:02.233 [B/8] fb ok t+2.491 j=[0.7256, -0.2454, 2.0463, -0.1289, -0.0031, 0.0261] err_to_target=0.0291 (read 52ms)
2026-08-25 14:17:02.338 [B/8] fb ok t+2.591 j=[0.7256, -0.2454, 2.0463, -0.1289, -0.0031, 0.0261] err_to_target=0.0291 (read 57ms)
2026-08-25 14:17:02.443 [B/8] fb ok t+2.694 j=[0.7256, -0.2454, 2.0463, -0.1289, -0.0031, 0.0261] err_to_target=0.0291 (read 59ms)
2026-08-25 14:17:02.514 [B/8] fb ok t+2.796 j=[0.7256, -0.2454, 2.0463, -0.1289, -0.0031, 0.0261] err_to_target=0.0291 (read 27ms)
2026-08-25 14:17:02.619 [B/8] fb ok t+2.901 j=[0.7256, -0.2454, 2.0463, -0.1289, -0.0031, 0.0261] err_to_target=0.0291 (read 27ms)
2026-08-25 14:17:02.724 [B/8] fb ok t+3.005 j=[0.7256, -0.2454, 2.0463, -0.1289, -0.0031, 0.0261] err_to_target=0.0291 (read 28ms)
2026-08-25 14:17:02.829 [B/8] fb ok t+3.110 j=[0.7256, -0.2454, 2.0463, -0.1289, -0.0031, 0.0261] err_to_target=0.0291 (read 29ms)
2026-08-25 14:17:02.934 [B/8] fb ok t+3.214 j=[0.7256, -0.2454, 2.0463, -0.1289, -0.0031, 0.0261] err_to_target=0.0291 (read 30ms)
2026-08-25 14:17:03.039 [B/8] fb ok t+3.318 j=[0.7256, -0.2454, 2.0463, -0.1289, -0.0031, 0.0261] err_to_target=0.0291 (read 31ms)
2026-08-25 14:17:03.144 [B/8] fb ok t+3.420 j=[0.7256, -0.2454, 2.0463, -0.1289, -0.0031, 0.0261] err_to_target=0.0291 (read 34ms)
2026-08-25 14:17:03.249 [B/8] fb ok t+3.521 j=[0.7256, -0.2454, 2.0463, -0.1289, -0.0031, 0.0261] err_to_target=0.0291 (read 37ms)
2026-08-25 14:17:03.354 [B/8] fb ok t+3.623 j=[0.7256, -0.2454, 2.0463, -0.1289, -0.0031, 0.0261] err_to_target=0.0291 (read 41ms)
2026-08-25 14:17:03.459 [B/8] fb ok t+3.727 j=[0.7256, -0.2454, 2.0463, -0.1289, -0.0031, 0.0261] err_to_target=0.0291 (read 42ms)
2026-08-25 14:17:03.564 [B/8] fb ok t+3.830 j=[0.7256, -0.2454, 2.0463, -0.1289, -0.0031, 0.0261] err_to_target=0.0291 (read 44ms)
2026-08-25 14:17:03.669 [B/8] fb ok t+3.931 j=[0.7256, -0.2454, 2.0463, -0.1289, -0.0031, 0.0261] err_to_target=0.0291 (read 48ms)
2026-08-25 14:17:03.774 [B/8] fb ok t+4.034 j=[0.7256, -0.2454, 2.0463, -0.1289, -0.0031, 0.0261] err_to_target=0.0291 (read 50ms)
2026-08-25 14:17:03.879 [B/8] fb ok t+4.137 j=[0.7256, -0.2454, 2.0463, -0.1289, -0.0031, 0.0261] err_to_target=0.0291 (read 52ms)
2026-08-25 14:17:03.984 [B/8] fb ok t+4.240 j=[0.7256, -0.2454, 2.0463, -0.1289, -0.0031, 0.0261] err_to_target=0.0291 (read 54ms)
2026-08-25 14:17:04.089 [B/8] fb ok t+4.343 j=[0.7256, -0.2454, 2.0463, -0.1289, -0.0031, 0.0261] err_to_target=0.0291 (read 56ms)
2026-08-25 14:17:04.194 [B/8] fb ok t+4.445 j=[0.7256, -0.2454, 2.0463, -0.1289, -0.0031, 0.0261] err_to_target=0.0291 (read 59ms)
2026-08-25 14:17:04.265 [B/8] fb ok t+4.548 j=[0.7256, -0.2454, 2.0463, -0.1289, -0.0031, 0.0261] err_to_target=0.0291 (read 26ms)
2026-08-25 14:17:04.370 [B/8] fb ok t+4.650 j=[0.7256, -0.2454, 2.0463, -0.1289, -0.0031, 0.0261] err_to_target=0.0291 (read 30ms)
2026-08-25 14:17:04.475 [B/8] fb ok t+4.752 j=[0.7256, -0.2454, 2.0463, -0.1289, -0.0031, 0.0261] err_to_target=0.0291 (read 33ms)
2026-08-25 14:17:04.580 [B/8] fb ok t+4.856 j=[0.7256, -0.2454, 2.0463, -0.1289, -0.0031, 0.0261] err_to_target=0.0291 (read 33ms)
2026-08-25 14:17:04.685 [B/8] fb ok t+4.958 j=[0.7256, -0.2454, 2.0463, -0.1289, -0.0031, 0.0261] err_to_target=0.0291 (read 36ms)
2026-08-25 14:17:04.790 [B/8] fb ok t+5.062 j=[0.7256, -0.2454, 2.0463, -0.1289, -0.0031, 0.0261] err_to_target=0.0291 (read 38ms)
2026-08-25 14:17:04.895 [B/8] fb ok t+5.166 j=[0.7256, -0.2454, 2.0463, -0.1289, -0.0031, 0.0261] err_to_target=0.0291 (read 39ms)
2026-08-25 14:17:05.000 [B/8] fb ok t+5.267 j=[0.7256, -0.2454, 2.0463, -0.1289, -0.0031, 0.0261] err_to_target=0.0291 (read 43ms)
2026-08-25 14:17:05.105 [B/8] fb ok t+5.370 j=[0.7256, -0.2454, 2.0463, -0.1289, -0.0031, 0.0261] err_to_target=0.0291 (read 45ms)
2026-08-25 14:17:05.210 [B/8] fb ok t+5.474 j=[0.7256, -0.2454, 2.0463, -0.1289, -0.0031, 0.0261] err_to_target=0.0291 (read 46ms)
2026-08-25 14:17:05.315 [B/8] fb ok t+5.577 j=[0.7256, -0.2454, 2.0463, -0.1289, -0.0031, 0.0261] err_to_target=0.0291 (read 48ms)
2026-08-25 14:17:05.420 [B/8] fb ok t+5.679 j=[0.7256, -0.2454, 2.0463, -0.1289, -0.0031, 0.0261] err_to_target=0.0291 (read 51ms)
2026-08-25 14:17:05.525 [B/8] fb ok t+5.782 j=[0.7256, -0.2454, 2.0463, -0.1289, -0.0031, 0.0261] err_to_target=0.0291 (read 52ms)
2026-08-25 14:17:05.630 [B/8] fb ok t+5.883 j=[0.7256, -0.2454, 2.0463, -0.1289, -0.0031, 0.0261] err_to_target=0.0291 (read 57ms)
2026-08-25 14:17:05.701 [B/8] fb ok t+5.983 j=[0.7256, -0.2454, 2.0463, -0.1289, -0.0031, 0.0261] err_to_target=0.0291 (read 27ms)
2026-08-25 14:17:05.806 [B/8] fb ok t+6.087 j=[0.7256, -0.2454, 2.0463, -0.1289, -0.0031, 0.0261] err_to_target=0.0291 (read 28ms)
2026-08-25 14:17:05.911 [B/8] fb ok t+6.192 j=[0.7256, -0.2454, 2.0463, -0.1289, -0.0031, 0.0261] err_to_target=0.0291 (read 29ms)
2026-08-25 14:17:06.016 [B/8] fb ok t+6.294 j=[0.7256, -0.2454, 2.0463, -0.1289, -0.0031, 0.0261] err_to_target=0.0291 (read 32ms)
2026-08-25 14:17:06.121 [B/8] fb ok t+6.398 j=[0.7256, -0.2454, 2.0463, -0.1289, -0.0031, 0.0261] err_to_target=0.0291 (read 32ms)
2026-08-25 14:17:06.226 [B/8] fb ok t+6.502 j=[0.7256, -0.2454, 2.0463, -0.1289, -0.0031, 0.0261] err_to_target=0.0291 (read 34ms)
2026-08-25 14:17:06.331 [B/8] fb ok t+6.603 j=[0.7256, -0.2454, 2.0463, -0.1289, -0.0031, 0.0261] err_to_target=0.0291 (read 38ms)
2026-08-25 14:17:06.436 [B/8] fb ok t+6.704 j=[0.7256, -0.2454, 2.0463, -0.1289, -0.0031, 0.0261] err_to_target=0.0291 (read 42ms)
2026-08-25 14:17:06.541 [B/8] fb ok t+6.807 j=[0.7256, -0.2454, 2.0463, -0.1289, -0.0031, 0.0261] err_to_target=0.0291 (read 43ms)
2026-08-25 14:17:06.646 [B/8] fb ok t+6.911 j=[0.7256, -0.2454, 2.0463, -0.1289, -0.0031, 0.0261] err_to_target=0.0291 (read 45ms)
2026-08-25 14:17:06.751 [B/8] fb ok t+7.014 j=[0.7256, -0.2454, 2.0463, -0.1289, -0.0031, 0.0261] err_to_target=0.0291 (read 46ms)
2026-08-25 14:17:06.856 [B/8] fb ok t+7.115 j=[0.7256, -0.2454, 2.0463, -0.1289, -0.0031, 0.0261] err_to_target=0.0291 (read 51ms)
2026-08-25 14:17:06.961 [B/8] fb ok t+7.218 j=[0.7256, -0.2454, 2.0463, -0.1289, -0.0031, 0.0261] err_to_target=0.0291 (read 53ms)
2026-08-25 14:17:07.066 [B/8] fb ok t+7.321 j=[0.7256, -0.2454, 2.0463, -0.1289, -0.0031, 0.0261] err_to_target=0.0291 (read 55ms)
2026-08-25 14:17:07.172 [B/8] fb ok t+7.424 j=[0.7256, -0.2454, 2.0463, -0.1289, -0.0031, 0.0261] err_to_target=0.0291 (read 57ms)
2026-08-25 14:17:07.276 [B/8] fb ok t+7.526 j=[0.7256, -0.2454, 2.0463, -0.1289, -0.0031, 0.0261] err_to_target=0.0291 (read 60ms)
2026-08-25 14:17:07.347 [B/8] fb ok t+7.628 j=[0.7256, -0.2454, 2.0463, -0.1289, -0.0031, 0.0261] err_to_target=0.0291 (read 29ms)
2026-08-25 14:17:07.452 [B/8] fb ok t+7.730 j=[0.7256, -0.2454, 2.0463, -0.1289, -0.0031, 0.0261] err_to_target=0.0291 (read 31ms)
2026-08-25 14:17:07.557 [B/8] fb ok t+7.831 j=[0.7256, -0.2454, 2.0463, -0.1289, -0.0031, 0.0261] err_to_target=0.0291 (read 35ms)
2026-08-25 14:17:07.662 [B/8] fb ok t+7.932 j=[0.7256, -0.2454, 2.0463, -0.1289, -0.0031, 0.0261] err_to_target=0.0291 (read 40ms)
2026-08-25 14:17:07.767 [B/8] fb ok t+8.035 j=[0.7256, -0.2454, 2.0463, -0.1289, -0.0031, 0.0261] err_to_target=0.0291 (read 41ms)
2026-08-25 14:17:07.872 [B/8] fb ok t+8.137 j=[0.7256, -0.2454, 2.0463, -0.1289, -0.0031, 0.0261] err_to_target=0.0291 (read 45ms)
2026-08-25 14:17:07.977 [B/8] fb ok t+8.240 j=[0.7256, -0.2454, 2.0463, -0.1289, -0.0031, 0.0261] err_to_target=0.0291 (read 47ms)
2026-08-25 14:17:08.082 [B/8] fb ok t+8.343 j=[0.7256, -0.2454, 2.0463, -0.1289, -0.0031, 0.0261] err_to_target=0.0291 (read 49ms)
2026-08-25 14:17:08.187 [B/8] fb ok t+8.444 j=[0.7256, -0.2454, 2.0463, -0.1289, -0.0031, 0.0261] err_to_target=0.0291 (read 53ms)
2026-08-25 14:17:08.293 [B/8] fb ok t+8.547 j=[0.7256, -0.2454, 2.0463, -0.1289, -0.0031, 0.0261] err_to_target=0.0291 (read 56ms)
2026-08-25 14:17:08.398 [B/8] fb ok t+8.649 j=[0.7256, -0.2454, 2.0463, -0.1289, -0.0031, 0.0261] err_to_target=0.0291 (read 58ms)
2026-08-25 14:17:08.469 [B/8] fb ok t+8.752 j=[0.7256, -0.2454, 2.0463, -0.1289, -0.0031, 0.0261] err_to_target=0.0291 (read 26ms)
2026-08-25 14:17:08.574 [B/8] fb ok t+8.857 j=[0.7256, -0.2454, 2.0463, -0.1289, -0.0031, 0.0261] err_to_target=0.0291 (read 27ms)
2026-08-25 14:17:08.680 [B/8] fb ok t+8.958 j=[0.7256, -0.2454, 2.0463, -0.1289, -0.0031, 0.0261] err_to_target=0.0291 (read 31ms)
2026-08-25 14:17:08.785 [B/8] fb ok t+9.062 j=[0.7256, -0.2454, 2.0463, -0.1289, -0.0031, 0.0261] err_to_target=0.0291 (read 32ms)
2026-08-25 14:17:08.890 [B/8] fb ok t+9.167 j=[0.7256, -0.2454, 2.0463, -0.1289, -0.0031, 0.0261] err_to_target=0.0291 (read 33ms)
2026-08-25 14:17:08.995 [B/8] fb ok t+9.270 j=[0.7256, -0.2454, 2.0463, -0.1289, -0.0031, 0.0261] err_to_target=0.0291 (read 35ms)
2026-08-25 14:17:09.101 [B/8] fb ok t+9.374 j=[0.7256, -0.2454, 2.0463, -0.1289, -0.0031, 0.0261] err_to_target=0.0291 (read 36ms)
2026-08-25 14:17:09.206 [B/8] fb ok t+9.478 j=[0.7256, -0.2454, 2.0463, -0.1289, -0.0031, 0.0261] err_to_target=0.0291 (read 37ms)
2026-08-25 14:17:09.311 [B/8] fb ok t+9.582 j=[0.7256, -0.2454, 2.0463, -0.1289, -0.0031, 0.0261] err_to_target=0.0291 (read 39ms)
2026-08-25 14:17:09.417 [B/8] fb ok t+9.685 j=[0.7256, -0.2454, 2.0463, -0.1289, -0.0031, 0.0261] err_to_target=0.0291 (read 41ms)
2026-08-25 14:17:09.522 [B/8] fb ok t+9.789 j=[0.7256, -0.2454, 2.0463, -0.1289, -0.0031, 0.0261] err_to_target=0.0291 (read 42ms)
2026-08-25 14:17:09.628 [B/8] fb ok t+9.893 j=[0.7256, -0.2454, 2.0463, -0.1289, -0.0031, 0.0261] err_to_target=0.0291 (read 44ms)
2026-08-25 14:17:09.733 [B/8] fb ok t+9.996 j=[0.7256, -0.2454, 2.0463, -0.1289, -0.0031, 0.0261] err_to_target=0.0291 (read 46ms)
2026-08-25 14:17:09.838 [B/8] fb ok t+10.097 j=[0.7256, -0.2454, 2.0463, -0.1289, -0.0031, 0.0261] err_to_target=0.0291 (read 50ms)
2026-08-25 14:17:09.943 [B/8] fb ok t+10.201 j=[0.7256, -0.2454, 2.0463, -0.1289, -0.0031, 0.0261] err_to_target=0.0291 (read 52ms)
2026-08-25 14:17:10.049 [B/8] fb ok t+10.303 j=[0.7256, -0.2454, 2.0463, -0.1289, -0.0031, 0.0261] err_to_target=0.0291 (read 55ms)
2026-08-25 14:17:10.154 [B/8] fb ok t+10.406 j=[0.7256, -0.2454, 2.0463, -0.1289, -0.0031, 0.0261] err_to_target=0.0291 (read 57ms)
2026-08-25 14:17:10.259 [B/8] fb ok t+10.509 j=[0.7256, -0.2454, 2.0463, -0.1289, -0.0031, 0.0261] err_to_target=0.0291 (read 60ms)
2026-08-25 14:17:10.330 [B/8] fb ok t+10.611 j=[0.7256, -0.2454, 2.0463, -0.1289, -0.0031, 0.0261] err_to_target=0.0291 (read 28ms)
2026-08-25 14:17:10.435 [B/8] fb ok t+10.716 j=[0.7256, -0.2454, 2.0463, -0.1289, -0.0031, 0.0261] err_to_target=0.0291 (read 29ms)
2026-08-25 14:17:10.541 [B/8] fb ok t+10.821 j=[0.7256, -0.2454, 2.0463, -0.1289, -0.0031, 0.0261] err_to_target=0.0291 (read 30ms)
2026-08-25 14:17:10.646 [B/8] fb ok t+10.922 j=[0.7256, -0.2454, 2.0463, -0.1289, -0.0031, 0.0261] err_to_target=0.0291 (read 33ms)
2026-08-25 14:17:10.752 [B/8] fb ok t+11.027 j=[0.7256, -0.2454, 2.0463, -0.1289, -0.0031, 0.0261] err_to_target=0.0291 (read 35ms)
2026-08-25 14:17:10.857 [B/8] fb ok t+11.131 j=[0.7256, -0.2454, 2.0463, -0.1289, -0.0031, 0.0261] err_to_target=0.0291 (read 35ms)
2026-08-25 14:17:10.962 [B/8] fb ok t+11.235 j=[0.7256, -0.2454, 2.0463, -0.1289, -0.0031, 0.0261] err_to_target=0.0291 (read 37ms)
2026-08-25 14:17:11.067 [B/8] fb ok t+11.339 j=[0.7256, -0.2454, 2.0463, -0.1289, -0.0031, 0.0261] err_to_target=0.0291 (read 38ms)
2026-08-25 14:17:11.173 [B/8] fb ok t+11.443 j=[0.7256, -0.2454, 2.0463, -0.1289, -0.0031, 0.0261] err_to_target=0.0291 (read 40ms)
2026-08-25 14:17:11.278 [B/8] fb ok t+11.547 j=[0.7256, -0.2454, 2.0463, -0.1289, -0.0031, 0.0261] err_to_target=0.0291 (read 41ms)
2026-08-25 14:17:11.384 [B/8] fb ok t+11.650 j=[0.7256, -0.2454, 2.0463, -0.1289, -0.0031, 0.0261] err_to_target=0.0291 (read 43ms)
2026-08-25 14:17:11.489 [B/8] fb ok t+11.754 j=[0.7256, -0.2454, 2.0463, -0.1289, -0.0031, 0.0261] err_to_target=0.0291 (read 44ms)
2026-08-25 14:17:11.594 [B/8] fb ok t+11.857 j=[0.7256, -0.2454, 2.0463, -0.1289, -0.0031, 0.0261] err_to_target=0.0291 (read 46ms)
2026-08-25 14:17:11.699 [B/8] fb ok t+11.961 j=[0.7256, -0.2454, 2.0463, -0.1289, -0.0031, 0.0261] err_to_target=0.0291 (read 48ms)
2026-08-25 14:17:11.805 [B/8] fb ok t+12.064 j=[0.7256, -0.2454, 2.0463, -0.1289, -0.0031, 0.0261] err_to_target=0.0291 (read 50ms)
2026-08-25 14:17:11.910 [B/8] fb ok t+12.167 j=[0.7256, -0.2454, 2.0463, -0.1289, -0.0031, 0.0261] err_to_target=0.0291 (read 52ms)
2026-08-25 14:17:12.015 [B/8] fb ok t+12.270 j=[0.7256, -0.2454, 2.0463, -0.1289, -0.0031, 0.0261] err_to_target=0.0291 (read 54ms)
2026-08-25 14:17:12.121 [B/8] fb ok t+12.373 j=[0.7256, -0.2454, 2.0463, -0.1289, -0.0031, 0.0261] err_to_target=0.0291 (read 57ms)
2026-08-25 14:17:12.226 [B/8] fb ok t+12.476 j=[0.7256, -0.2454, 2.0463, -0.1289, -0.0031, 0.0261] err_to_target=0.0291 (read 60ms)
2026-08-25 14:17:12.297 [B/8] fb ok t+12.578 j=[0.7256, -0.2454, 2.0463, -0.1289, -0.0031, 0.0261] err_to_target=0.0291 (read 28ms)
2026-08-25 14:17:12.402 [B/8] fb ok t+12.680 j=[0.7256, -0.2454, 2.0463, -0.1289, -0.0031, 0.0261] err_to_target=0.0291 (read 32ms)
2026-08-25 14:17:12.507 [B/8] fb ok t+12.784 j=[0.7256, -0.2454, 2.0463, -0.1289, -0.0031, 0.0261] err_to_target=0.0291 (read 33ms)
2026-08-25 14:17:12.612 [B/8] fb ok t+12.888 j=[0.7256, -0.2454, 2.0463, -0.1289, -0.0031, 0.0261] err_to_target=0.0291 (read 34ms)
2026-08-25 14:17:12.718 [B/8] fb ok t+12.993 j=[0.7256, -0.2454, 2.0463, -0.1289, -0.0031, 0.0261] err_to_target=0.0291 (read 35ms)
2026-08-25 14:17:12.823 [B/8] fb ok t+13.097 j=[0.7256, -0.2454, 2.0463, -0.1289, -0.0031, 0.0261] err_to_target=0.0291 (read 36ms)
2026-08-25 14:17:12.929 [B/8] fb ok t+13.201 j=[0.7256, -0.2454, 2.0463, -0.1289, -0.0031, 0.0261] err_to_target=0.0291 (read 37ms)
2026-08-25 14:17:13.034 [B/8] fb ok t+13.305 j=[0.7256, -0.2454, 2.0463, -0.1289, -0.0031, 0.0261] err_to_target=0.0291 (read 39ms)
2026-08-25 14:17:13.139 [B/8] fb ok t+13.409 j=[0.7256, -0.2454, 2.0463, -0.1289, -0.0031, 0.0261] err_to_target=0.0291 (read 40ms)
2026-08-25 14:17:13.245 [B/8] fb ok t+13.510 j=[0.7256, -0.2454, 2.0463, -0.1289, -0.0031, 0.0261] err_to_target=0.0291 (read 44ms)
2026-08-25 14:17:13.350 [B/8] fb ok t+13.611 j=[0.7256, -0.2454, 2.0463, -0.1289, -0.0031, 0.0261] err_to_target=0.0291 (read 49ms)
2026-08-25 14:17:13.455 [B/8] fb ok t+13.714 j=[0.7256, -0.2454, 2.0463, -0.1289, -0.0031, 0.0261] err_to_target=0.0291 (read 51ms)
2026-08-25 14:17:13.560 [B/8] fb ok t+13.814 j=[0.7256, -0.2454, 2.0463, -0.1289, -0.0031, 0.0261] err_to_target=0.0291 (read 56ms)
2026-08-25 14:17:13.666 [B/8] fb ok t+13.917 j=[0.7256, -0.2454, 2.0463, -0.1289, -0.0031, 0.0261] err_to_target=0.0291 (read 58ms)
2026-08-25 14:17:13.736 [B/8] fb ok t+14.020 j=[0.7256, -0.2454, 2.0463, -0.1289, -0.0031, 0.0261] err_to_target=0.0291 (read 26ms)
2026-08-25 14:17:13.842 [B/8] fb ok t+14.125 j=[0.7256, -0.2454, 2.0463, -0.1289, -0.0031, 0.0261] err_to_target=0.0291 (read 27ms)
2026-08-25 14:17:13.947 [B/8] fb ok t+14.229 j=[0.7256, -0.2454, 2.0463, -0.1289, -0.0031, 0.0261] err_to_target=0.0291 (read 27ms)
2026-08-25 14:17:14.053 [B/8] fb ok t+14.334 j=[0.7256, -0.2454, 2.0463, -0.1289, -0.0031, 0.0261] err_to_target=0.0291 (read 28ms)
2026-08-25 14:17:14.158 [B/8] fb ok t+14.438 j=[0.7256, -0.2454, 2.0463, -0.1289, -0.0031, 0.0261] err_to_target=0.0291 (read 29ms)
2026-08-25 14:17:14.263 [B/8] fb ok t+14.543 j=[0.7256, -0.2454, 2.0463, -0.1289, -0.0031, 0.0261] err_to_target=0.0291 (read 30ms)
2026-08-25 14:17:14.369 [B/8] fb ok t+14.647 j=[0.7256, -0.2454, 2.0463, -0.1289, -0.0031, 0.0261] err_to_target=0.0291 (read 31ms)
2026-08-25 14:17:14.474 [B/8] fb ok t+14.752 j=[0.7256, -0.2454, 2.0463, -0.1289, -0.0031, 0.0261] err_to_target=0.0291 (read 32ms)
2026-08-25 14:17:14.579 [B/8] fb ok t+14.856 j=[0.7256, -0.2454, 2.0463, -0.1289, -0.0031, 0.0261] err_to_target=0.0291 (read 33ms)
2026-08-25 14:17:14.685 [B/8] fb ok t+14.958 j=[0.7256, -0.2454, 2.0463, -0.1289, -0.0031, 0.0261] err_to_target=0.0291 (read 36ms)
2026-08-25 14:17:15.949 [B/9]pre already at target, no setup move needed
2026-08-25 14:17:15.949 [B/9] dwell 3.0s before send
2026-08-25 14:17:19.325 [B/9] SENT T=102 A->B target=[0.6674, -0.2531, 2.0371, -0.0918, -0.0031, 0.0261] ([38.24, -14.5, 116.72, -5.26, -0.18, 1.5]) speed=1000 acc=50 ret=b'{"T": 102, "base": 0.6674335374002835, "shoulder": -0.2531, "elbow": 2.0371, "wrist": -0.0918401224401701, "roll": -0.0031, "hand": 3.115492653589793, "spd": 1000, "acc": 50}\n'
2026-08-25 14:17:19.357 [B/9] fb ok t+0.021 j=[0.7256, -0.2454, 2.0463, -0.1289, -0.0031, 0.0261] err_to_target=0.0581 (read 32ms)
2026-08-25 14:17:19.468 [B/9] fb ok t+0.126 j=[0.7256, -0.2454, 2.0463, -0.1289, -0.0031, 0.0261] err_to_target=0.0581 (read 38ms)
2026-08-25 14:17:19.574 [B/9] MOTION toward target (joint=wrist) latency=0.226s dev=0.0261
2026-08-25 14:17:19.574 [B/9] fb ok t+0.226 j=[0.7164, -0.2454, 2.0463, -0.1028, -0.0031, 0.0261] err_to_target=0.0489 (read 43ms)
2026-08-25 14:17:19.679 [B/9] fb ok t+0.330 j=[0.6995, -0.2454, 2.0463, -0.0966, -0.0031, 0.0261] err_to_target=0.0321 (read 44ms)
2026-08-25 14:17:19.784 [B/9] fb ok t+0.434 j=[0.6995, -0.2454, 2.0463, -0.0966, -0.0031, 0.0261] err_to_target=0.0321 (read 46ms)
2026-08-25 14:17:19.889 [B/9] fb ok t+0.537 j=[0.6995, -0.2454, 2.0463, -0.0966, -0.0031, 0.0261] err_to_target=0.0321 (read 48ms)
2026-08-25 14:17:19.995 [B/9] fb ok t+0.641 j=[0.6995, -0.2454, 2.0463, -0.0966, -0.0031, 0.0261] err_to_target=0.0321 (read 50ms)
2026-08-25 14:17:20.100 [B/9] fb ok t+0.744 j=[0.6995, -0.2454, 2.0463, -0.0966, -0.0031, 0.0261] err_to_target=0.0321 (read 52ms)
2026-08-25 14:17:20.206 [B/9] fb ok t+0.847 j=[0.6995, -0.2454, 2.0463, -0.0966, -0.0031, 0.0261] err_to_target=0.0321 (read 54ms)
2026-08-25 14:17:20.311 [B/9] fb ok t+0.950 j=[0.6995, -0.2454, 2.0463, -0.0966, -0.0031, 0.0261] err_to_target=0.0321 (read 57ms)
2026-08-25 14:17:20.382 [B/9] fb ok t+1.051 j=[0.6995, -0.2454, 2.0463, -0.0966, -0.0031, 0.0261] err_to_target=0.0321 (read 26ms)
2026-08-25 14:17:20.487 [B/9] fb ok t+1.156 j=[0.6995, -0.2454, 2.0463, -0.0966, -0.0031, 0.0261] err_to_target=0.0321 (read 27ms)
2026-08-25 14:17:20.592 [B/9] fb ok t+1.256 j=[0.6995, -0.2454, 2.0463, -0.0966, -0.0031, 0.0261] err_to_target=0.0321 (read 32ms)
2026-08-25 14:17:20.698 [B/9] fb ok t+1.358 j=[0.6995, -0.2454, 2.0463, -0.0966, -0.0031, 0.0261] err_to_target=0.0321 (read 36ms)
2026-08-25 14:17:20.803 [B/9] fb ok t+1.462 j=[0.6995, -0.2454, 2.0463, -0.0966, -0.0031, 0.0261] err_to_target=0.0321 (read 37ms)
2026-08-25 14:17:20.909 [B/9] fb ok t+1.566 j=[0.6995, -0.2454, 2.0463, -0.0966, -0.0031, 0.0261] err_to_target=0.0321 (read 38ms)
2026-08-25 14:17:21.014 [B/9] fb ok t+1.670 j=[0.6995, -0.2454, 2.0463, -0.0966, -0.0031, 0.0261] err_to_target=0.0321 (read 40ms)
2026-08-25 14:17:21.120 [B/9] fb ok t+1.771 j=[0.6995, -0.2454, 2.0463, -0.0966, -0.0031, 0.0261] err_to_target=0.0321 (read 44ms)
2026-08-25 14:17:21.225 [B/9] fb ok t+1.875 j=[0.6995, -0.2454, 2.0463, -0.0966, -0.0031, 0.0261] err_to_target=0.0321 (read 46ms)
2026-08-25 14:17:21.330 [B/9] fb ok t+1.978 j=[0.6995, -0.2454, 2.0463, -0.0966, -0.0031, 0.0261] err_to_target=0.0321 (read 48ms)
2026-08-25 14:17:21.435 [B/9] fb ok t+2.081 j=[0.6995, -0.2454, 2.0463, -0.0966, -0.0031, 0.0261] err_to_target=0.0321 (read 50ms)
2026-08-25 14:17:21.541 [B/9] fb ok t+2.182 j=[0.6995, -0.2454, 2.0463, -0.0966, -0.0031, 0.0261] err_to_target=0.0321 (read 54ms)
2026-08-25 14:17:21.646 [B/9] fb ok t+2.285 j=[0.6995, -0.2454, 2.0463, -0.0966, -0.0031, 0.0261] err_to_target=0.0321 (read 57ms)
2026-08-25 14:17:21.752 [B/9] fb ok t+2.388 j=[0.6995, -0.2454, 2.0463, -0.0966, -0.0031, 0.0261] err_to_target=0.0321 (read 59ms)
2026-08-25 14:17:21.822 [B/9] fb ok t+2.490 j=[0.6995, -0.2454, 2.0463, -0.0966, -0.0031, 0.0261] err_to_target=0.0321 (read 28ms)
2026-08-25 14:17:21.928 [B/9] fb ok t+2.595 j=[0.6995, -0.2454, 2.0463, -0.0966, -0.0031, 0.0261] err_to_target=0.0321 (read 28ms)
2026-08-25 14:17:22.033 [B/9] fb ok t+2.700 j=[0.6995, -0.2454, 2.0463, -0.0966, -0.0031, 0.0261] err_to_target=0.0321 (read 29ms)
2026-08-25 14:17:22.139 [B/9] fb ok t+2.804 j=[0.6995, -0.2454, 2.0463, -0.0966, -0.0031, 0.0261] err_to_target=0.0321 (read 30ms)
2026-08-25 14:17:22.244 [B/9] fb ok t+2.906 j=[0.6995, -0.2454, 2.0463, -0.0966, -0.0031, 0.0261] err_to_target=0.0321 (read 34ms)
2026-08-25 14:17:22.349 [B/9] fb ok t+3.006 j=[0.6995, -0.2454, 2.0463, -0.0966, -0.0031, 0.0261] err_to_target=0.0321 (read 39ms)
2026-08-25 14:17:22.455 [B/9] fb ok t+3.107 j=[0.6995, -0.2454, 2.0463, -0.0966, -0.0031, 0.0261] err_to_target=0.0321 (read 43ms)
2026-08-25 14:17:22.560 [B/9] fb ok t+3.211 j=[0.6995, -0.2454, 2.0463, -0.0966, -0.0031, 0.0261] err_to_target=0.0321 (read 45ms)
2026-08-25 14:17:22.666 [B/9] fb ok t+3.315 j=[0.6995, -0.2454, 2.0463, -0.0966, -0.0031, 0.0261] err_to_target=0.0321 (read 47ms)
2026-08-25 14:17:22.771 [B/9] fb ok t+3.417 j=[0.6995, -0.2454, 2.0463, -0.0966, -0.0031, 0.0261] err_to_target=0.0321 (read 50ms)
2026-08-25 14:17:22.876 [B/9] fb ok t+3.520 j=[0.6995, -0.2454, 2.0463, -0.0966, -0.0031, 0.0261] err_to_target=0.0321 (read 52ms)
2026-08-25 14:17:22.982 [B/9] fb ok t+3.623 j=[0.6995, -0.2454, 2.0463, -0.0966, -0.0031, 0.0261] err_to_target=0.0321 (read 54ms)
2026-08-25 14:17:23.087 [B/9] fb ok t+3.726 j=[0.6995, -0.2454, 2.0463, -0.0966, -0.0031, 0.0261] err_to_target=0.0321 (read 57ms)
2026-08-25 14:17:23.192 [B/9] fb ok t+3.829 j=[0.6995, -0.2454, 2.0463, -0.0966, -0.0031, 0.0261] err_to_target=0.0321 (read 60ms)
2026-08-25 14:17:23.263 [B/9] fb ok t+3.931 j=[0.6995, -0.2454, 2.0463, -0.0966, -0.0031, 0.0261] err_to_target=0.0321 (read 27ms)
2026-08-25 14:17:23.368 [B/9] fb ok t+4.036 j=[0.6995, -0.2454, 2.0463, -0.0966, -0.0031, 0.0261] err_to_target=0.0321 (read 28ms)
2026-08-25 14:17:23.474 [B/9] fb ok t+4.140 j=[0.6995, -0.2454, 2.0463, -0.0966, -0.0031, 0.0261] err_to_target=0.0321 (read 29ms)
2026-08-25 14:17:23.579 [B/9] fb ok t+4.242 j=[0.6995, -0.2454, 2.0463, -0.0966, -0.0031, 0.0261] err_to_target=0.0321 (read 33ms)
2026-08-25 14:17:23.685 [B/9] fb ok t+4.343 j=[0.6995, -0.2454, 2.0463, -0.0966, -0.0031, 0.0261] err_to_target=0.0321 (read 37ms)
2026-08-25 14:17:23.790 [B/9] fb ok t+4.444 j=[0.6995, -0.2454, 2.0463, -0.0966, -0.0031, 0.0261] err_to_target=0.0321 (read 41ms)
2026-08-25 14:17:23.895 [B/9] fb ok t+4.548 j=[0.6995, -0.2454, 2.0463, -0.0966, -0.0031, 0.0261] err_to_target=0.0321 (read 43ms)
2026-08-25 14:17:24.001 [B/9] fb ok t+4.652 j=[0.6995, -0.2454, 2.0463, -0.0966, -0.0031, 0.0261] err_to_target=0.0321 (read 45ms)
2026-08-25 14:17:24.106 [B/9] fb ok t+4.755 j=[0.6995, -0.2454, 2.0463, -0.0966, -0.0031, 0.0261] err_to_target=0.0321 (read 47ms)
2026-08-25 14:17:24.211 [B/9] fb ok t+4.859 j=[0.6995, -0.2454, 2.0463, -0.0966, -0.0031, 0.0261] err_to_target=0.0321 (read 48ms)
2026-08-25 14:17:24.317 [B/9] fb ok t+4.962 j=[0.6995, -0.2454, 2.0463, -0.0966, -0.0031, 0.0261] err_to_target=0.0321 (read 50ms)
2026-08-25 14:17:24.422 [B/9] fb ok t+5.065 j=[0.6995, -0.2454, 2.0463, -0.0966, -0.0031, 0.0261] err_to_target=0.0321 (read 52ms)
2026-08-25 14:17:24.527 [B/9] fb ok t+5.168 j=[0.6995, -0.2454, 2.0463, -0.0966, -0.0031, 0.0261] err_to_target=0.0321 (read 55ms)
2026-08-25 14:17:24.632 [B/9] fb ok t+5.271 j=[0.6995, -0.2454, 2.0463, -0.0966, -0.0031, 0.0261] err_to_target=0.0321 (read 57ms)
2026-08-25 14:17:24.737 [B/9] fb ok t+5.373 j=[0.6995, -0.2454, 2.0463, -0.0966, -0.0031, 0.0261] err_to_target=0.0321 (read 60ms)
2026-08-25 14:17:24.807 [B/9] fb ok t+5.476 j=[0.6995, -0.2454, 2.0463, -0.0966, -0.0031, 0.0261] err_to_target=0.0321 (read 27ms)
2026-08-25 14:17:24.913 [B/9] fb ok t+5.580 j=[0.6995, -0.2454, 2.0463, -0.0966, -0.0031, 0.0261] err_to_target=0.0321 (read 28ms)
2026-08-25 14:17:25.018 [B/9] fb ok t+5.685 j=[0.6995, -0.2454, 2.0463, -0.0966, -0.0031, 0.0261] err_to_target=0.0321 (read 28ms)
2026-08-25 14:17:25.123 [B/9] fb ok t+5.789 j=[0.6995, -0.2454, 2.0463, -0.0966, -0.0031, 0.0261] err_to_target=0.0321 (read 29ms)
2026-08-25 14:17:25.228 [B/9] fb ok t+5.893 j=[0.6995, -0.2454, 2.0463, -0.0966, -0.0031, 0.0261] err_to_target=0.0321 (read 30ms)
2026-08-25 14:17:25.333 [B/9] fb ok t+5.997 j=[0.6995, -0.2454, 2.0463, -0.0966, -0.0031, 0.0261] err_to_target=0.0321 (read 31ms)
2026-08-25 14:17:25.438 [B/9] fb ok t+6.101 j=[0.6995, -0.2454, 2.0463, -0.0966, -0.0031, 0.0261] err_to_target=0.0321 (read 33ms)
2026-08-25 14:17:25.543 [B/9] fb ok t+6.205 j=[0.6995, -0.2454, 2.0463, -0.0966, -0.0031, 0.0261] err_to_target=0.0321 (read 34ms)
2026-08-25 14:17:25.648 [B/9] fb ok t+6.307 j=[0.6995, -0.2454, 2.0463, -0.0966, -0.0031, 0.0261] err_to_target=0.0321 (read 37ms)
2026-08-25 14:17:25.753 [B/9] fb ok t+6.411 j=[0.6995, -0.2454, 2.0463, -0.0966, -0.0031, 0.0261] err_to_target=0.0321 (read 38ms)
2026-08-25 14:17:25.859 [B/9] fb ok t+6.514 j=[0.6995, -0.2454, 2.0463, -0.0966, -0.0031, 0.0261] err_to_target=0.0321 (read 40ms)
2026-08-25 14:17:25.964 [B/9] fb ok t+6.616 j=[0.6995, -0.2454, 2.0463, -0.0966, -0.0031, 0.0261] err_to_target=0.0321 (read 44ms)
2026-08-25 14:17:26.068 [B/9] fb ok t+6.717 j=[0.6995, -0.2454, 2.0463, -0.0966, -0.0031, 0.0261] err_to_target=0.0321 (read 47ms)
2026-08-25 14:17:26.173 [B/9] fb ok t+6.817 j=[0.6995, -0.2454, 2.0463, -0.0966, -0.0031, 0.0261] err_to_target=0.0321 (read 51ms)
2026-08-25 14:17:26.278 [B/9] fb ok t+6.920 j=[0.6995, -0.2454, 2.0463, -0.0966, -0.0031, 0.0261] err_to_target=0.0321 (read 54ms)
2026-08-25 14:17:26.384 [B/9] fb ok t+7.023 j=[0.6995, -0.2454, 2.0463, -0.0966, -0.0031, 0.0261] err_to_target=0.0321 (read 56ms)
2026-08-25 14:17:26.489 [B/9] fb ok t+7.126 j=[0.6995, -0.2454, 2.0463, -0.0966, -0.0031, 0.0261] err_to_target=0.0321 (read 58ms)
2026-08-25 14:17:26.559 [B/9] fb ok t+7.226 j=[0.6995, -0.2454, 2.0463, -0.0966, -0.0031, 0.0261] err_to_target=0.0321 (read 29ms)
2026-08-25 14:17:26.664 [B/9] fb ok t+7.328 j=[0.6995, -0.2454, 2.0463, -0.0966, -0.0031, 0.0261] err_to_target=0.0321 (read 32ms)
2026-08-25 14:17:26.769 [B/9] fb ok t+7.432 j=[0.6995, -0.2454, 2.0463, -0.0966, -0.0031, 0.0261] err_to_target=0.0321 (read 33ms)
2026-08-25 14:17:26.874 [B/9] fb ok t+7.536 j=[0.6995, -0.2454, 2.0463, -0.0966, -0.0031, 0.0261] err_to_target=0.0321 (read 34ms)
2026-08-25 14:17:26.979 [B/9] fb ok t+7.640 j=[0.6995, -0.2454, 2.0463, -0.0966, -0.0031, 0.0261] err_to_target=0.0321 (read 35ms)
2026-08-25 14:17:27.084 [B/9] fb ok t+7.744 j=[0.6995, -0.2454, 2.0463, -0.0966, -0.0031, 0.0261] err_to_target=0.0321 (read 35ms)
2026-08-25 14:17:27.190 [B/9] fb ok t+7.846 j=[0.6995, -0.2454, 2.0463, -0.0966, -0.0031, 0.0261] err_to_target=0.0321 (read 40ms)
2026-08-25 14:17:27.295 [B/9] fb ok t+7.949 j=[0.6995, -0.2454, 2.0463, -0.0966, -0.0031, 0.0261] err_to_target=0.0321 (read 41ms)
2026-08-25 14:17:27.400 [B/9] fb ok t+8.053 j=[0.6995, -0.2454, 2.0463, -0.0966, -0.0031, 0.0261] err_to_target=0.0321 (read 42ms)
2026-08-25 14:17:27.505 [B/9] fb ok t+8.156 j=[0.6995, -0.2454, 2.0463, -0.0966, -0.0031, 0.0261] err_to_target=0.0321 (read 45ms)
2026-08-25 14:17:27.610 [B/9] fb ok t+8.258 j=[0.6995, -0.2454, 2.0463, -0.0966, -0.0031, 0.0261] err_to_target=0.0321 (read 47ms)
2026-08-25 14:17:27.715 [B/9] fb ok t+8.360 j=[0.6995, -0.2454, 2.0463, -0.0966, -0.0031, 0.0261] err_to_target=0.0321 (read 50ms)
2026-08-25 14:17:27.820 [B/9] fb ok t+8.463 j=[0.6995, -0.2454, 2.0463, -0.0966, -0.0031, 0.0261] err_to_target=0.0321 (read 52ms)
2026-08-25 14:17:27.925 [B/9] fb ok t+8.563 j=[0.6995, -0.2454, 2.0463, -0.0966, -0.0031, 0.0261] err_to_target=0.0321 (read 57ms)
2026-08-25 14:17:28.030 [B/9] fb ok t+8.665 j=[0.6995, -0.2454, 2.0463, -0.0966, -0.0031, 0.0261] err_to_target=0.0321 (read 61ms)
2026-08-25 14:17:28.100 [B/9] fb ok t+8.767 j=[0.6995, -0.2454, 2.0463, -0.0966, -0.0031, 0.0261] err_to_target=0.0321 (read 28ms)
2026-08-25 14:17:28.205 [B/9] fb ok t+8.872 j=[0.6995, -0.2454, 2.0463, -0.0966, -0.0031, 0.0261] err_to_target=0.0321 (read 29ms)
2026-08-25 14:17:28.310 [B/9] fb ok t+8.976 j=[0.6995, -0.2454, 2.0463, -0.0966, -0.0031, 0.0261] err_to_target=0.0321 (read 30ms)
2026-08-25 14:17:28.416 [B/9] fb ok t+9.081 j=[0.6995, -0.2454, 2.0463, -0.0966, -0.0031, 0.0261] err_to_target=0.0321 (read 31ms)
2026-08-25 14:17:28.521 [B/9] fb ok t+9.185 j=[0.6995, -0.2454, 2.0463, -0.0966, -0.0031, 0.0261] err_to_target=0.0321 (read 32ms)
2026-08-25 14:17:28.626 [B/9] fb ok t+9.287 j=[0.6995, -0.2454, 2.0463, -0.0966, -0.0031, 0.0261] err_to_target=0.0321 (read 35ms)
2026-08-25 14:17:28.731 [B/9] fb ok t+9.391 j=[0.6995, -0.2454, 2.0463, -0.0966, -0.0031, 0.0261] err_to_target=0.0321 (read 36ms)
2026-08-25 14:17:28.836 [B/9] fb ok t+9.495 j=[0.6995, -0.2454, 2.0463, -0.0966, -0.0031, 0.0261] err_to_target=0.0321 (read 37ms)
2026-08-25 14:17:28.941 [B/9] fb ok t+9.599 j=[0.6995, -0.2454, 2.0463, -0.0966, -0.0031, 0.0261] err_to_target=0.0321 (read 38ms)
2026-08-25 14:17:29.046 [B/9] fb ok t+9.702 j=[0.6995, -0.2454, 2.0463, -0.0966, -0.0031, 0.0261] err_to_target=0.0321 (read 39ms)
2026-08-25 14:17:29.151 [B/9] fb ok t+9.806 j=[0.6995, -0.2454, 2.0463, -0.0966, -0.0031, 0.0261] err_to_target=0.0321 (read 41ms)
2026-08-25 14:17:29.256 [B/9] fb ok t+9.907 j=[0.6995, -0.2454, 2.0463, -0.0966, -0.0031, 0.0261] err_to_target=0.0321 (read 44ms)
2026-08-25 14:17:29.361 [B/9] fb ok t+10.011 j=[0.6995, -0.2454, 2.0463, -0.0966, -0.0031, 0.0261] err_to_target=0.0321 (read 46ms)
2026-08-25 14:17:29.466 [B/9] fb ok t+10.111 j=[0.6995, -0.2454, 2.0463, -0.0966, -0.0031, 0.0261] err_to_target=0.0321 (read 50ms)
2026-08-25 14:17:29.571 [B/9] fb ok t+10.214 j=[0.6995, -0.2454, 2.0463, -0.0966, -0.0031, 0.0261] err_to_target=0.0321 (read 52ms)
2026-08-25 14:17:29.676 [B/9] fb ok t+10.317 j=[0.6995, -0.2454, 2.0463, -0.0966, -0.0031, 0.0261] err_to_target=0.0321 (read 55ms)
2026-08-25 14:17:29.781 [B/9] fb ok t+10.420 j=[0.6995, -0.2454, 2.0463, -0.0966, -0.0031, 0.0261] err_to_target=0.0321 (read 57ms)
2026-08-25 14:17:29.886 [B/9] fb ok t+10.523 j=[0.6995, -0.2454, 2.0463, -0.0966, -0.0031, 0.0261] err_to_target=0.0321 (read 60ms)
2026-08-25 14:17:29.957 [B/9] fb ok t+10.625 j=[0.6995, -0.2454, 2.0463, -0.0966, -0.0031, 0.0261] err_to_target=0.0321 (read 27ms)
2026-08-25 14:17:30.062 [B/9] fb ok t+10.730 j=[0.6995, -0.2454, 2.0463, -0.0966, -0.0031, 0.0261] err_to_target=0.0321 (read 28ms)
2026-08-25 14:17:30.167 [B/9] fb ok t+10.834 j=[0.6995, -0.2454, 2.0463, -0.0966, -0.0031, 0.0261] err_to_target=0.0321 (read 29ms)
2026-08-25 14:17:30.272 [B/9] fb ok t+10.938 j=[0.6995, -0.2454, 2.0463, -0.0966, -0.0031, 0.0261] err_to_target=0.0321 (read 29ms)
2026-08-25 14:17:30.377 [B/9] fb ok t+11.043 j=[0.6995, -0.2454, 2.0463, -0.0966, -0.0031, 0.0261] err_to_target=0.0321 (read 30ms)
2026-08-25 14:17:30.482 [B/9] fb ok t+11.147 j=[0.6995, -0.2454, 2.0463, -0.0966, -0.0031, 0.0261] err_to_target=0.0321 (read 31ms)
2026-08-25 14:17:30.587 [B/9] fb ok t+11.248 j=[0.6995, -0.2454, 2.0463, -0.0966, -0.0031, 0.0261] err_to_target=0.0321 (read 35ms)
2026-08-25 14:17:30.692 [B/9] fb ok t+11.352 j=[0.6995, -0.2454, 2.0463, -0.0966, -0.0031, 0.0261] err_to_target=0.0321 (read 36ms)
2026-08-25 14:17:30.798 [B/9] fb ok t+11.453 j=[0.6995, -0.2454, 2.0463, -0.0966, -0.0031, 0.0261] err_to_target=0.0321 (read 40ms)
2026-08-25 14:17:30.903 [B/9] fb ok t+11.557 j=[0.6995, -0.2454, 2.0463, -0.0966, -0.0031, 0.0261] err_to_target=0.0321 (read 42ms)
2026-08-25 14:17:31.008 [B/9] fb ok t+11.660 j=[0.6995, -0.2454, 2.0463, -0.0966, -0.0031, 0.0261] err_to_target=0.0321 (read 43ms)
2026-08-25 14:17:31.113 [B/9] fb ok t+11.764 j=[0.6995, -0.2454, 2.0463, -0.0966, -0.0031, 0.0261] err_to_target=0.0321 (read 45ms)
2026-08-25 14:17:31.218 [B/9] fb ok t+11.867 j=[0.6995, -0.2454, 2.0463, -0.0966, -0.0031, 0.0261] err_to_target=0.0321 (read 46ms)
2026-08-25 14:17:31.323 [B/9] fb ok t+11.971 j=[0.6995, -0.2454, 2.0463, -0.0966, -0.0031, 0.0261] err_to_target=0.0321 (read 48ms)
2026-08-25 14:17:31.428 [B/9] fb ok t+12.074 j=[0.6995, -0.2454, 2.0463, -0.0966, -0.0031, 0.0261] err_to_target=0.0321 (read 49ms)
2026-08-25 14:17:31.533 [B/9] fb ok t+12.174 j=[0.6995, -0.2454, 2.0463, -0.0966, -0.0031, 0.0261] err_to_target=0.0321 (read 54ms)
2026-08-25 14:17:29.726 [B/9] fb ok t+10.363 j=[0.6995, -0.2454, 2.0463, -0.0966, -0.0031, 0.0261] err_to_target=0.0321 (read 59ms)
2026-08-25 14:17:29.797 [B/9] fb ok t+10.465 j=[0.6995, -0.2454, 2.0463, -0.0966, -0.0031, 0.0261] err_to_target=0.0321 (read 27ms)
2026-08-25 14:17:29.902 [B/9] fb ok t+10.570 j=[0.6995, -0.2454, 2.0463, -0.0966, -0.0031, 0.0261] err_to_target=0.0321 (read 28ms)
2026-08-25 14:17:30.007 [B/9] fb ok t+10.674 j=[0.6995, -0.2454, 2.0463, -0.0966, -0.0031, 0.0261] err_to_target=0.0321 (read 29ms)
2026-08-25 14:17:30.112 [B/9] fb ok t+10.778 j=[0.6995, -0.2454, 2.0463, -0.0966, -0.0031, 0.0261] err_to_target=0.0321 (read 29ms)
2026-08-25 14:17:30.217 [B/9] fb ok t+10.883 j=[0.6995, -0.2454, 2.0463, -0.0966, -0.0031, 0.0261] err_to_target=0.0321 (read 30ms)
2026-08-25 14:17:30.322 [B/9] fb ok t+10.987 j=[0.6995, -0.2454, 2.0463, -0.0966, -0.0031, 0.0261] err_to_target=0.0321 (read 31ms)
2026-08-25 14:17:30.427 [B/9] fb ok t+11.091 j=[0.6995, -0.2454, 2.0463, -0.0966, -0.0031, 0.0261] err_to_target=0.0321 (read 32ms)
2026-08-25 14:17:30.532 [B/9] fb ok t+11.193 j=[0.6995, -0.2454, 2.0463, -0.0966, -0.0031, 0.0261] err_to_target=0.0321 (read 35ms)
2026-08-25 14:17:30.637 [B/9] fb ok t+11.293 j=[0.6995, -0.2454, 2.0463, -0.0966, -0.0031, 0.0261] err_to_target=0.0321 (read 40ms)
2026-08-25 14:17:30.743 [B/9] fb ok t+11.397 j=[0.6995, -0.2454, 2.0463, -0.0966, -0.0031, 0.0261] err_to_target=0.0321 (read 41ms)
2026-08-25 14:17:30.848 [B/9] fb ok t+11.501 j=[0.6995, -0.2454, 2.0463, -0.0966, -0.0031, 0.0261] err_to_target=0.0321 (read 42ms)
2026-08-25 14:17:30.953 [B/9] fb ok t+11.602 j=[0.6995, -0.2454, 2.0463, -0.0966, -0.0031, 0.0261] err_to_target=0.0321 (read 47ms)
2026-08-25 14:17:31.057 [B/9] fb ok t+11.705 j=[0.6995, -0.2454, 2.0463, -0.0966, -0.0031, 0.0261] err_to_target=0.0321 (read 48ms)
2026-08-25 14:17:31.163 [B/9] fb ok t+11.808 j=[0.6995, -0.2454, 2.0463, -0.0966, -0.0031, 0.0261] err_to_target=0.0321 (read 50ms)
2026-08-25 14:17:31.268 [B/9] fb ok t+11.911 j=[0.6995, -0.2454, 2.0463, -0.0966, -0.0031, 0.0261] err_to_target=0.0321 (read 52ms)
2026-08-25 14:17:31.373 [B/9] fb ok t+12.014 j=[0.6995, -0.2454, 2.0463, -0.0966, -0.0031, 0.0261] err_to_target=0.0321 (read 54ms)
2026-08-25 14:17:31.478 [B/9] fb ok t+12.117 j=[0.6995, -0.2454, 2.0463, -0.0966, -0.0031, 0.0261] err_to_target=0.0321 (read 57ms)
2026-08-25 14:17:31.548 [B/9] fb ok t+12.217 j=[0.6995, -0.2454, 2.0463, -0.0966, -0.0031, 0.0261] err_to_target=0.0321 (read 27ms)
2026-08-25 14:17:31.653 [B/9] fb ok t+12.317 j=[0.6995, -0.2454, 2.0463, -0.0966, -0.0031, 0.0261] err_to_target=0.0321 (read 31ms)
2026-08-25 14:17:31.758 [B/9] fb ok t+12.420 j=[0.6995, -0.2454, 2.0463, -0.0966, -0.0031, 0.0261] err_to_target=0.0321 (read 33ms)
2026-08-25 14:17:31.864 [B/9] fb ok t+12.524 j=[0.6995, -0.2454, 2.0463, -0.0966, -0.0031, 0.0261] err_to_target=0.0321 (read 35ms)
2026-08-25 14:17:31.968 [B/9] fb ok t+12.626 j=[0.6995, -0.2454, 2.0463, -0.0966, -0.0031, 0.0261] err_to_target=0.0321 (read 38ms)
2026-08-25 14:17:32.074 [B/9] fb ok t+12.729 j=[0.6995, -0.2454, 2.0463, -0.0966, -0.0031, 0.0261] err_to_target=0.0321 (read 40ms)
2026-08-25 14:17:32.179 [B/9] fb ok t+12.833 j=[0.6995, -0.2454, 2.0463, -0.0966, -0.0031, 0.0261] err_to_target=0.0321 (read 41ms)
2026-08-25 14:17:32.284 [B/9] fb ok t+12.934 j=[0.6995, -0.2454, 2.0463, -0.0966, -0.0031, 0.0261] err_to_target=0.0321 (read 45ms)
2026-08-25 14:17:32.388 [B/9] fb ok t+13.035 j=[0.6995, -0.2454, 2.0463, -0.0966, -0.0031, 0.0261] err_to_target=0.0321 (read 49ms)
2026-08-25 14:17:32.493 [B/9] fb ok t+13.138 j=[0.6995, -0.2454, 2.0463, -0.0966, -0.0031, 0.0261] err_to_target=0.0321 (read 51ms)
2026-08-25 14:17:32.598 [B/9] fb ok t+13.241 j=[0.6995, -0.2454, 2.0463, -0.0966, -0.0031, 0.0261] err_to_target=0.0321 (read 53ms)
2026-08-25 14:17:32.703 [B/9] fb ok t+13.342 j=[0.6995, -0.2454, 2.0463, -0.0966, -0.0031, 0.0261] err_to_target=0.0321 (read 56ms)
2026-08-25 14:17:32.808 [B/9] fb ok t+13.445 j=[0.6995, -0.2454, 2.0463, -0.0966, -0.0031, 0.0261] err_to_target=0.0321 (read 59ms)
2026-08-25 14:17:32.877 [B/9] fb ok t+13.547 j=[0.6995, -0.2454, 2.0463, -0.0966, -0.0031, 0.0261] err_to_target=0.0321 (read 26ms)
2026-08-25 14:17:32.983 [B/9] fb ok t+13.649 j=[0.6995, -0.2454, 2.0463, -0.0966, -0.0031, 0.0261] err_to_target=0.0321 (read 29ms)
2026-08-25 14:17:33.087 [B/9] fb ok t+13.753 j=[0.6995, -0.2454, 2.0463, -0.0966, -0.0031, 0.0261] err_to_target=0.0321 (read 30ms)
2026-08-25 14:17:33.192 [B/9] fb ok t+13.857 j=[0.6995, -0.2454, 2.0463, -0.0966, -0.0031, 0.0261] err_to_target=0.0321 (read 30ms)
2026-08-25 14:17:33.296 [B/9] fb ok t+13.961 j=[0.6995, -0.2454, 2.0463, -0.0966, -0.0031, 0.0261] err_to_target=0.0321 (read 31ms)
2026-08-25 14:17:33.401 [B/9] fb ok t+14.065 j=[0.6995, -0.2454, 2.0463, -0.0966, -0.0031, 0.0261] err_to_target=0.0321 (read 32ms)
2026-08-25 14:17:33.506 [B/9] fb ok t+14.169 j=[0.6995, -0.2454, 2.0463, -0.0966, -0.0031, 0.0261] err_to_target=0.0321 (read 33ms)
2026-08-25 14:17:33.611 [B/9] fb ok t+14.271 j=[0.6995, -0.2454, 2.0463, -0.0966, -0.0031, 0.0261] err_to_target=0.0321 (read 36ms)
2026-08-25 14:17:33.715 [B/9] fb ok t+14.374 j=[0.6995, -0.2454, 2.0463, -0.0966, -0.0031, 0.0261] err_to_target=0.0321 (read 36ms)
2026-08-25 14:17:33.820 [B/9] fb ok t+14.476 j=[0.6995, -0.2454, 2.0463, -0.0966, -0.0031, 0.0261] err_to_target=0.0321 (read 40ms)
2026-08-25 14:17:33.925 [B/9] fb ok t+14.579 j=[0.6995, -0.2454, 2.0463, -0.0966, -0.0031, 0.0261] err_to_target=0.0321 (read 41ms)
2026-08-25 14:17:34.030 [B/9] fb ok t+14.680 j=[0.6995, -0.2454, 2.0463, -0.0966, -0.0031, 0.0261] err_to_target=0.0321 (read 45ms)
2026-08-25 14:17:34.134 [B/9] fb ok t+14.783 j=[0.6995, -0.2454, 2.0463, -0.0966, -0.0031, 0.0261] err_to_target=0.0321 (read 47ms)
2026-08-25 14:17:34.239 [B/9] fb ok t+14.886 j=[0.6995, -0.2454, 2.0463, -0.0966, -0.0031, 0.0261] err_to_target=0.0321 (read 48ms)
2026-08-25 14:17:34.344 [B/9] fb ok t+14.989 j=[0.6995, -0.2454, 2.0463, -0.0966, -0.0031, 0.0261] err_to_target=0.0321 (read 50ms)
2026-08-25 14:17:54.536 [B/10]pre SETUP move to [0.6674, -0.2531, 2.0371, -0.0918, -0.0031, 0.0261] (repeated target, not measured)
2026-08-25 14:18:29.786 [B/10]pre SETUP done sends=67 settled=False final=[0.6995, -0.2454, 2.0463, -0.0966, -0.0031, 0.0261]
2026-08-25 14:18:29.786 [B/10]pre WARNING: setup move did not settle; continuing (pose drift possible)
2026-08-25 14:18:29.786 [B/10] dwell 3.0s before send
2026-08-25 14:18:31.225 [B/10] SENT T=102 B->A target=[0.7547, -0.2531, 2.0371, -0.1442, -0.0031, 0.0261] ([43.24, -14.5, 116.72, -8.26, -0.18, 1.5]) speed=1000 acc=50 ret=b'{"T": 102, "base": 0.7547, "shoulder": -0.2531, "elbow": 2.0371, "wrist": -0.1442, "roll": -0.0031, "hand": 3.115492653589793, "spd": 1000, "acc": 50}\n'
2026-08-25 14:18:31.259 [B/10] fb ok t+0.019 j=[0.6995, -0.2454, 2.0463, -0.0966, -0.0031, 0.0261] err_to_target=0.0552 (read 34ms)
2026-08-25 14:18:31.365 [B/10] fb ok t+0.120 j=[0.6995, -0.2454, 2.0463, -0.0966, -0.0031, 0.0261] err_to_target=0.0552 (read 39ms)
2026-08-25 14:18:31.473 [B/10] MOTION toward target (joint=base) latency=0.224s dev=0.0261
2026-08-25 14:18:31.473 [B/10] fb ok t+0.224 j=[0.7102, -0.2454, 2.0463, -0.1227, -0.0031, 0.0261] err_to_target=0.0445 (read 43ms)
2026-08-25 14:18:31.578 [B/10] fb ok t+0.328 j=[0.7256, -0.2454, 2.0463, -0.1273, -0.0031, 0.0261] err_to_target=0.0291 (read 44ms)
2026-08-25 14:18:31.683 [B/10] fb ok t+0.431 j=[0.7256, -0.2454, 2.0463, -0.1273, -0.0031, 0.0261] err_to_target=0.0291 (read 46ms)
2026-08-25 14:18:31.787 [B/10] fb ok t+0.534 j=[0.7256, -0.2454, 2.0463, -0.1289, -0.0031, 0.0261] err_to_target=0.0291 (read 47ms)
2026-08-25 14:18:31.893 [B/10] fb ok t+0.637 j=[0.7256, -0.2454, 2.0463, -0.1289, -0.0031, 0.0261] err_to_target=0.0291 (read 49ms)
2026-08-25 14:18:31.998 [B/10] fb ok t+0.740 j=[0.7256, -0.2454, 2.0463, -0.1289, -0.0031, 0.0261] err_to_target=0.0291 (read 51ms)
2026-08-25 14:18:32.102 [B/10] fb ok t+0.843 j=[0.7256, -0.2454, 2.0463, -0.1289, -0.0031, 0.0261] err_to_target=0.0291 (read 53ms)
2026-08-25 14:18:32.208 [B/10] fb ok t+0.946 j=[0.7256, -0.2454, 2.0463, -0.1289, -0.0031, 0.0261] err_to_target=0.0291 (read 55ms)
2026-08-25 14:18:32.313 [B/10] fb ok t+1.049 j=[0.7256, -0.2454, 2.0463, -0.1289, -0.0031, 0.0261] err_to_target=0.0291 (read 58ms)
2026-08-25 14:18:32.383 [B/10] fb ok t+1.151 j=[0.7256, -0.2454, 2.0463, -0.1289, -0.0031, 0.0261] err_to_target=0.0291 (read 26ms)
2026-08-25 14:18:32.488 [B/10] fb ok t+1.255 j=[0.7256, -0.2454, 2.0463, -0.1289, -0.0031, 0.0261] err_to_target=0.0291 (read 27ms)
2026-08-25 14:18:32.593 [B/10] fb ok t+1.359 j=[0.7256, -0.2454, 2.0463, -0.1289, -0.0031, 0.0261] err_to_target=0.0291 (read 28ms)
2026-08-25 14:18:32.698 [B/10] fb ok t+1.464 j=[0.7256, -0.2454, 2.0463, -0.1289, -0.0031, 0.0261] err_to_target=0.0291 (read 28ms)
2026-08-25 14:18:32.803 [B/10] fb ok t+1.566 j=[0.7256, -0.2454, 2.0463, -0.1289, -0.0031, 0.0261] err_to_target=0.0291 (read 31ms)
2026-08-25 14:18:32.908 [B/10] fb ok t+1.670 j=[0.7256, -0.2454, 2.0463, -0.1289, -0.0031, 0.0261] err_to_target=0.0291 (read 32ms)
2026-08-25 14:18:33.013 [B/10] fb ok t+1.774 j=[0.7256, -0.2454, 2.0463, -0.1289, -0.0031, 0.0261] err_to_target=0.0291 (read 33ms)
2026-08-25 14:18:33.118 [B/10] fb ok t+1.878 j=[0.7256, -0.2454, 2.0463, -0.1289, -0.0031, 0.0261] err_to_target=0.0291 (read 34ms)
2026-08-25 14:18:33.223 [B/10] fb ok t+1.979 j=[0.7256, -0.2454, 2.0463, -0.1289, -0.0031, 0.0261] err_to_target=0.0291 (read 38ms)
2026-08-25 14:18:33.327 [B/10] fb ok t+2.082 j=[0.7256, -0.2454, 2.0463, -0.1289, -0.0031, 0.0261] err_to_target=0.0291 (read 39ms)
2026-08-25 14:18:33.432 [B/10] fb ok t+2.185 j=[0.7256, -0.2454, 2.0463, -0.1289, -0.0031, 0.0261] err_to_target=0.0291 (read 42ms)
2026-08-25 14:18:33.538 [B/10] fb ok t+2.288 j=[0.7256, -0.2454, 2.0463, -0.1289, -0.0031, 0.0261] err_to_target=0.0291 (read 43ms)
2026-08-25 14:18:33.643 [B/10] fb ok t+2.392 j=[0.7256, -0.2454, 2.0463, -0.1289, -0.0031, 0.0261] err_to_target=0.0291 (read 45ms)
2026-08-25 14:18:33.747 [B/10] fb ok t+2.492 j=[0.7256, -0.2454, 2.0463, -0.1289, -0.0031, 0.0261] err_to_target=0.0291 (read 49ms)
2026-08-25 14:18:33.853 [B/10] fb ok t+2.595 j=[0.7256, -0.2454, 2.0463, -0.1289, -0.0031, 0.0261] err_to_target=0.0291 (read 51ms)
2026-08-25 14:18:33.958 [B/10] fb ok t+2.698 j=[0.7256, -0.2454, 2.0463, -0.1289, -0.0031, 0.0261] err_to_target=0.0291 (read 53ms)
2026-08-25 14:18:34.063 [B/10] fb ok t+2.801 j=[0.7256, -0.2454, 2.0463, -0.1289, -0.0031, 0.0261] err_to_target=0.0291 (read 55ms)
2026-08-25 14:18:34.168 [B/10] fb ok t+2.904 j=[0.7256, -0.2454, 2.0463, -0.1289, -0.0031, 0.0261] err_to_target=0.0291 (read 58ms)
2026-08-25 14:18:34.273 [B/10] fb ok t+3.006 j=[0.7256, -0.2454, 2.0463, -0.1289, -0.0031, 0.0261] err_to_target=0.0291 (read 60ms)
2026-08-25 14:18:34.343 [B/10] fb ok t+3.109 j=[0.7256, -0.2454, 2.0463, -0.1289, -0.0031, 0.0261] err_to_target=0.0291 (read 28ms)
2026-08-25 14:18:34.448 [B/10] fb ok t+3.213 j=[0.7256, -0.2454, 2.0463, -0.1289, -0.0031, 0.0261] err_to_target=0.0291 (read 29ms)
2026-08-25 14:18:34.553 [B/10] fb ok t+3.317 j=[0.7256, -0.2454, 2.0463, -0.1289, -0.0031, 0.0261] err_to_target=0.0291 (read 29ms)
2026-08-25 14:18:34.658 [B/10] fb ok t+3.422 j=[0.7256, -0.2454, 2.0463, -0.1289, -0.0031, 0.0261] err_to_target=0.0291 (read 31ms)
2026-08-25 14:18:34.763 [B/10] fb ok t+3.523 j=[0.7256, -0.2454, 2.0463, -0.1289, -0.0031, 0.0261] err_to_target=0.0291 (read 34ms)
2026-08-25 14:18:34.868 [B/10] fb ok t+3.627 j=[0.7256, -0.2454, 2.0463, -0.1289, -0.0031, 0.0261] err_to_target=0.0291 (read 35ms)
2026-08-25 14:18:34.973 [B/10] fb ok t+3.731 j=[0.7256, -0.2454, 2.0463, -0.1289, -0.0031, 0.0261] err_to_target=0.0291 (read 36ms)
2026-08-25 14:18:35.078 [B/10] fb ok t+3.835 j=[0.7256, -0.2454, 2.0463, -0.1289, -0.0031, 0.0261] err_to_target=0.0291 (read 37ms)
2026-08-25 14:18:35.183 [B/10] fb ok t+3.939 j=[0.7256, -0.2454, 2.0463, -0.1289, -0.0031, 0.0261] err_to_target=0.0291 (read 38ms)
2026-08-25 14:18:35.288 [B/10] fb ok t+4.043 j=[0.7256, -0.2454, 2.0463, -0.1289, -0.0031, 0.0261] err_to_target=0.0291 (read 40ms)
2026-08-25 14:18:35.394 [B/10] fb ok t+4.146 j=[0.7256, -0.2454, 2.0463, -0.1289, -0.0031, 0.0261] err_to_target=0.0291 (read 41ms)
2026-08-25 14:18:35.499 [B/10] fb ok t+4.250 j=[0.7256, -0.2454, 2.0463, -0.1289, -0.0031, 0.0261] err_to_target=0.0291 (read 43ms)
2026-08-25 14:18:35.604 [B/10] fb ok t+4.352 j=[0.7256, -0.2454, 2.0463, -0.1289, -0.0031, 0.0261] err_to_target=0.0291 (read 45ms)
2026-08-25 14:18:35.708 [B/10] fb ok t+4.456 j=[0.7256, -0.2454, 2.0463, -0.1289, -0.0031, 0.0261] err_to_target=0.0291 (read 47ms)
2026-08-25 14:18:35.813 [B/10] fb ok t+4.559 j=[0.7256, -0.2454, 2.0463, -0.1289, -0.0031, 0.0261] err_to_target=0.0291 (read 48ms)
2026-08-25 14:18:35.918 [B/10] fb ok t+4.662 j=[0.7256, -0.2454, 2.0463, -0.1289, -0.0031, 0.0261] err_to_target=0.0291 (read 50ms)
2026-08-25 14:18:36.023 [B/10] fb ok t+4.765 j=[0.7256, -0.2454, 2.0463, -0.1289, -0.0031, 0.0261] err_to_target=0.0291 (read 53ms)
2026-08-25 14:18:36.129 [B/10] fb ok t+4.868 j=[0.7256, -0.2454, 2.0463, -0.1289, -0.0031, 0.0261] err_to_target=0.0291 (read 55ms)
2026-08-25 14:18:36.234 [B/10] fb ok t+4.970 j=[0.7256, -0.2454, 2.0463, -0.1289, -0.0031, 0.0261] err_to_target=0.0291 (read 57ms)
2026-08-25 14:18:36.339 [B/10] fb ok t+5.073 j=[0.7256, -0.2454, 2.0463, -0.1289, -0.0031, 0.0261] err_to_target=0.0291 (read 60ms)
2026-08-25 14:18:36.409 [B/10] fb ok t+5.175 j=[0.7256, -0.2454, 2.0463, -0.1289, -0.0031, 0.0261] err_to_target=0.0291 (read 28ms)
2026-08-25 14:18:36.514 [B/10] fb ok t+5.280 j=[0.7256, -0.2454, 2.0463, -0.1289, -0.0031, 0.0261] err_to_target=0.0291 (read 28ms)
2026-08-25 14:18:36.619 [B/10] fb ok t+5.384 j=[0.7256, -0.2454, 2.0463, -0.1289, -0.0031, 0.0261] err_to_target=0.0291 (read 29ms)
2026-08-25 14:18:36.724 [B/10] fb ok t+5.489 j=[0.7256, -0.2454, 2.0463, -0.1289, -0.0031, 0.0261] err_to_target=0.0291 (read 30ms)
2026-08-25 14:18:36.829 [B/10] fb ok t+5.593 j=[0.7256, -0.2454, 2.0463, -0.1289, -0.0031, 0.0261] err_to_target=0.0291 (read 30ms)
2026-08-25 14:18:36.934 [B/10] fb ok t+5.697 j=[0.7256, -0.2454, 2.0463, -0.1289, -0.0031, 0.0261] err_to_target=0.0291 (read 31ms)
2026-08-25 14:18:37.039 [B/10] fb ok t+5.802 j=[0.7256, -0.2454, 2.0463, -0.1289, -0.0031, 0.0261] err_to_target=0.0291 (read 32ms)
2026-08-25 14:18:37.144 [B/10] fb ok t+5.903 j=[0.7256, -0.2454, 2.0463, -0.1289, -0.0031, 0.0261] err_to_target=0.0291 (read 35ms)
2026-08-25 14:18:37.249 [B/10] fb ok t+6.007 j=[0.7256, -0.2454, 2.0463, -0.1289, -0.0031, 0.0261] err_to_target=0.0291 (read 36ms)
2026-08-25 14:18:37.355 [B/10] fb ok t+6.111 j=[0.7256, -0.2454, 2.0463, -0.1289, -0.0031, 0.0261] err_to_target=0.0291 (read 38ms)
2026-08-25 14:18:37.460 [B/10] fb ok t+6.215 j=[0.7256, -0.2454, 2.0463, -0.1289, -0.0031, 0.0261] err_to_target=0.0291 (read 39ms)
2026-08-25 14:18:37.565 [B/10] fb ok t+6.318 j=[0.7256, -0.2454, 2.0463, -0.1289, -0.0031, 0.0261] err_to_target=0.0291 (read 40ms)
2026-08-25 14:18:37.670 [B/10] fb ok t+6.422 j=[0.7256, -0.2454, 2.0463, -0.1289, -0.0031, 0.0261] err_to_target=0.0291 (read 42ms)
2026-08-25 14:18:37.775 [B/10] fb ok t+6.526 j=[0.7256, -0.2454, 2.0463, -0.1289, -0.0031, 0.0261] err_to_target=0.0291 (read 43ms)
2026-08-25 14:18:37.880 [B/10] fb ok t+6.626 j=[0.7256, -0.2454, 2.0463, -0.1289, -0.0031, 0.0261] err_to_target=0.0291 (read 48ms)
2026-08-25 14:18:37.985 [B/10] fb ok t+6.729 j=[0.7256, -0.2454, 2.0463, -0.1289, -0.0031, 0.0261] err_to_target=0.0291 (read 50ms)
2026-08-25 14:18:38.090 [B/10] fb ok t+6.832 j=[0.7256, -0.2454, 2.0463, -0.1289, -0.0031, 0.0261] err_to_target=0.0291 (read 52ms)
2026-08-25 14:18:38.195 [B/10] fb ok t+6.935 j=[0.7256, -0.2454, 2.0463, -0.1289, -0.0031, 0.0261] err_to_target=0.0291 (read 54ms)
2026-08-25 14:18:38.300 [B/10] fb ok t+7.038 j=[0.7256, -0.2454, 2.0463, -0.1289, -0.0031, 0.0261] err_to_target=0.0291 (read 56ms)
2026-08-25 14:18:38.405 [B/10] fb ok t+7.140 j=[0.7256, -0.2454, 2.0463, -0.1289, -0.0031, 0.0261] err_to_target=0.0291 (read 58ms)
2026-08-25 14:18:38.475 [B/10] fb ok t+7.242 j=[0.7256, -0.2454, 2.0463, -0.1289, -0.0031, 0.0261] err_to_target=0.0291 (read 27ms)
2026-08-25 14:18:38.580 [B/10] fb ok t+7.346 j=[0.7256, -0.2454, 2.0463, -0.1289, -0.0031, 0.0261] err_to_target=0.0291 (read 28ms)
2026-08-25 14:18:38.685 [B/10] fb ok t+7.451 j=[0.7256, -0.2454, 2.0463, -0.1289, -0.0031, 0.0261] err_to_target=0.0291 (read 29ms)
2026-08-25 14:18:38.790 [B/10] fb ok t+7.555 j=[0.7256, -0.2454, 2.0463, -0.1289, -0.0031, 0.0261] err_to_target=0.0291 (read 30ms)
2026-08-25 14:18:38.895 [B/10] fb ok t+7.655 j=[0.7256, -0.2454, 2.0463, -0.1289, -0.0031, 0.0261] err_to_target=0.0291 (read 34ms)
2026-08-25 14:18:39.000 [B/10] fb ok t+7.759 j=[0.7256, -0.2454, 2.0463, -0.1289, -0.0031, 0.0261] err_to_target=0.0291 (read 35ms)
2026-08-25 14:18:39.106 [B/10] fb ok t+7.861 j=[0.7256, -0.2454, 2.0463, -0.1289, -0.0031, 0.0261] err_to_target=0.0291 (read 39ms)
2026-08-25 14:18:39.211 [B/10] fb ok t+7.965 j=[0.7256, -0.2454, 2.0463, -0.1289, -0.0031, 0.0261] err_to_target=0.0291 (read 40ms)
2026-08-25 14:18:39.316 [B/10] fb ok t+8.068 j=[0.7256, -0.2454, 2.0463, -0.1289, -0.0031, 0.0261] err_to_target=0.0291 (read 42ms)
2026-08-25 14:18:39.421 [B/10] fb ok t+8.172 j=[0.7256, -0.2454, 2.0463, -0.1289, -0.0031, 0.0261] err_to_target=0.0291 (read 43ms)
2026-08-25 14:18:39.526 [B/10] fb ok t+8.276 j=[0.7256, -0.2454, 2.0463, -0.1289, -0.0031, 0.0261] err_to_target=0.0291 (read 45ms)
2026-08-25 14:18:39.631 [B/10] fb ok t+8.376 j=[0.7256, -0.2454, 2.0463, -0.1289, -0.0031, 0.0261] err_to_target=0.0291 (read 49ms)
2026-08-25 14:18:39.736 [B/10] fb ok t+8.479 j=[0.7256, -0.2454, 2.0463, -0.1289, -0.0031, 0.0261] err_to_target=0.0291 (read 51ms)
2026-08-25 14:18:39.841 [B/10] fb ok t+8.580 j=[0.7256, -0.2454, 2.0463, -0.1289, -0.0031, 0.0261] err_to_target=0.0291 (read 55ms)
2026-08-25 14:18:39.947 [B/10] fb ok t+8.683 j=[0.7256, -0.2454, 2.0463, -0.1289, -0.0031, 0.0261] err_to_target=0.0291 (read 58ms)
2026-08-25 14:18:40.052 [B/10] fb ok t+8.785 j=[0.7256, -0.2454, 2.0463, -0.1289, -0.0031, 0.0261] err_to_target=0.0291 (read 60ms)
2026-08-25 14:18:40.122 [B/10] fb ok t+8.888 j=[0.7256, -0.2454, 2.0463, -0.1289, -0.0031, 0.0261] err_to_target=0.0291 (read 28ms)
2026-08-25 14:18:40.228 [B/10] fb ok t+8.988 j=[0.7256, -0.2454, 2.0463, -0.1289, -0.0031, 0.0261] err_to_target=0.0291 (read 33ms)
2026-08-25 14:18:40.333 [B/10] fb ok t+9.092 j=[0.7256, -0.2454, 2.0463, -0.1289, -0.0031, 0.0261] err_to_target=0.0291 (read 34ms)
2026-08-25 14:18:40.438 [B/10] fb ok t+9.196 j=[0.7256, -0.2454, 2.0463, -0.1289, -0.0031, 0.0261] err_to_target=0.0291 (read 36ms)
2026-08-25 14:18:40.543 [B/10] fb ok t+9.300 j=[0.7256, -0.2454, 2.0463, -0.1289, -0.0031, 0.0261] err_to_target=0.0291 (read 37ms)
2026-08-25 14:18:40.648 [B/10] fb ok t+9.404 j=[0.7256, -0.2454, 2.0463, -0.1289, -0.0031, 0.0261] err_to_target=0.0291 (read 39ms)
2026-08-25 14:18:40.753 [B/10] fb ok t+9.504 j=[0.7256, -0.2454, 2.0463, -0.1289, -0.0031, 0.0261] err_to_target=0.0291 (read 43ms)
2026-08-25 14:18:40.858 [B/10] fb ok t+9.608 j=[0.7256, -0.2454, 2.0463, -0.1289, -0.0031, 0.0261] err_to_target=0.0291 (read 45ms)
2026-08-25 14:18:40.963 [B/10] fb ok t+9.709 j=[0.7256, -0.2454, 2.0463, -0.1289, -0.0031, 0.0261] err_to_target=0.0291 (read 49ms)
2026-08-25 14:18:41.069 [B/10] fb ok t+9.809 j=[0.7256, -0.2454, 2.0463, -0.1289, -0.0031, 0.0261] err_to_target=0.0291 (read 53ms)
2026-08-25 14:18:41.174 [B/10] fb ok t+9.912 j=[0.7256, -0.2454, 2.0463, -0.1289, -0.0031, 0.0261] err_to_target=0.0291 (read 56ms)
2026-08-25 14:18:41.244 [B/10] fb ok t+10.013 j=[0.7256, -0.2454, 2.0463, -0.1289, -0.0031, 0.0261] err_to_target=0.0291 (read 26ms)
2026-08-25 14:18:41.349 [B/10] fb ok t+10.115 j=[0.7256, -0.2454, 2.0463, -0.1289, -0.0031, 0.0261] err_to_target=0.0291 (read 29ms)
2026-08-25 14:18:41.455 [B/10] fb ok t+10.219 j=[0.7256, -0.2454, 2.0463, -0.1289, -0.0031, 0.0261] err_to_target=0.0291 (read 29ms)
2026-08-25 14:18:41.560 [B/10] fb ok t+10.323 j=[0.7256, -0.2454, 2.0463, -0.1289, -0.0031, 0.0261] err_to_target=0.0291 (read 30ms)
2026-08-25 14:18:41.665 [B/10] fb ok t+10.428 j=[0.7256, -0.2454, 2.0463, -0.1289, -0.0031, 0.0261] err_to_target=0.0291 (read 31ms)
2026-08-25 14:18:41.770 [B/10] fb ok t+10.532 j=[0.7256, -0.2454, 2.0463, -0.1289, -0.0031, 0.0261] err_to_target=0.0291 (read 32ms)
2026-08-25 14:18:41.875 [B/10] fb ok t+10.636 j=[0.7256, -0.2454, 2.0463, -0.1289, -0.0031, 0.0261] err_to_target=0.0291 (read 33ms)
2026-08-25 14:18:41.980 [B/10] fb ok t+10.741 j=[0.7256, -0.2454, 2.0463, -0.1289, -0.0031, 0.0261] err_to_target=0.0291 (read 34ms)
2026-08-25 14:18:42.086 [B/10] fb ok t+10.845 j=[0.7256, -0.2454, 2.0463, -0.1289, -0.0031, 0.0261] err_to_target=0.0291 (read 35ms)
2026-08-25 14:18:42.191 [B/10] fb ok t+10.949 j=[0.7256, -0.2454, 2.0463, -0.1289, -0.0031, 0.0261] err_to_target=0.0291 (read 36ms)
2026-08-25 14:18:42.296 [B/10] fb ok t+11.053 j=[0.7256, -0.2454, 2.0463, -0.1289, -0.0031, 0.0261] err_to_target=0.0291 (read 37ms)
2026-08-25 14:18:42.401 [B/10] fb ok t+11.157 j=[0.7256, -0.2454, 2.0463, -0.1289, -0.0031, 0.0261] err_to_target=0.0291 (read 39ms)
2026-08-25 14:18:42.506 [B/10] fb ok t+11.260 j=[0.7256, -0.2454, 2.0463, -0.1289, -0.0031, 0.0261] err_to_target=0.0291 (read 40ms)
2026-08-25 14:18:42.611 [B/10] fb ok t+11.362 j=[0.7256, -0.2454, 2.0463, -0.1289, -0.0031, 0.0261] err_to_target=0.0291 (read 44ms)
2026-08-25 14:18:42.717 [B/10] fb ok t+11.465 j=[0.7256, -0.2454, 2.0463, -0.1289, -0.0031, 0.0261] err_to_target=0.0291 (read 46ms)
2026-08-25 14:18:42.822 [B/10] fb ok t+11.568 j=[0.7256, -0.2454, 2.0463, -0.1289, -0.0031, 0.0261] err_to_target=0.0291 (read 47ms)
2026-08-25 14:18:42.927 [B/10] fb ok t+11.672 j=[0.7256, -0.2454, 2.0463, -0.1289, -0.0031, 0.0261] err_to_target=0.0291 (read 49ms)
2026-08-25 14:18:43.032 [B/10] fb ok t+11.775 j=[0.7256, -0.2454, 2.0463, -0.1289, -0.0031, 0.0261] err_to_target=0.0291 (read 51ms)
2026-08-25 14:18:43.137 [B/10] fb ok t+11.878 j=[0.7256, -0.2454, 2.0463, -0.1289, -0.0031, 0.0261] err_to_target=0.0291 (read 53ms)
2026-08-25 14:18:43.242 [B/10] fb ok t+11.981 j=[0.7256, -0.2454, 2.0463, -0.1289, -0.0031, 0.0261] err_to_target=0.0291 (read 55ms)
2026-08-25 14:18:43.348 [B/10] fb ok t+12.082 j=[0.7256, -0.2454, 2.0463, -0.1289, -0.0031, 0.0261] err_to_target=0.0291 (read 59ms)
2026-08-25 14:18:43.418 [B/10] fb ok t+12.185 j=[0.7256, -0.2454, 2.0463, -0.1289, -0.0031, 0.0261] err_to_target=0.0291 (read 27ms)
2026-08-25 14:18:43.523 [B/10] fb ok t+12.289 j=[0.7256, -0.2454, 2.0463, -0.1289, -0.0031, 0.0261] err_to_target=0.0291 (read 28ms)
2026-08-25 14:18:43.628 [B/10] fb ok t+12.394 j=[0.7256, -0.2454, 2.0463, -0.1289, -0.0031, 0.0261] err_to_target=0.0291 (read 28ms)
2026-08-25 14:18:43.733 [B/10] fb ok t+12.498 j=[0.7256, -0.2454, 2.0463, -0.1289, -0.0031, 0.0261] err_to_target=0.0291 (read 29ms)
2026-08-25 14:18:43.839 [B/10] fb ok t+12.603 j=[0.7256, -0.2454, 2.0463, -0.1289, -0.0031, 0.0261] err_to_target=0.0291 (read 30ms)
2026-08-25 14:18:43.944 [B/10] fb ok t+12.705 j=[0.7256, -0.2454, 2.0463, -0.1289, -0.0031, 0.0261] err_to_target=0.0291 (read 33ms)
2026-08-25 14:18:44.049 [B/10] fb ok t+12.809 j=[0.7256, -0.2454, 2.0463, -0.1289, -0.0031, 0.0261] err_to_target=0.0291 (read 33ms)
2026-08-25 14:18:44.154 [B/10] fb ok t+12.914 j=[0.7256, -0.2454, 2.0463, -0.1289, -0.0031, 0.0261] err_to_target=0.0291 (read 34ms)
2026-08-25 14:18:44.259 [B/10] fb ok t+13.018 j=[0.7256, -0.2454, 2.0463, -0.1289, -0.0031, 0.0261] err_to_target=0.0291 (read 35ms)
2026-08-25 14:18:44.364 [B/10] fb ok t+13.122 j=[0.7256, -0.2454, 2.0463, -0.1289, -0.0031, 0.0261] err_to_target=0.0291 (read 37ms)
2026-08-25 14:18:44.470 [B/10] fb ok t+13.226 j=[0.7256, -0.2454, 2.0463, -0.1289, -0.0031, 0.0261] err_to_target=0.0291 (read 38ms)
2026-08-25 14:18:44.575 [B/10] fb ok t+13.330 j=[0.7256, -0.2454, 2.0463, -0.1289, -0.0031, 0.0261] err_to_target=0.0291 (read 39ms)
2026-08-25 14:18:44.680 [B/10] fb ok t+13.433 j=[0.7256, -0.2454, 2.0463, -0.1289, -0.0031, 0.0261] err_to_target=0.0291 (read 41ms)
2026-08-25 14:18:44.785 [B/10] fb ok t+13.537 j=[0.7256, -0.2454, 2.0463, -0.1289, -0.0031, 0.0261] err_to_target=0.0291 (read 42ms)
2026-08-25 14:18:44.890 [B/10] fb ok t+13.641 j=[0.7256, -0.2454, 2.0463, -0.1289, -0.0031, 0.0261] err_to_target=0.0291 (read 44ms)
2026-08-25 14:18:44.995 [B/10] fb ok t+13.742 j=[0.7256, -0.2454, 2.0463, -0.1289, -0.0031, 0.0261] err_to_target=0.0291 (read 48ms)
2026-08-25 14:18:45.101 [B/10] fb ok t+13.845 j=[0.7256, -0.2454, 2.0463, -0.1289, -0.0031, 0.0261] err_to_target=0.0291 (read 50ms)
2026-08-25 14:18:45.205 [B/10] fb ok t+13.948 j=[0.7256, -0.2454, 2.0463, -0.1289, -0.0031, 0.0261] err_to_target=0.0291 (read 52ms)
2026-08-25 14:18:45.311 [B/10] fb ok t+14.051 j=[0.7256, -0.2454, 2.0463, -0.1289, -0.0031, 0.0261] err_to_target=0.0291 (read 54ms)
2026-08-25 14:18:45.416 [B/10] fb ok t+14.154 j=[0.7256, -0.2454, 2.0463, -0.1289, -0.0031, 0.0261] err_to_target=0.0291 (read 56ms)
2026-08-25 14:18:45.521 [B/10] fb ok t+14.256 j=[0.7256, -0.2454, 2.0463, -0.1289, -0.0031, 0.0261] err_to_target=0.0291 (read 59ms)
2026-08-25 14:18:45.592 [B/10] fb ok t+14.359 j=[0.7256, -0.2454, 2.0463, -0.1289, -0.0031, 0.0261] err_to_target=0.0291 (read 27ms)
2026-08-25 14:18:45.697 [B/10] fb ok t+14.463 j=[0.7256, -0.2454, 2.0463, -0.1289, -0.0031, 0.0261] err_to_target=0.0291 (read 27ms)
2026-08-25 14:18:45.802 [B/10] fb ok t+14.568 j=[0.7256, -0.2454, 2.0463, -0.1289, -0.0031, 0.0261] err_to_target=0.0291 (read 28ms)
2026-08-25 14:18:45.907 [B/10] fb ok t+14.671 j=[0.7256, -0.2454, 2.0463, -0.1289, -0.0031, 0.0261] err_to_target=0.0291 (read 30ms)
2026-08-25 14:18:46.012 [B/10] fb ok t+14.776 j=[0.7256, -0.2454, 2.0463, -0.1289, -0.0031, 0.0261] err_to_target=0.0291 (read 31ms)
2026-08-25 14:18:46.118 [B/10] fb ok t+14.880 j=[0.7256, -0.2454, 2.0463, -0.1289, -0.0031, 0.0261] err_to_target=0.0291 (read 32ms)
2026-08-25 14:18:46.222 [B/10] fb ok t+14.981 j=[0.7256, -0.2454, 2.0463, -0.1289, -0.0031, 0.0261] err_to_target=0.0291 (read 36ms)
2026-08-25 14:18:47.459 ===== TEST B done: 10/10 accepted (dropped=0, no_op=0) =====
2026-08-25 14:18:47.520 [setupC] already at target, no setup move needed
2026-08-25 14:18:47.520 ===== TEST C: repeated final target @10Hz, speed=180, acc=10 =====
2026-08-25 14:18:47.845 [C/1] resend #1 at t+0.026s
2026-08-25 14:18:47.941 [C/1] resend #2 at t+0.122s
2026-08-25 14:18:48.048 [C/1] resend #3 at t+0.230s
2026-08-25 14:18:48.145 [C/1] resend #4 at t+0.326s
2026-08-25 14:18:48.208 [C/1] motion after 4 packets latency=0.39s
2026-08-25 14:19:08.685 [C/2] resend #1 at t+0.019s
2026-08-25 14:19:08.789 [C/2] resend #2 at t+0.123s
2026-08-25 14:19:08.889 [C/2] resend #3 at t+0.223s
2026-08-25 14:19:08.990 [C/2] resend #4 at t+0.324s
2026-08-25 14:19:09.051 [C/2] motion after 4 packets latency=0.385s
2026-08-25 14:19:29.498 [C/3] resend #1 at t+0.019s
2026-08-25 14:19:29.601 [C/3] resend #2 at t+0.123s
2026-08-25 14:19:29.709 [C/3] resend #3 at t+0.231s
2026-08-25 14:19:29.805 [C/3] resend #4 at t+0.326s
2026-08-25 14:19:29.866 [C/3] motion after 4 packets latency=0.388s
2026-08-25 14:19:50.279 [C/4] resend #1 at t+0.018s
2026-08-25 14:19:50.383 [C/4] resend #2 at t+0.122s
2026-08-25 14:19:50.484 [C/4] resend #3 at t+0.223s
2026-08-25 14:19:50.588 [C/4] resend #4 at t+0.327s
2026-08-25 14:19:50.646 [C/4] motion after 4 packets latency=0.385s
2026-08-25 14:20:11.004 [C/5] resend #1 at t+0.019s
2026-08-25 14:20:11.108 [C/5] resend #2 at t+0.123s
2026-08-25 14:20:11.215 [C/5] resend #3 at t+0.230s
2026-08-25 14:20:11.316 [C/5] resend #4 at t+0.331s
2026-08-25 14:20:11.373 [C/5] motion after 4 packets latency=0.389s
2026-08-25 14:20:31.775 [C/6] resend #1 at t+0.019s
2026-08-25 14:20:31.876 [C/6] resend #2 at t+0.120s
2026-08-25 14:20:31.979 [C/6] resend #3 at t+0.223s
2026-08-25 14:20:32.080 [C/6] resend #4 at t+0.324s
2026-08-25 14:20:32.142 [C/6] motion after 4 packets latency=0.386s
2026-08-25 14:20:52.501 [C/7] resend #1 at t+0.020s
2026-08-25 14:20:52.605 [C/7] resend #2 at t+0.125s
2026-08-25 14:20:52.705 [C/7] resend #3 at t+0.225s
2026-08-25 14:20:52.814 [C/7] resend #4 at t+0.333s
2026-08-25 14:20:52.870 [C/7] motion after 4 packets latency=0.39s
2026-08-25 14:21:13.319 [C/8] resend #1 at t+0.018s
2026-08-25 14:21:13.423 [C/8] resend #2 at t+0.122s
2026-08-25 14:21:13.523 [C/8] resend #3 at t+0.222s
2026-08-25 14:21:13.627 [C/8] resend #4 at t+0.326s
2026-08-25 14:21:13.687 [C/8] motion after 4 packets latency=0.387s
2026-08-25 14:21:34.082 [C/9] resend #1 at t+0.025s
2026-08-25 14:21:34.179 [C/9] resend #2 at t+0.122s
2026-08-25 14:21:34.283 [C/9] resend #3 at t+0.226s
2026-08-25 14:21:34.382 [C/9] resend #4 at t+0.325s
2026-08-25 14:21:32.580 [C/9] motion after 4 packets latency=-1.477s
2026-08-25 14:21:52.971 [C/10] resend #1 at t+0.018s
2026-08-25 14:21:53.071 [C/10] resend #2 at t+0.118s
2026-08-25 14:21:53.175 [C/10] resend #3 at t+0.222s
2026-08-25 14:21:53.275 [C/10] resend #4 at t+0.322s
2026-08-25 14:21:53.338 [C/10] motion after 4 packets latency=0.385s
2026-08-25 14:22:13.486 ===== TEST C done: 10/10 successful (dropped=0, no_op=0, packets_total=40) =====
2026-08-25 14:22:13.541 [setupD] SETUP move to [0.7547, -0.2531, 2.0371, -0.1442, -0.0031, 0.0261] (repeated target, not measured)
2026-08-25 14:22:48.627 [setupD] SETUP done sends=56 settled=False final=[0.7225, -0.2454, 2.0463, -0.1289, -0.0031, 0.0261]
2026-08-25 14:22:48.627 [setupD] WARNING: setup move did not settle; continuing (pose drift possible)
2026-08-25 14:22:48.627 ===== TEST D: streamed interpolation @20.0Hz, speed=1000, acc=50 =====
2026-08-25 14:23:01.293 [D] cycle 1 A->B: sends=30 fb_ok=30 fb_fail=0 started=True regressions=2 settled=False final_err=0.0351
2026-08-25 14:23:13.906 [D] cycle 1 B->A: sends=30 fb_ok=30 fb_fail=0 started=True regressions=0 settled=False final_err=0.0322
2026-08-25 14:23:26.573 [D] cycle 2 A->B: sends=30 fb_ok=30 fb_fail=0 started=True regressions=1 settled=False final_err=0.0351
2026-08-25 14:23:39.185 [D] cycle 2 B->A: sends=30 fb_ok=30 fb_fail=0 started=True regressions=0 settled=False final_err=0.0322
2026-08-25 14:23:51.854 [D] cycle 3 A->B: sends=30 fb_ok=30 fb_fail=0 started=True regressions=1 settled=False final_err=0.0413
2026-08-25 14:24:04.524 [D] cycle 3 B->A: sends=30 fb_ok=30 fb_fail=0 started=True regressions=1 settled=False final_err=0.0353
2026-08-25 14:24:17.205 [D] cycle 4 A->B: sends=30 fb_ok=30 fb_fail=0 started=True regressions=1 settled=False final_err=0.0367
2026-08-25 14:24:29.901 [D] cycle 4 B->A: sends=30 fb_ok=30 fb_fail=0 started=True regressions=2 settled=False final_err=0.0322
2026-08-25 14:24:42.616 [D] cycle 5 A->B: sends=30 fb_ok=30 fb_fail=0 started=True regressions=1 settled=False final_err=0.0413
2026-08-25 14:24:55.321 [D] cycle 5 B->A: sends=30 fb_ok=30 fb_fail=0 started=True regressions=1 settled=False final_err=0.0353
2026-08-25 14:24:55.338 ===== TEST D done: 10/10 legs started, fb_rate=1.0 =====
2026-08-25 14:24:55.390 [end] SETUP move to [0.7547, -0.2531, 2.0371, -0.1442, -0.0031, 0.0261] (repeated target, not measured)
2026-08-25 14:25:30.556 [end] SETUP done sends=56 settled=False final=[0.7194, -0.2454, 2.0463, -0.1273, -0.0031, 0.0261]
2026-08-25 14:25:30.556 [end] WARNING: setup move did not settle; continuing (pose drift possible)
2026-08-25 14:25:30.574 ################ EXPERIMENT COMPLETE ################
