=== environment ===
python          3.12.10 (C:\Users\Mukund\AppData\Local\Programs\Python\Python312\python.exe)
roarm-sdk       0.1.0
roarm_sdk file  C:\Users\Mukund\AppData\Local\Programs\Python\Python312\Lib\site-packages\roarm_sdk\__init__.py
pyserial        3.5
ik module       C:\Users\Mukund\Documents\Ro-Arm\roarm_sdk\waveshare_ik.py
platform        win32
mode            EXECUTE
opening COM21
serial settings {"port": "COM21", "baudrate": 115200, "timeout": 0.1, "rtscts": false, "dsrdtr": false, "xonxoff": false, "rts": false, "dtr": true, "is_open": true}
{'T': 1051, 'x': 347.9208743, 'y': 7.473004018, 'z': 203.1510391, 'tit': 0.059825251, 'b': 0.021475731, 's': 0.013805827, 'e': 1.621417693, 't': -0.004601942, 'r': -0.003067962, 'g': 3.11551498, 'tB': -64, 'tS': 52, 'tE': 144, 'tT': -20, 'tR': 24, 'tG': -64, 'torswitchB': 1, 'torswitchS': 1, 'torswitchE': 1, 'torswitchT': 1, 'torswitchR': 1, 'torswitchG': 1, 'v': 1213}
pre-home pose xyz=[347.92 7.47 203.15] joints=[0.0215 0.0138 1.6214 -0.0046 -0.0031 0.0261]
homing (move_init) ...
b'{"T": 102, "base": 0, "shoulder": 0, "elbow": 1.5708, "wrist": 0, "roll": 0, "hand": 3.141592653589793, "spd": 100, "acc": 0}\n'
{'T': 1051, 'x': 347.9208743, 'y': 7.473004018, 'z': 203.1510391, 'tit': 0.059825251, 'b': 0.021475731, 's': 0.013805827, 'e': 1.621417693, 't': -0.004601942, 'r': -0.003067962, 'g': 3.11551498, 'tB': -64, 'tS': 52, 'tE': 144, 'tT': -20, 'tR': 24, 'tG': -64, 'torswitchB': 1, 'torswitchS': 1, 'torswitchE': 1, 'torswitchT': 1, 'torswitchR': 1, 'torswitchG': 1, 'v': 1213}
{'T': 1051, 'x': 347.9208743, 'y': 7.473004018, 'z': 203.1510391, 'tit': 0.059825251, 'b': 0.021475731, 's': 0.013805827, 'e': 1.621417693, 't': -0.004601942, 'r': -0.003067962, 'g': 3.11551498, 'tB': -64, 'tS': 52, 'tE': 144, 'tT': -20, 'tR': 24, 'tG': -64, 'torswitchB': 1, 'torswitchS': 1, 'torswitchE': 1, 'torswitchT': 1, 'torswitchR': 1, 'torswitchG': 1, 'v': 1213}
{'T': 1051, 'x': 347.9208743, 'y': 7.473004018, 'z': 203.1510391, 'tit': 0.059825251, 'b': 0.021475731, 's': 0.013805827, 'e': 1.621417693, 't': -0.004601942, 'r': -0.003067962, 'g': 3.11551498, 'tB': -64, 'tS': 52, 'tE': 144, 'tT': -20, 'tR': 24, 'tG': -64, 'torswitchB': 1, 'torswitchS': 1, 'torswitchE': 1, 'torswitchT': 1, 'torswitchR': 1, 'torswitchG': 1, 'v': 1213}
{'T': 1051, 'x': 347.9208743, 'y': 7.473004018, 'z': 203.1510391, 'tit': 0.059825251, 'b': 0.021475731, 's': 0.013805827, 'e': 1.621417693, 't': -0.004601942, 'r': -0.003067962, 'g': 3.11551498, 'tB': -64, 'tS': 52, 'tE': 144, 'tT': -20, 'tR': 24, 'tG': -64, 'torswitchB': 1, 'torswitchS': 1, 'torswitchE': 1, 'torswitchT': 1, 'torswitchR': 1, 'torswitchG': 1, 'v': 1213}
home reached=True err=2.90 deg polls=4
reading 10 consecutive feedback frames at home (stability gate)
{'T': 1051, 'x': 347.9208743, 'y': 7.473004018, 'z': 203.1510391, 'tit': 0.059825251, 'b': 0.021475731, 's': 0.013805827, 'e': 1.621417693, 't': -0.004601942, 'r': -0.003067962, 'g': 3.11551498, 'tB': -64, 'tS': 52, 'tE': 144, 'tT': -20, 'tR': 24, 'tG': -64, 'torswitchB': 1, 'torswitchS': 1, 'torswitchE': 1, 'torswitchT': 1, 'torswitchR': 1, 'torswitchG': 1, 'v': 1213}
{'T': 1051, 'x': 347.9208743, 'y': 7.473004018, 'z': 203.1510391, 'tit': 0.059825251, 'b': 0.021475731, 's': 0.013805827, 'e': 1.621417693, 't': -0.004601942, 'r': -0.003067962, 'g': 3.11551498, 'tB': -64, 'tS': 52, 'tE': 144, 'tT': -20, 'tR': 24, 'tG': -64, 'torswitchB': 1, 'torswitchS': 1, 'torswitchE': 1, 'torswitchT': 1, 'torswitchR': 1, 'torswitchG': 1, 'v': 1213}
{'T': 1051, 'x': 347.9208743, 'y': 7.473004018, 'z': 203.1510391, 'tit': 0.059825251, 'b': 0.021475731, 's': 0.013805827, 'e': 1.621417693, 't': -0.004601942, 'r': -0.003067962, 'g': 3.11551498, 'tB': -64, 'tS': 52, 'tE': 144, 'tT': -20, 'tR': 24, 'tG': -64, 'torswitchB': 1, 'torswitchS': 1, 'torswitchE': 1, 'torswitchT': 1, 'torswitchR': 1, 'torswitchG': 1, 'v': 1214}
{'T': 1051, 'x': 347.9208743, 'y': 7.473004018, 'z': 203.1510391, 'tit': 0.059825251, 'b': 0.021475731, 's': 0.013805827, 'e': 1.621417693, 't': -0.004601942, 'r': -0.003067962, 'g': 3.11551498, 'tB': -64, 'tS': 52, 'tE': 144, 'tT': -20, 'tR': 24, 'tG': -64, 'torswitchB': 1, 'torswitchS': 1, 'torswitchE': 1, 'torswitchT': 1, 'torswitchR': 1, 'torswitchG': 1, 'v': 1213}
{'T': 1051, 'x': 347.9208743, 'y': 7.473004018, 'z': 203.1510391, 'tit': 0.059825251, 'b': 0.021475731, 's': 0.013805827, 'e': 1.621417693, 't': -0.004601942, 'r': -0.003067962, 'g': 3.11551498, 'tB': -64, 'tS': 52, 'tE': 144, 'tT': -20, 'tR': 24, 'tG': -64, 'torswitchB': 1, 'torswitchS': 1, 'torswitchE': 1, 'torswitchT': 1, 'torswitchR': 1, 'torswitchG': 1, 'v': 1211}
{'T': 1051, 'x': 347.9208743, 'y': 7.473004018, 'z': 203.1510391, 'tit': 0.059825251, 'b': 0.021475731, 's': 0.013805827, 'e': 1.621417693, 't': -0.004601942, 'r': -0.003067962, 'g': 3.11551498, 'tB': -64, 'tS': 52, 'tE': 144, 'tT': -20, 'tR': 24, 'tG': -64, 'torswitchB': 1, 'torswitchS': 1, 'torswitchE': 1, 'torswitchT': 1, 'torswitchR': 1, 'torswitchG': 1, 'v': 1212}
{'T': 1051, 'x': 347.9208743, 'y': 7.473004018, 'z': 203.1510391, 'tit': 0.059825251, 'b': 0.021475731, 's': 0.013805827, 'e': 1.621417693, 't': -0.004601942, 'r': -0.003067962, 'g': 3.11551498, 'tB': -64, 'tS': 52, 'tE': 144, 'tT': -20, 'tR': 24, 'tG': -64, 'torswitchB': 1, 'torswitchS': 1, 'torswitchE': 1, 'torswitchT': 1, 'torswitchR': 1, 'torswitchG': 1, 'v': 1213}
{'T': 1051, 'x': 347.9208743, 'y': 7.473004018, 'z': 203.1510391, 'tit': 0.059825251, 'b': 0.021475731, 's': 0.013805827, 'e': 1.621417693, 't': -0.004601942, 'r': -0.003067962, 'g': 3.11551498, 'tB': -64, 'tS': 52, 'tE': 144, 'tT': -20, 'tR': 24, 'tG': -64, 'torswitchB': 1, 'torswitchS': 1, 'torswitchE': 1, 'torswitchT': 1, 'torswitchR': 1, 'torswitchG': 1, 'v': 1213}
{'T': 1051, 'x': 347.9208743, 'y': 7.473004018, 'z': 203.1510391, 'tit': 0.059825251, 'b': 0.021475731, 's': 0.013805827, 'e': 1.621417693, 't': -0.004601942, 'r': -0.003067962, 'g': 3.11551498, 'tB': -64, 'tS': 52, 'tE': 144, 'tT': -20, 'tR': 24, 'tG': -64, 'torswitchB': 1, 'torswitchS': 1, 'torswitchE': 1, 'torswitchT': 1, 'torswitchR': 1, 'torswitchG': 1, 'v': 1214}
{'T': 1051, 'x': 347.9208743, 'y': 7.473004018, 'z': 203.1510391, 'tit': 0.059825251, 'b': 0.021475731, 's': 0.013805827, 'e': 1.621417693, 't': -0.004601942, 'r': -0.003067962, 'g': 3.11551498, 'tB': -64, 'tS': 52, 'tE': 144, 'tT': -20, 'tR': 24, 'tG': -64, 'torswitchB': 1, 'torswitchS': 1, 'torswitchE': 1, 'torswitchT': 1, 'torswitchR': 1, 'torswitchG': 1, 'v': 1214}
  frame  0 valid=True plausible=True xyz=[347.92 7.47 203.15]
  frame  1 valid=True plausible=True xyz=[347.92 7.47 203.15]
  frame  2 valid=True plausible=True xyz=[347.92 7.47 203.15]
  frame  3 valid=True plausible=True xyz=[347.92 7.47 203.15]
  frame  4 valid=True plausible=True xyz=[347.92 7.47 203.15]
  frame  5 valid=True plausible=True xyz=[347.92 7.47 203.15]
  frame  6 valid=True plausible=True xyz=[347.92 7.47 203.15]
  frame  7 valid=True plausible=True xyz=[347.92 7.47 203.15]
  frame  8 valid=True plausible=True xyz=[347.92 7.47 203.15]
  frame  9 valid=True plausible=True xyz=[347.92 7.47 203.15]
home pose   xyz=[347.92 7.47 203.15]  pitch=0.0598  roll=-0.0031  grip=0.0261
home joints [0.0215 0.0138 1.6214 -0.0046 -0.0031 0.0261]
planning R=150 mm / sweep=110 deg (all center/direction combinations)
  reject   center=[497.9 7.5] sign=+1 reason=IK no finite solution
  reject   center=[497.9 7.5] sign=-1 reason=IK no finite solution
  FEASIBLE center=[197.9 7.5] sign=+1 base[1.2..45.4] deg peak|base|=45.4 deg maxstep=0.66 deg path=288.0 mm
  FEASIBLE center=[197.9 7.5] sign=-1 base[-42.3..1.2] deg peak|base|=42.3 deg maxstep=0.68 deg path=288.0 mm
  reject   center=[347.9 157.5] sign=+1 reason=IK no finite solution
  FEASIBLE center=[347.9 157.5] sign=-1 base[1.2..45.2] deg peak|base|=45.2 deg maxstep=0.84 deg path=288.0 mm
  FEASIBLE center=[347.9 -142.5] sign=+1 base[-43.1..1.2] deg peak|base|=43.1 deg maxstep=0.84 deg path=288.0 mm
  reject   center=[347.9 -142.5] sign=-1 reason=IK no finite solution
selected     center=[197.9 7.5] sign=-1  (smallest peak |base| = 42.3 deg)
path length  288.0 mm   waypoints=101   rate=20 Hz   duration=5.00 s
cartesian bbox mm  x=[146.62 347.92]  y=[-142.53 7.47]  z=[203.15 203.15]
base range   [-42.31, 1.23] deg (limit +/-189 deg)
max joint excursion  base 43.55 deg  shoulder 36.98 deg  elbow 26.04 deg  wrist 11.86 deg  roll 0.00 deg
max adjacent step  0.681 deg
constant Z=203.15 mm  pitch=0.0598  roll=-0.0031  grip=0.0261 (unchanged)
--- validation passed; executing forward leg ---
{'T': 1051, 'x': 347.9208743, 'y': 7.473004018, 'z': 203.1510391, 'tit': 0.059825251, 'b': 0.021475731, 's': 0.013805827, 'e': 1.621417693, 't': -0.004601942, 'r': -0.003067962, 'g': 3.11551498, 'tB': -64, 'tS': 52, 'tE': 144, 'tT': -20, 'tR': 24, 'tG': -64, 'torswitchB': 1, 'torswitchS': 1, 'torswitchE': 1, 'torswitchT': 1, 'torswitchR': 1, 'torswitchG': 1, 'v': 1212}
b'{"T": 102, "base": 0.021475731027621306, "shoulder": 0.013805429125207214, "elbow": 1.6214268711604025, "wrist": -0.004610722490713169, "roll": -0.003067962, "hand": 3.11551498, "spd": 1000, "acc": 50}\n'
{'T': 1051, 'x': 347.9208743, 'y': 7.473004018, 'z': 203.1510391, 'tit': 0.059825251, 'b': 0.021475731, 's': 0.013805827, 'e': 1.621417693, 't': -0.004601942, 'r': -0.003067962, 'g': 3.11551498, 'tB': -64, 'tS': 52, 'tE': 144, 'tT': -20, 'tR': 24, 'tG': -64, 'torswitchB': 1, 'torswitchS': 1, 'torswitchE': 1, 'torswitchT': 1, 'torswitchR': 1, 'torswitchG': 1, 'v': 1212}
b'{"T": 102, "base": 0.013202673556323782, "shoulder": 0.013480245110686906, "elbow": 1.621826992627634, "wrist": -0.004685659943424313, "roll": -0.003067962, "hand": 3.11551498, "spd": 1000, "acc": 50}\n'
{'T': 1051, 'x': 347.9208743, 'y': 7.473004018, 'z': 203.1510391, 'tit': 0.059825251, 'b': 0.021475731, 's': 0.013805827, 'e': 1.621417693, 't': -0.004601942, 'r': -0.003067962, 'g': 3.11551498, 'tB': -64, 'tS': 52, 'tE': 144, 'tT': -20, 'tR': 24, 'tG': -64, 'torswitchB': 1, 'torswitchS': 1, 'torswitchE': 1, 'torswitchT': 1, 'torswitchR': 1, 'torswitchG': 1, 'v': 1213}
b'{"T": 102, "base": 0.004930327543691096, "shoulder": 0.013023243674632479, "elbow": 1.6223890159406835, "wrist": -0.004790681820419439, "roll": -0.003067962, "hand": 3.11551498, "spd": 1000, "acc": 50}\n'
{'T': 1051, 'x': 347.9208743, 'y': 7.473004018, 'z': 203.1510391, 'tit': 0.059825251, 'b': 0.021475731, 's': 0.013805827, 'e': 1.621417693, 't': -0.004601942, 'r': -0.003067962, 'g': 3.11551498, 'tB': -64, 'tS': 52, 'tE': 144, 'tT': -20, 'tR': 24, 'tG': -64, 'torswitchB': 1, 'torswitchS': 1, 'torswitchE': 1, 'torswitchT': 1, 'torswitchR': 1, 'torswitchG': 1, 'v': 1213}
b'{"T": 102, "base": -0.0033410663305725027, "shoulder": 0.012434488473396677, "elbow": 1.6231125671865805, "wrist": -0.004925477865080595, "roll": -0.003067962, "hand": 3.11551498, "spd": 1000, "acc": 50}\n'
{'T': 1051, 'x': 347.9208743, 'y': 7.473004018, 'z': 203.1510391, 'tit': 0.059825251, 'b': 0.021475731, 's': 0.013805827, 'e': 1.621417693, 't': -0.004601942, 'r': -0.003067962, 'g': 3.11551498, 'tB': -64, 'tS': 52, 'tE': 144, 'tT': -20, 'tR': 24, 'tG': -64, 'torswitchB': 1, 'torswitchS': 1, 'torswitchE': 1, 'torswitchT': 1, 'torswitchR': 1, 'torswitchG': 1, 'v': 1213}
b'{"T": 102, "base": -0.011611266703402305, "shoulder": 0.011714061164108447, "elbow": 1.6239971653062621, "wrist": -0.005089648675474033, "roll": -0.003067962, "hand": 3.11551498, "spd": 1000, "acc": 50}\n'
{'T': 1051, 'x': 347.9208743, 'y': 7.473004018, 'z': 203.1510391, 'tit': 0.059825251, 'b': 0.021475731, 's': 0.013805827, 'e': 1.621417693, 't': -0.004601942, 'r': -0.003067962, 'g': 3.11551498, 'tB': -64, 'tS': 52, 'tE': 144, 'tT': -20, 'tR': 24, 'tG': -64, 'torswitchB': 1, 'torswitchS': 1, 'torswitchE': 1, 'torswitchT': 1, 'torswitchR': 1, 'torswitchG': 1, 'v': 1213}
b'{"T": 102, "base": -0.019880031354136976, "shoulder": 0.010862061129714884, "elbow": 1.625042222650506, "wrist": -0.005282705985324342, "roll": -0.003067962, "hand": 3.11551498, "spd": 1000, "acc": 50}\n'
{'T': 1051, 'x': 347.9208743, 'y': 7.473004018, 'z': 203.1510391, 'tit': 0.059825251, 'b': 0.021475731, 's': 0.013805827, 'e': 1.621417693, 't': -0.004601942, 'r': -0.003067962, 'g': 3.11551498, 'tB': -64, 'tS': 52, 'tE': 144, 'tT': -20, 'tR': 24, 'tG': -64, 'torswitchB': 1, 'torswitchS': 1, 'torswitchE': 1, 'torswitchT': 1, 'torswitchR': 1, 'torswitchG': 1, 'v': 1212}
b'{"T": 102, "base": -0.028147117028984907, "shoulder": 0.00987860514503458, "elbow": 1.6262470456542988, "wrist": -0.005504073004436803, "roll": -0.003067962, "hand": 3.11551498, "spd": 1000, "acc": 50}\n'
{'T': 1051, 'x': 347.9208743, 'y': 7.473004018, 'z': 203.1510391, 'tit': 0.059825251, 'b': 0.021475731, 's': 0.013805827, 'e': 1.621417693, 't': -0.004601942, 'r': -0.003067962, 'g': 3.11551498, 'tB': -64, 'tS': 52, 'tE': 144, 'tT': -20, 'tR': 24, 'tG': -64, 'torswitchB': 1, 'torswitchS': 1, 'torswitchE': 1, 'torswitchT': 1, 'torswitchR': 1, 'torswitchG': 1, 'v': 1213}
b'{"T": 102, "base": -0.03641227926392492, "shoulder": 0.008763826985332845, "elbow": 1.6276108356260783, "wrist": -0.005753084816514507, "roll": -0.003067962, "hand": 3.11551498, "spd": 1000, "acc": 50}\n'
{'T': 1051, 'x': 347.9208743, 'y': 7.473004018, 'z': 203.1510391, 'tit': 0.059825251, 'b': 0.021475731, 's': 0.013805827, 'e': 1.621417693, 't': -0.004601942, 'r': -0.003067962, 'g': 3.11551498, 'tB': -64, 'tS': 52, 'tE': 144, 'tT': -20, 'tR': 24, 'tG': -64, 'torswitchB': 1, 'torswitchS': 1, 'torswitchE': 1, 'torswitchT': 1, 'torswitchR': 1, 'torswitchG': 1, 'v': 1213}
b'{"T": 102, "base": -0.044675272205768425, "shoulder": 0.0075178769792008104, "elbow": 1.629132689647688, "wrist": -0.006028988831992342, "roll": -0.003067962, "hand": 3.11551498, "spd": 1000, "acc": 50}\n'
{'T': 1051, 'x': 347.9208743, 'y': 7.473004018, 'z': 203.1510391, 'tit': 0.059825251, 'b': 0.021475731, 's': 0.013805827, 'e': 1.621417693, 't': -0.004601942, 'r': -0.003067962, 'g': 3.11551498, 'tB': -64, 'tS': 52, 'tE': 144, 'tT': -20, 'tR': 24, 'tG': -64, 'torswitchB': 1, 'torswitchS': 1, 'torswitchE': 1, 'torswitchT': 1, 'torswitchR': 1, 'torswitchG': 1, 'v': 1213}
b'{"T": 102, "base": -0.052935848431106, "shoulder": 0.006140921507778563, "elbow": 1.63081160158031, "wrist": -0.006330945293192024, "roll": -0.003067962, "hand": 3.11551498, "spd": 1000, "acc": 50}\n'
{'T': 1051, 'x': 347.9208743, 'y': 7.473004018, 'z': 203.1510391, 'tit': 0.059825251, 'b': 0.021475731, 's': 0.013805827, 'e': 1.621417693, 't': -0.004601942, 'r': -0.003067962, 'g': 3.11551498, 'tB': -64, 'tS': 52, 'tE': 144, 'tT': -20, 'tR': 24, 'tG': -64, 'torswitchB': 1, 'torswitchS': 1, 'torswitchE': 1, 'torswitchT': 1, 'torswitchR': 1, 'torswitchG': 1, 'v': 1212}
b'{"T": 102, "base": -0.061193758762855294, "shoulder": 0.004633142452562078, "elbow": 1.6326464631711688, "wrist": -0.006658027828834311, "roll": -0.003067962, "hand": 3.11551498, "spd": 1000, "acc": 50}\n'
{'T': 1051, 'x': 347.9208743, 'y': 7.473004018, 'z': 203.1510391, 'tit': 0.059825251, 'b': 0.021475731, 's': 0.013805827, 'e': 1.621417693, 't': -0.004601942, 'r': -0.003067962, 'g': 3.11551498, 'tB': -64, 'tS': 52, 'tE': 144, 'tT': -20, 'tR': 24, 'tG': -64, 'torswitchB': 1, 'torswitchS': 1, 'torswitchE': 1, 'torswitchT': 1, 'torswitchR': 1, 'torswitchG': 1, 'v': 1213}
b'{"T": 102, "base": -0.06944875208412177, "shoulder": 0.0029947365942908366, "elbow": 1.6346360652552674, "wrist": -0.0070092240546616655, "roll": -0.003067962, "hand": 3.11551498, "spd": 1000, "acc": 50}\n'
{'T': 1051, 'x': 347.9208743, 'y': 7.473004018, 'z': 203.1510391, 'tit': 0.059825251, 'b': 0.021475731, 's': 0.013805827, 'e': 1.621417693, 't': -0.004601942, 'r': -0.003067962, 'g': 3.11551498, 'tB': -64, 'tS': 52, 'tE': 144, 'tT': -20, 'tR': 24, 'tG': -64, 'torswitchB': 1, 'torswitchS': 1, 'torswitchE': 1, 'torswitchT': 1, 'torswitchR': 1, 'torswitchG': 1, 'v': 1213}
b'{"T": 102, "base": -0.07770057514907543, "shoulder": 0.0012259149655819979, "elbow": 1.6367790990460276, "wrist": -0.007383436216713023, "roll": -0.003067962, "hand": 3.11551498, "spd": 1000, "acc": 50}\n'
{'T': 1051, 'x': 347.9208743, 'y': 7.473004018, 'z': 203.1510391, 'tit': 0.059825251, 'b': 0.021475731, 's': 0.013805827, 'e': 1.621417693, 't': -0.004601942, 'r': -0.003067962, 'g': 3.11551498, 'tB': -64, 'tS': 52, 'tE': 144, 'tT': -20, 'tR': 24, 'tG': -64, 'torswitchB': 1, 'torswitchS': 1, 'torswitchE': 1, 'torswitchT': 1, 'torswitchR': 1, 'torswitchG': 1, 'v': 1213}
b'{"T": 102, "base": -0.08594897239054036, "shoulder": -0.0006730978398007403, "elbow": 1.6390741575082792, "wrist": -0.007779481873582038, "roll": -0.003067962, "hand": 3.11551498, "spd": 1000, "acc": 50}\n'
{'T': 1051, 'x': 347.9208743, 'y': 7.473004018, 'z': 203.1510391, 'tit': 0.059825251, 'b': 0.021475731, 's': 0.013805827, 'e': 1.621417693, 't': -0.004601942, 'r': -0.003067962, 'g': 3.11551498, 'tB': -64, 'tS': 52, 'tE': 144, 'tT': -20, 'tR': 24, 'tG': -64, 'torswitchB': 1, 'torswitchS': 1, 'torswitchE': 1, 'torswitchT': 1, 'torswitchR': 1, 'torswitchG': 1, 'v': 1212}
b'{"T": 102, "base": -0.09419368572398445, "shoulder": -0.0027020643980240067, "elbow": 1.6415197368067496, "wrist": -0.008196094613828996, "roll": -0.003067962, "hand": 3.11551498, "spd": 1000, "acc": 50}\n'
{'T': 1051, 'x': 347.9208743, 'y': 7.473004018, 'z': 203.1510391, 'tit': 0.059825251, 'b': 0.021475731, 's': 0.013805827, 'e': 1.621417693, 't': -0.004601942, 'r': -0.003067962, 'g': 3.11551498, 'tB': -64, 'tS': 52, 'tE': 144, 'tT': -20, 'tR': 24, 'tG': -64, 'torswitchB': 1, 'torswitchS': 1, 'torswitchE': 1, 'torswitchT': 1, 'torswitchR': 1, 'torswitchG': 1, 'v': 1212}
b'{"T": 102, "base": -0.10243445434758643, "shoulder": -0.0048607352233766, "elbow": 1.6441142378228446, "wrist": -0.008631924804571332, "roll": -0.003067962, "hand": 3.11551498, "spd": 1000, "acc": 50}\n'
{'T': 1051, 'x': 347.9208743, 'y': 7.473004018, 'z': 203.1510391, 'tit': 0.059825251, 'b': 0.021475731, 's': 0.013805827, 'e': 1.621417693, 't': -0.004601942, 'r': -0.003067962, 'g': 3.11551498, 'tB': -64, 'tS': 52, 'tE': 144, 'tT': -20, 'tR': 24, 'tG': -64, 'torswitchB': 1, 'torswitchS': 1, 'torswitchE': 1, 'torswitchT': 1, 'torswitchR': 1, 'torswitchG': 1, 'v': 1212}
b'{"T": 102, "base": -0.11067101453804896, "shoulder": -0.007148849570258742, "elbow": 1.6468559677323404, "wrist": -0.00908554036718514, "roll": -0.003067962, "hand": 3.11551498, "spd": 1000, "acc": 50}\n'
{'T': 1051, 'x': 347.9208743, 'y': 7.473004018, 'z': 203.1510391, 'tit': 0.059825251, 'b': 0.021475731, 's': 0.013805827, 'e': 1.621417693, 't': -0.004601942, 'r': -0.003067962, 'g': 3.11551498, 'tB': -64, 'tS': 52, 'tE': 144, 'tT': -20, 'tR': 24, 'tG': -64, 'torswitchB': 1, 'torswitchS': 1, 'torswitchE': 1, 'torswitchT': 1, 'torswitchR': 1, 'torswitchG': 1, 'v': 1213}
b'{"T": 102, "base": -0.11890309944181299, "shoulder": -0.009566136265496517, "elbow": 1.6497431416363768, "wrist": -0.00955542757598362, "roll": -0.003067962, "hand": 3.11551498, "spd": 1000, "acc": 50}\n'
{'T': 1051, 'x': 349.1605487, 'y': 7.499631026, 'z': 201.0119201, 'tit': 0.065961174, 'b': 0.021475731, 's': 0.01994175, 'e': 1.621417693, 't': -0.004601942, 'r': -0.003067962, 'g': 3.11551498, 'tB': 0, 'tS': 28, 'tE': 44, 'tT': 0, 'tR': 28, 'tG': 16, 'torswitchB': 1, 'torswitchS': 1, 'torswitchE': 1, 'torswitchT': 1, 'torswitchR': 1, 'torswitchG': 1, 'v': 1214}
b'{"T": 102, "base": -0.1271304388613167, "shoulder": -0.012112314567398585, "elbow": 1.6527738842379978, "wrist": -0.010039991875702724, "roll": -0.003067962, "hand": 3.11551498, "spd": 1000, "acc": 50}\n'
{'T': 1051, 'x': 349.7314982, 'y': 7.511894469, 'z': 196.5108718, 'tit': 0.079767001, 'b': 0.021475731, 's': 0.024543693, 'e': 1.630621578, 't': -0.004601942, 'r': -0.003067962, 'g': 3.110913038, 'tB': -104, 'tS': 48, 'tE': 36, 'tT': 0, 'tR': 0, 'tG': 28, 'torswitchB': 1, 'torswitchS': 1, 'torswitchE': 1, 'torswitchT': 1, 'torswitchR': 1, 'torswitchG': 1, 'v': 1213}
b'{"T": 102, "base": -0.1353527590359302, "shoulder": -0.014787095047905652, "elbow": 1.6559462315564328, "wrist": -0.010537558713630622, "roll": -0.003067962, "hand": 3.11551498, "spd": 1000, "acc": 50}\n'
{'T': 1051, 'x': 349.8665873, 'y': 6.440990996, 'z': 194.5296918, 'tit': 0.085902924, 'b': 0.018407769, 's': 0.026077673, 'e': 1.63522352, 't': -0.004601942, 'r': -0.003067962, 'g': 3.107845076, 'tB': -88, 'tS': 56, 'tE': 44, 'tT': 0, 'tR': 0, 'tG': 0, 'torswitchB': 1, 'torswitchS': 1, 'torswitchE': 1, 'torswitchT': 1, 'torswitchR': 1, 'torswitchG': 1, 'v': 1214}
b'{"T": 102, "base": -0.14356978241718132, "shoulder": -0.017590180494077123, "elbow": 1.6592581326712352, "wrist": -0.011046374382261435, "roll": -0.003067962, "hand": 3.11551498, "spd": 1000, "acc": 50}\n'
{'T': 1051, 'x': 349.9155785, 'y': 2.683871503, 'z': 194.5296918, 'tit': 0.085902924, 'b': 0.007669904, 's': 0.026077673, 'e': 1.63522352, 't': -0.004601942, 'r': -0.003067962, 'g': 3.107845076, 'tB': -96, 'tS': 60, 'tE': 32, 'tT': 20, 'tR': 0, 'tG': -16, 'torswitchB': 1, 'torswitchS': 1, 'torswitchE': 1, 'torswitchT': 1, 'torswitchR': 1, 'torswitchG': 1, 'v': 1214}
b'{"T": 102, "base": -0.15178122743787123, "shoulder": -0.020521266825118456, "elbow": 1.6627074514884395, "wrist": -0.011564606868424442, "roll": -0.003067962, "hand": 3.11551498, "spd": 1000, "acc": 50}\n'
{'T': 1051, 'x': 349.9056977, 'y': -3.757384738, 'z': 194.5296918, 'tit': 0.085902924, 'b': -0.010737866, 's': 0.026077673, 'e': 1.63522352, 't': -0.004601942, 'r': -0.003067962, 'g': 3.107845076, 'tB': -96, 'tS': 64, 'tE': 24, 'tT': 20, 'tR': 0, 'tG': -16, 'torswitchB': 1, 'torswitchS': 1, 'torswitchE': 1, 'torswitchT': 1, 'torswitchR': 1, 'torswitchG': 1, 'v': 1214}
b'{"T": 102, "base": -0.15998680827466463, "shoulder": -0.023580044021085933, "elbow": 1.6662919685209268, "wrist": -0.012090346704944376, "roll": -0.003067962, "hand": 3.11551498, "spd": 1000, "acc": 50}\n'
{'T': 1051, 'x': 349.7612021, 'y': -10.73390722, 'z': 194.5296918, 'tit': 0.085902924, 'b': -0.030679616, 's': 0.026077673, 'e': 1.63522352, 't': -0.004601942, 'r': -0.003067962, 'g': 3.107845076, 'tB': -76, 'tS': 72, 'tE': 20, 'tT': 24, 'tR': 0, 'tG': -16, 'torswitchB': 1, 'torswitchS': 1, 'torswitchE': 1, 'torswitchT': 1, 'torswitchR': 1, 'torswitchG': 1, 'v': 1214}
b'{"T": 102, "base": -0.16818623460371737, "shoulder": -0.026766197059383545, "elbow": 1.6700093826753288, "wrist": -0.012621607821048729, "roll": -0.003067962, "hand": 3.11551498, "spd": 1000, "acc": 50}\n'
{'T': 1051, 'x': 349.3659032, 'y': -14.47813533, 'z': 192.60527, 'tit': 0.092038847, 'b': -0.041417481, 's': 0.026077673, 'e': 1.641359443, 't': -0.004601942, 'r': -0.003067962, 'g': 3.107845076, 'tB': -100, 'tS': 80, 'tE': 24, 'tT': 24, 'tR': 0, 'tG': -16, 'torswitchB': 1, 'torswitchS': 1, 'torswitchE': 1, 'torswitchT': 1, 'torswitchR': 1, 'torswitchG': 1, 'v': 1214}
b'{"T": 102, "base": -0.17637921134888843, "shoulder": -0.03007940685513044, "elbow": 1.673857313037916, "wrist": -0.013156328387888959, "roll": -0.003067962, "hand": 3.11551498, "spd": 1000, "acc": 50}\n'
{'T': 1051, 'x': 348.9059823, 'y': -20.89832595, 'z': 191.6436666, 'tit': 0.095106809, 'b': -0.059825251, 's': 0.026077673, 'e': 1.644427405, 't': -0.004601942, 'r': -0.003067962, 'g': 3.107845076, 'tB': -92, 'tS': 96, 'tE': 0, 'tT': 28, 'tR': 0, 'tG': -16, 'torswitchB': 1, 'torswitchS': 1, 'torswitchE': 1, 'torswitchT': 1, 'torswitchR': 1, 'torswitchG': 1, 'v': 1215}
b'{"T": 102, "base": -0.1845654384220571, "shoulder": -0.03351935120146621, "elbow": 1.6778333006521309, "wrist": -0.013692371655768108, "roll": -0.003067962, "hand": 3.11551498, "spd": 1000, "acc": 50}\n'
{'T': 1051, 'x': 348.0001027, 'y': -27.81794935, 'z': 188.7613953, 'tit': 0.104310694, 'b': -0.079767001, 's': 0.026077673, 'e': 1.653631289, 't': -0.004601942, 'r': -0.003067962, 'g': 3.107845076, 'tB': -104, 'tS': 108, 'tE': 24, 'tT': 28, 'tR': 0, 'tG': -16, 'torswitchB': 1, 'torswitchS': 1, 'torswitchE': 1, 'torswitchT': 1, 'torswitchR': 1, 'torswitchG': 1, 'v': 1214}
b'{"T": 102, "base": -0.19274461045505034, "shoulder": -0.03708570570584846, "elbow": 1.6819348102806433, "wrist": -0.014227526779898268, "roll": -0.003067962, "hand": 3.11551498, "spd": 1000, "acc": 50}\n'
{'T': 1051, 'x': 346.9740363, 'y': -35.78694617, 'z': 186.8420872, 'tit': 0.110446617, 'b': -0.102776713, 's': 0.026077673, 'e': 1.659767212, 't': -0.004601942, 'r': -0.003067962, 'g': 3.107845076, 'tB': -84, 'tS': 124, 'tE': 20, 'tT': 32, 'tR': 0, 'tG': -16, 'torswitchB': 1, 'torswitchS': 1, 'torswitchE': 1, 'torswitchT': 1, 'torswitchR': 1, 'torswitchG': 1, 'v': 1214}
b'{"T": 102, "base": -0.20091641652265335, "shoulder": -0.040778144718403464, "elbow": 1.6861592321450787, "wrist": -0.014759509631778654, "roll": -0.003067962, "hand": 3.11551498, "spd": 1000, "acc": 50}\n'
{'T': 1051, 'x': 346.4787643, 'y': -38.96189157, 'z': 185.8831221, 'tit': 0.113514578, 'b': -0.111980598, 's': 0.026077673, 'e': 1.662835174, 't': -0.004601942, 'r': -0.003067962, 'g': 3.107845076, 'tB': -88, 'tS': 128, 'tE': 0, 'tT': 36, 'tR': 0, 'tG': -16, 'torswitchB': 1, 'torswitchS': 1, 'torswitchE': 1, 'torswitchT': 1, 'torswitchR': 1, 'torswitchG': 1, 'v': 1214}
b'{"T": 102, "base": -0.2090805398561562, "shoulder": -0.04459634224839226, "elbow": 1.6905038836368655, "wrist": -0.015285963593576833, "roll": -0.003067962, "hand": 3.11551498, "spd": 1000, "acc": 50}\n'
{'T': 1051, 'x': 345.31299, 'y': -45.28170149, 'z': 183.4877909, 'tit': 0.121184482, 'b': -0.130388367, 's': 0.026077673, 'e': 1.670505078, 't': -0.004601942, 'r': -0.003067962, 'g': 3.107845076, 'tB': -76, 'tS': 144, 'tE': 24, 'tT': 36, 'tR': 0, 'tG': -16, 'torswitchB': 1, 'torswitchS': 1, 'torswitchE': 1, 'torswitchT': 1, 'torswitchR': 1, 'torswitchG': 1, 'v': 1214}
b'{"T": 102, "base": -0.217236657546859, "shoulder": -0.04853997286485345, "elbow": 1.6949660109929743, "wrist": -0.015804460333224267, "roll": -0.003067962, "hand": 3.11551498, "spd": 1000, "acc": 50}\n'
{'T': 1051, 'x': 343.6509504, 'y': -50.9758031, 'z': 180.6726788, 'tit': 0.130388367, 'b': -0.147262156, 's': 0.024543693, 'e': 1.681242944, 't': -0.004601942, 'r': -0.003067962, 'g': 3.107845076, 'tB': -96, 'tS': 164, 'tE': 0, 'tT': 40, 'tR': 0, 'tG': -16, 'torswitchB': 1, 'torswitchS': 1, 'torswitchE': 1, 'torswitchT': 1, 'torswitchR': 1, 'torswitchG': 1, 'v': 1214}
b'{"T": 102, "base": -0.22538444023892656, "shoulder": -0.052608712577518424, "elbow": 1.6995427909306922, "wrist": -0.016312500558277064, "roll": -0.003067962, "hand": 3.11551498, "spd": 1000, "acc": 50}\n'
{'T': 1051, 'x': 341.9547405, 'y': -57.71502248, 'z': 179.2939094, 'tit': 0.134990309, 'b': -0.167203906, 's': 0.023009712, 'e': 1.687378867, 't': -0.004601942, 'r': -0.003067962, 'g': 3.107845076, 'tB': -100, 'tS': 188, 'tE': 0, 'tT': 44, 'tR': 0, 'tG': -16, 'torswitchB': 1, 'torswitchS': 1, 'torswitchE': 1, 'torswitchT': 1, 'torswitchR': 1, 'torswitchG': 1, 'v': 1212}
b'{"T": 102, "base": -0.23352355181095466, "shoulder": -0.05680223969407827, "elbow": 1.7042313322359437, "wrist": -0.016807514746968975, "roll": -0.003067962, "hand": 3.11551498, "spd": 1000, "acc": 50}\n'
{'T': 1051, 'x': 341.0284927, 'y': -60.79200495, 'z': 177.1652974, 'tit': 0.141126232, 'b': -0.176407791, 's': 0.023009712, 'e': 1.695048771, 't': -0.006135923, 'r': -0.003067962, 'g': 3.107845076, 'tB': -92, 'tS': 196, 'tE': 20, 'tT': 40, 'tR': 0, 'tG': -16, 'torswitchB': 1, 'torswitchS': 1, 'torswitchE': 1, 'torswitchT': 1, 'torswitchR': 1, 'torswitchG': 1, 'v': 1213}
b'{"T": 102, "base": -0.241653649045573, "shoulder": -0.061120235649915755, "elbow": 1.7090286773000816, "wrist": -0.01728686385526914, "roll": -0.003067962, "hand": 3.11551498, "spd": 1000, "acc": 50}\n'
{'T': 1051, 'x': 339.4483328, 'y': -64.81799354, 'z': 174.8360785, 'tit': 0.148796136, 'b': -0.188679637, 's': 0.021475731, 'e': 1.704252655, 't': -0.006135923, 'r': -0.003067962, 'g': 3.107845076, 'tB': -104, 'tS': 208, 'tE': 28, 'tT': 44, 'tR': 0, 'tG': -16, 'torswitchB': 1, 'torswitchS': 1, 'torswitchE': 1, 'torswitchT': 1, 'torswitchR': 1, 'torswitchG': 1, 'v': 1212}
b'{"T": 102, "base": -0.24977438128637341, "shoulder": -0.06556238580640783, "elbow": 1.7139318036004967, "wrist": -0.017747839999192293, "roll": -0.003067962, "hand": 3.11551498, "spd": 1000, "acc": 50}\n'
{'T': 1051, 'x': 338.058082, 'y': -67.24393341, 'z': 175.9479051, 'tit': 0.145728175, 'b': -0.196349541, 's': 0.016873789, 'e': 1.705786636, 't': -0.006135923, 'r': -0.003067962, 'g': 3.107845076, 'tB': -76, 'tS': 188, 'tE': 32, 'tT': 44, 'tR': 0, 'tG': -16, 'torswitchB': 1, 'torswitchS': 1, 'torswitchE': 1, 'torswitchT': 1, 'torswitchR': 1, 'torswitchG': 1, 'v': 1213}
b'{"T": 102, "base": -0.25788539008141276, "shoulder": -0.07012838021392553, "elbow": 1.7189376251208395, "wrist": -0.018187667112017268, "roll": -0.003067962, "hand": 3.11551498, "spd": 1000, "acc": 50}\n'
{'T': 1051, 'x': 337.1087559, 'y': -69.20807034, 'z': 177.0045436, 'tit': 0.142660213, 'b': -0.202485464, 's': 0.013805827, 'e': 1.705786636, 't': -0.006135923, 'r': -0.003067962, 'g': 3.107845076, 'tB': -84, 'tS': 200, 'tE': -24, 'tT': 44, 'tR': 0, 'tG': -16, 'torswitchB': 1, 'torswitchS': 1, 'torswitchE': 1, 'torswitchT': 1, 'torswitchR': 1, 'torswitchG': 1, 'v': 1212}
b'{"T": 102, "base": -0.2659863088124976, "shoulder": -0.07481791433563545, "elbow": 1.7240429937070814, "wrist": -0.01860350157654924, "roll": -0.003067962, "hand": 3.11551498, "spd": 1000, "acc": 50}\n'
{'T': 1051, 'x': 334.6369533, 'y': -72.99133469, 'z': 176.2507476, 'tit': 0.145728175, 'b': -0.21475731, 's': 0.007669904, 'e': 1.714990521, 't': -0.006135923, 'r': -0.003067962, 'g': 3.107845076, 'tB': -104, 'tS': 212, 'tE': 0, 'tT': 48, 'tR': 0, 'tG': -16, 'torswitchB': 1, 'torswitchS': 1, 'torswitchE': 1, 'torswitchT': 1, 'torswitchR': 1, 'torswitchG': 1, 'v': 1212}
b'{"T": 102, "base": -0.27407676230941136, "shoulder": -0.0796306897282385, "elbow": 1.7292447003561602, "wrist": -0.01899243283302523, "roll": -0.003067962, "hand": 3.11551498, "spd": 1000, "acc": 50}\n'
{'T': 1051, 'x': 333.793266, 'y': -75.49382245, 'z': 174.8216166, 'tit': 0.150330117, 'b': -0.222427214, 's': 0.007669904, 'e': 1.719592463, 't': -0.006135923, 'r': -0.003067962, 'g': 3.107845076, 'tB': -72, 'tS': 208, 'tE': 32, 'tT': 48, 'tR': 0, 'tG': -16, 'torswitchB': 1, 'torswitchS': 1, 'torswitchE': 1, 'torswitchT': 1, 'torswitchR': 1, 'torswitchG': 1, 'v': 1212}
b'{"T": 102, "base": -0.2821563664481969, "shoulder": -0.08456641467571346, "elbow": 1.7345394764343671, "wrist": -0.019351483963757098, "roll": -0.003067962, "hand": 3.11551498, "spd": 1000, "acc": 50}\n'
{'T': 1051, 'x': 332.3010607, 'y': -76.76547188, 'z': 176.4415102, 'tit': 0.145728175, 'b': -0.227029157, 's': 0.001533981, 'e': 1.721126444, 't': -0.006135923, 'r': -0.003067962, 'g': 3.107845076, 'tB': -88, 'tS': 204, 'tE': -20, 'tT': 48, 'tR': 0, 'tG': -16, 'torswitchB': 1, 'torswitchS': 1, 'torswitchE': 1, 'torswitchT': 1, 'torswitchR': 1, 'torswitchG': 1, 'v': 1213}
b'{"T": 102, "base": -0.2902247277325535, "shoulder": -0.08962480477216939, "elbow": 1.7399239948231813, "wrist": -0.019677612256115216, "roll": -0.003067962, "hand": 3.11551498, "spd": 1000, "acc": 50}\n'
{'T': 1051, 'x': 329.5567125, 'y': -80.40391922, 'z': 174.7181395, 'tit': 0.151864098, 'b': -0.239301003, 's': -0.004601942, 'e': 1.73339829, 't': -0.006135923, 'r': -0.003067962, 'g': 3.107845076, 'tB': -92, 'tS': 212, 'tE': 24, 'tT': 48, 'tR': 0, 'tG': -16, 'torswitchB': 1, 'torswitchS': 1, 'torswitchE': 1, 'torswitchT': 1, 'torswitchR': 1, 'torswitchG': 1, 'v': 1213}
b'{"T": 102, "base": -0.2982814428573549, "shoulder": -0.09480558344983159, "elbow": 1.7453948709907114, "wrist": -0.019967709745983296, "roll": -0.003067962, "hand": 3.11551498, "spd": 1000, "acc": 50}\n'
{'T': 1051, 'x': 328.1828929, 'y': -82.20553522, 'z': 175.8009924, 'tit': 0.148796136, 'b': -0.245436926, 's': -0.009203885, 'e': 1.734932271, 't': -0.006135923, 'r': -0.003067962, 'g': 3.107845076, 'tB': -84, 'tS': 196, 'tE': 28, 'tT': 52, 'tR': 0, 'tG': -16, 'torswitchB': 1, 'torswitchS': 1, 'torswitchE': 1, 'torswitchT': 1, 'torswitchR': 1, 'torswitchG': 1, 'v': 1213}
b'{"T": 102, "base": -0.3063260982532286, "shoulder": -0.10010848244817871, "elbow": 1.7509486639874317, "wrist": -0.020218603744356266, "roll": -0.003067962, "hand": 3.11551498, "spd": 1000, "acc": 50}\n'
{'T': 1051, 'x': 327.3200422, 'y': -84.12714062, 'z': 175.8433874, 'tit': 0.148796136, 'b': -0.251572849, 's': -0.010737866, 'e': 1.736466252, 't': -0.006135923, 'r': -0.003067962, 'g': 3.107845076, 'tB': -84, 'tS': 212, 'tE': -20, 'tT': 52, 'tR': 0, 'tG': -16, 'torswitchB': 1, 'torswitchS': 1, 'torswitchE': 1, 'torswitchT': 1, 'torswitchR': 1, 'torswitchG': 1, 'v': 1212}
b'{"T": 102, "base": -0.31435826961107916, "shoulder": -0.1055332422201617, "elbow": 1.7565818773653745, "wrist": -0.02042705735031638, "roll": -0.003067962, "hand": 3.11551498, "spd": 1000, "acc": 50}\n'
{'T': 1051, 'x': 324.197756, 'y': -87.04622413, 'z': 175.6098031, 'tit': 0.150330117, 'b': -0.262310715, 's': -0.01994175, 'e': 1.747204117, 't': -0.006135923, 'r': -0.003067962, 'g': 3.107845076, 'tB': -96, 'tS': 216, 'tE': 24, 'tT': 52, 'tR': 0, 'tG': -16, 'torswitchB': 1, 'torswitchS': 1, 'torswitchE': 1, 'torswitchT': 1, 'torswitchR': 1, 'torswitchG': 1, 'v': 1212}
b'{"T": 102, "base": -0.32237752138536413, "shoulder": -0.11107961227140384, "elbow": 1.762290960020483, "wrist": -0.02058976995418251, "roll": -0.003067962, "hand": 3.11551498, "spd": 1000, "acc": 50}\n'
{'T': 1051, 'x': 322.5584948, 'y': -89.2639573, 'z': 176.1998215, 'tit': 0.148796136, 'b': -0.269980619, 's': -0.024543693, 'e': 1.750272079, 't': -0.006135923, 'r': -0.003067962, 'g': 3.107845076, 'tB': -76, 'tS': 192, 'tE': 28, 'tT': 52, 'tR': 0, 'tG': -16, 'torswitchB': 1, 'torswitchS': 1, 'torswitchE': 1, 'torswitchT': 1, 'torswitchR': 1, 'torswitchG': 1, 'v': 1213}
b'{"T": 102, "base": -0.33038340627485774, "shoulder": -0.1167473514281776, "elbow": 1.7680723069583126, "wrist": -0.02070337773523847, "roll": -0.003067962, "hand": 3.11551498, "spd": 1000, "acc": 50}\n'
{'T': 1051, 'x': 319.7786629, 'y': -92.73409378, 'z': 176.8546632, 'tit': 0.147262156, 'b': -0.282252465, 's': -0.032213597, 'e': 1.756408002, 't': -0.006135923, 'r': -0.003067962, 'g': 3.107845076, 'tB': -92, 'tS': 212, 'tE': -20, 'tT': 52, 'tR': 0, 'tG': -16, 'torswitchB': 1, 'torswitchS': 1, 'torswitchE': 1, 'torswitchT': 1, 'torswitchR': 1, 'torswitchG': 1, 'v': 1212}
b'{"T": 102, "base": -0.3383754646795595, "shoulder": -0.12253622802987629, "elbow": 1.773922259983794, "wrist": -0.020764454159021194, "roll": -0.003067962, "hand": 3.11551498, "spd": 1000, "acc": 50}\n'
{'T': 1051, 'x': 317.4247437, 'y': -95.22726922, 'z': 176.5109914, 'tit': 0.148796136, 'b': -0.29145635, 's': -0.03834952, 'e': 1.764077906, 't': -0.006135923, 'r': -0.003067962, 'g': 3.107845076, 'tB': -84, 'tS': 204, 'tE': -24, 'tT': 52, 'tR': 0, 'tG': -16, 'torswitchB': 1, 'torswitchS': 1, 'torswitchE': 1, 'torswitchT': 1, 'torswitchR': 1, 'torswitchG': 1, 'v': 1212}
b'{"T": 102, "base": -0.3463532241323175, "shoulder": -0.12844602004159644, "elbow": 1.7798371083162867, "wrist": -0.020769510479793717, "roll": -0.003067962, "hand": 3.11551498, "spd": 1000, "acc": 50}\n'
{'T': 1051, 'x': 315.8450237, 'y': -96.86969654, 'z': 176.8620068, 'tit': 0.147262156, 'b': -0.297592273, 's': -0.042951462, 'e': 1.768679848, 't': -0.007669904, 'r': -0.003067962, 'g': 3.107845076, 'tB': -92, 'tS': 212, 'tE': 0, 'tT': 48, 'tR': 0, 'tG': -16, 'torswitchB': 1, 'torswitchS': 1, 'torswitchE': 1, 'torswitchT': 1, 'torswitchR': 1, 'torswitchG': 1, 'v': 1213}
b'{"T": 102, "base": -0.35431619870364317, "shoulder": -0.1344765150823246, "elbow": 1.7858130891316593, "wrist": -0.020714996254438088, "roll": -0.003067962, "hand": 3.11551498, "spd": 1000, "acc": 50}\n'
{'T': 1051, 'x': 313.7618095, 'y': -98.34108635, 'z': 176.5027168, 'tit': 0.148796136, 'b': -0.303728196, 's': -0.049087385, 'e': 1.776349752, 't': -0.007669904, 'r': -0.003067962, 'g': 3.107845076, 'tB': -100, 'tS': 208, 'tE': 20, 'tT': 52, 'tR': 0, 'tG': -16, 'torswitchB': 1, 'torswitchS': 1, 'torswitchE': 1, 'torswitchT': 1, 'torswitchR': 1, 'torswitchG': 1, 'v': 1213}
b'{"T": 102, "base": -0.36226388837809764, "shoulder": -0.14062751036411125, "elbow": 1.7918463880336706, "wrist": -0.020597299874662765, "roll": -0.003067962, "hand": 3.11551498, "spd": 1000, "acc": 50}\n'
{'T': 1051, 'x': 312.198687, 'y': -99.95905381, 'z': 177.0609376, 'tit': 0.147262156, 'b': -0.309864119, 's': -0.053689328, 'e': 1.779417714, 't': -0.007669904, 'r': -0.003067962, 'g': 3.107845076, 'tB': -104, 'tS': 216, 'tE': 0, 'tT': 52, 'tR': 0, 'tG': -16, 'torswitchB': 1, 'torswitchS': 1, 'torswitchE': 1, 'torswitchT': 1, 'torswitchR': 1, 'torswitchG': 1, 'v': 1211}
b'{"T": 102, "base": -0.37019577840052054, "shoulder": -0.14689881253745352, "elbow": 1.797933139457419, "wrist": -0.020412749125068873, "roll": -0.003067962, "hand": 3.11551498, "spd": 1000, "acc": 50}\n'
{'T': 1051, 'x': 310.1356881, 'y': -102.4549923, 'z': 176.6614665, 'tit': 0.148796136, 'b': -0.319068004, 's': -0.05829127, 'e': 1.785553637, 't': -0.007669904, 'r': -0.003067962, 'g': 3.107845076, 'tB': -76, 'tS': 192, 'tE': 32, 'tT': 52, 'tR': 0, 'tG': -16, 'torswitchB': 1, 'torswitchS': 1, 'torswitchE': 1, 'torswitchT': 1, 'torswitchR': 1, 'torswitchG': 1, 'v': 1212}
b'{"T": 102, "base": -0.378111338590259, "shoulder": -0.15329023743799097, "elbow": 1.8040694270081776, "wrist": -0.020157611775290095, "roll": -0.003067962, "hand": 3.11551498, "spd": 1000, "acc": 50}\n'
{'T': 1051, 'x': 307.1759459, 'y': -105.1487761, 'z': 178.0103772, 'tit': 0.144194194, 'b': -0.329805869, 's': -0.067495155, 'e': 1.79168956, 't': -0.009203885, 'r': -0.003067962, 'g': 3.107845076, 'tB': -92, 'tS': 212, 'tE': -20, 'tT': 36, 'tR': 0, 'tG': -16, 'torswitchB': 1, 'torswitchS': 1, 'torswitchE': 1, 'torswitchT': 1, 'torswitchR': 1, 'torswitchG': 1, 'v': 1213}
b'{"T": 102, "base": -0.38601002262143036, "shoulder": -0.15980160972943702, "elbow": 1.810251283739444, "wrist": -0.019828096215110412, "roll": -0.003067962, "hand": 3.11551498, "spd": 1000, "acc": 50}\n'
{'T': 1051, 'x': 305.2196396, 'y': -106.050791, 'z': 177.6149868, 'tit': 0.145728175, 'b': -0.334407812, 's': -0.073631078, 'e': 1.799359464, 't': -0.009203885, 'r': -0.003067962, 'g': 3.107845076, 'tB': -72, 'tS': 184, 'tE': 44, 'tT': 44, 'tR': 0, 'tG': -16, 'torswitchB': 1, 'torswitchS': 1, 'torswitchE': 1, 'torswitchT': 1, 'torswitchR': 1, 'torswitchG': 1, 'v': 1212}
b'{"T": 102, "base": -0.3938912672671175, "shoulder": -0.16643276243751282, "elbow": 1.8164746923745585, "wrist": -0.01942035214214912, "roll": -0.003067962, "hand": 3.11551498, "spd": 1000, "acc": 50}\n'
{'T': 1051, 'x': 304.3772307, 'y': -106.8057642, 'z': 178.6054656, 'tit': 0.142660213, 'b': -0.337475773, 's': -0.076699039, 'e': 1.799359464, 't': -0.009203885, 'r': -0.003067962, 'g': 3.107845076, 'tB': -96, 'tS': 208, 'tE': -24, 'tT': 44, 'tR': 0, 'tG': -16, 'torswitchB': 1, 'torswitchS': 1, 'torswitchE': 1, 'torswitchT': 1, 'torswitchR': 1, 'torswitchG': 1, 'v': 1212}
b'{"T": 102, "base": -0.4017544916052561, "shoulder": -0.1731835363694889, "elbow": 1.8227355854767924, "wrist": -0.018930471312406903, "roll": -0.003067962, "hand": 3.11551498, "spd": 1000, "acc": 50}\n'
{'T': 1051, 'x': 300.7199399, 'y': -109.6853464, 'z': 177.27398, 'tit': 0.147262156, 'b': -0.34974762, 's': -0.085902924, 'e': 1.813165291, 't': -0.009203885, 'r': -0.003067962, 'g': 3.107845076, 'tB': -100, 'tS': 208, 'tE': 28, 'tT': 44, 'tR': 0, 'tG': -16, 'torswitchB': 1, 'torswitchS': 1, 'torswitchE': 1, 'torswitchT': 1, 'torswitchR': 1, 'torswitchG': 1, 'v': 1212}
b'{"T": 102, "base": -0.4095990961838127, "shoulder": -0.18005377941374956, "elbow": 1.829029845573323, "wrist": -0.01835448836467681, "roll": -0.003067962, "hand": 3.11551498, "spd": 1000, "acc": 50}\n'
{'T': 1051, 'x': 299.2719305, 'y': -111.7653018, 'z': 177.7786365, 'tit': 0.145728175, 'b': -0.357417524, 's': -0.088970886, 'e': 1.814699272, 't': -0.009203885, 'r': -0.003067962, 'g': 3.107845076, 'tB': -76, 'tS': 192, 'tE': 20, 'tT': 44, 'tR': 0, 'tG': -16, 'torswitchB': 1, 'torswitchS': 1, 'torswitchE': 1, 'torswitchT': 1, 'torswitchR': 1, 'torswitchG': 1, 'v': 1211}
b'{"T": 102, "base": -0.4174244621426895, "shoulder": -0.18704334571363335, "elbow": 1.8353533052390711, "wrist": -0.017688381730541235, "roll": -0.003067962, "hand": 3.11551498, "spd": 1000, "acc": 50}\n'
{'T': 1051, 'x': 297.8145448, 'y': -112.7854031, 'z': 178.2933462, 'tit': 0.144194194, 'b': -0.362019466, 's': -0.093572828, 'e': 1.817767234, 't': -0.009203885, 'r': -0.003067962, 'g': 3.107845076, 'tB': -96, 'tS': 208, 'tE': -20, 'tT': 44, 'tR': 0, 'tG': -16, 'torswitchB': 1, 'torswitchS': 1, 'torswitchE': 1, 'torswitchT': 1, 'torswitchR': 1, 'torswitchG': 1, 'v': 1212}
b'{"T": 102, "base": -0.4252299502896121, "shoulder": -0.1941520947096247, "elbow": 1.841701747146913, "wrist": -0.016928074642391787, "roll": -0.003067962, "hand": 3.11551498, "spd": 1000, "acc": 50}\n'
{'T': 1051, 'x': 293.6823993, 'y': -115.3608872, 'z': 178.3703771, 'tit': 0.144194194, 'b': -0.374291312, 's': -0.105844674, 'e': 1.83003908, 't': -0.009203885, 'r': -0.003067962, 'g': 3.107845076, 'tB': -100, 'tS': 208, 'tE': 24, 'tT': 40, 'tR': 0, 'tG': -16, 'torswitchB': 1, 'torswitchS': 1, 'torswitchE': 1, 'torswitchT': 1, 'torswitchR': 1, 'torswitchG': 1, 'v': 1212}
b'{"T": 102, "base": -0.43301490012705507, "shoulder": -0.2013798900438004, "elbow": 1.8480709040913224, "wrist": -0.01606943625262538, "roll": -0.003067962, "hand": 3.11551498, "spd": 1000, "acc": 50}\n'
{'T': 1051, 'x': 291.5154809, 'y': -117.0984446, 'z': 178.8721157, 'tit': 0.142660213, 'b': -0.381961216, 's': -0.111980598, 'e': 1.834641022, 't': -0.009203885, 'r': -0.003067962, 'g': 3.107845076, 'tB': -72, 'tS': 184, 'tE': 32, 'tT': 40, 'tR': 0, 'tG': -16, 'torswitchB': 1, 'torswitchS': 1, 'torswitchE': 1, 'torswitchT': 1, 'torswitchR': 1, 'torswitchG': 1, 'v': 1212}
b'{"T": 102, "base": -0.4407786288270587, "shoulder": -0.2087265983202682, "elbow": 1.8544564589930568, "wrist": -0.01510828287789203, "roll": -0.003067962, "hand": 3.11551498, "spd": 1000, "acc": 50}\n'
{'T': 1051, 'x': 290.0159069, 'y': -119.0874257, 'z': 179.3581063, 'tit': 0.141126232, 'b': -0.38963112, 's': -0.115048559, 'e': 1.836175003, 't': -0.009203885, 'r': -0.003067962, 'g': 3.107845076, 'tB': -76, 'tS': 212, 'tE': -20, 'tT': 40, 'tR': 0, 'tG': -16, 'torswitchB': 1, 'torswitchS': 1, 'torswitchE': 1, 'torswitchT': 1, 'torswitchR': 1, 'torswitchG': 1, 'v': 1213}
b'{"T": 102, "base": -0.4485204301505549, "shoulder": -0.21619208771521015, "elbow": 1.8608540448930708, "wrist": -0.014040379382964117, "roll": -0.003067962, "hand": 3.11551498, "spd": 1000, "acc": 50}\n'
{'T': 1051, 'x': 286.2908563, 'y': -120.6488791, 'z': 177.9423327, 'tit': 0.145728175, 'b': -0.398835005, 's': -0.125786425, 'e': 1.851514811, 't': -0.009203885, 'r': -0.003067962, 'g': 3.107845076, 'tB': -96, 'tS': 212, 'tE': 28, 'tT': 28, 'tR': 0, 'tG': -16, 'torswitchB': 1, 'torswitchS': 1, 'torswitchE': 1, 'torswitchT': 1, 'torswitchR': 1, 'torswitchG': 1, 'v': 1212}
b'{"T": 102, "base": -0.45623957330757886, "shoulder": -0.2237762264299763, "elbow": 1.86725924494438, "wrist": -0.012861440719507032, "roll": -0.003067962, "hand": 3.11551498, "spd": 1000, "acc": 50}\n'
{'T': 1051, 'x': 284.3689569, 'y': -121.8990501, 'z': 178.8914226, 'tit': 0.142660213, 'b': -0.404970928, 's': -0.131922348, 'e': 1.854582773, 't': -0.009203885, 'r': -0.003067962, 'g': 3.107845076, 'tB': -76, 'tS': 188, 'tE': 32, 'tT': 32, 'tR': 0, 'tG': -16, 'torswitchB': 1, 'torswitchS': 1, 'torswitchE': 1, 'torswitchT': 1, 'torswitchR': 1, 'torswitchG': 1, 'v': 1212}
b'{"T": 102, "base": -0.46393530175447156, "shoulder": -0.23147888098059144, "elbow": 1.8736675924111723, "wrist": -0.011567133635684311, "roll": -0.003067962, "hand": 3.11551498, "spd": 1000, "acc": 50}\n'
{'T': 1051, 'x': 283.1112084, 'y': -123.4217024, 'z': 179.8397902, 'tit': 0.139592252, 'b': -0.411106851, 's': -0.134990309, 'e': 1.854582773, 't': -0.009203885, 'r': -0.003067962, 'g': 3.107845076, 'tB': -80, 'tS': 212, 'tE': -28, 'tT': 32, 'tR': 0, 'tG': -16, 'torswitchB': 1, 'torswitchS': 1, 'torswitchE': 1, 'torswitchT': 1, 'torswitchR': 1, 'torswitchG': 1, 'v': 1213}
b'{"T": 102, "base": -0.47160683192389374, "shoulder": -0.23929991431694853, "elbow": 1.8800745706850492, "wrist": -0.010153078573204154, "roll": -0.003067962, "hand": 3.11551498, "spd": 1000, "acc": 50}\n'
{'T': 1051, 'x': 278.8453608, 'y': -125.1421663, 'z': 180.2645587, 'tit': 0.138058271, 'b': -0.421844717, 's': -0.148796136, 'e': 1.866854619, 't': -0.009203885, 'r': -0.003067962, 'g': 3.107845076, 'tB': -96, 'tS': 212, 'tE': 0, 'tT': 20, 'tR': 0, 'tG': -16, 'torswitchB': 1, 'torswitchS': 1, 'torswitchE': 1, 'torswitchT': 1, 'torswitchR': 1, 'torswitchG': 1, 'v': 1212}
b'{"T": 102, "base": -0.4792533518831548, "shoulder": -0.24723918376490683, "elbow": 1.8864756133288085, "wrist": -0.008614851769005137, "roll": -0.003067962, "hand": 3.11551498, "spd": 1000, "acc": 50}\n'
{'T': 1051, 'x': 276.8212406, 'y': -126.2800873, 'z': 180.7039472, 'tit': 0.13652429, 'b': -0.42798064, 's': -0.15493206, 'e': 1.871456561, 't': -0.009203885, 'r': -0.003067962, 'g': 3.107845076, 'tB': -68, 'tS': 184, 'tE': 28, 'tT': 24, 'tR': 0, 'tG': -16, 'torswitchB': 1, 'torswitchS': 1, 'torswitchE': 1, 'torswitchT': 1, 'torswitchR': 1, 'torswitchG': 1, 'v': 1213}
b'{"T": 102, "base": -0.48687401991602197, "shoulder": -0.2552965387845141, "elbow": 1.8928661041587806, "wrist": -0.006947987579370006, "roll": -0.003067962, "hand": 3.11551498, "spd": 1000, "acc": 50}\n'
{'T': 1051, 'x': 273.446559, 'y': -128.3054876, 'z': 182.5264413, 'tit': 0.130388367, 'b': -0.438718505, 's': -0.165669925, 'e': 1.876058504, 't': -0.009203885, 'r': -0.003067962, 'g': 3.107845076, 'tB': -88, 'tS': 216, 'tE': -24, 'tT': 0, 'tR': 0, 'tG': -16, 'torswitchB': 1, 'torswitchS': 1, 'torswitchE': 1, 'torswitchT': 1, 'torswitchR': 1, 'torswitchG': 1, 'v': 1213}
b'{"T": 102, "base": -0.49446796302280444, "shoulder": -0.2634718185376055, "elbow": 1.899241377377277, "wrist": -0.005147981044774895, "roll": -0.003067962, "hand": 3.11551498, "spd": 1000, "acc": 50}\n'
{'T': 1051, 'x': 271.5214526, 'y': -128.420083, 'z': 181.2502543, 'tit': 0.134990309, 'b': -0.441786467, 's': -0.171805848, 'e': 1.885262388, 't': -0.007669904, 'r': -0.003067962, 'g': 3.107845076, 'tB': -80, 'tS': 184, 'tE': 28, 'tT': 28, 'tR': 0, 'tG': -16, 'torswitchB': 1, 'torswitchS': 1, 'torswitchE': 1, 'torswitchT': 1, 'torswitchR': 1, 'torswitchG': 1, 'v': 1212}
b'{"T": 102, "base": -0.5020342753331071, "shoulder": -0.27176484925813216, "elbow": 1.905596717767258, "wrist": -0.003210290714229201, "roll": -0.003067962, "hand": 3.11551498, "spd": 1000, "acc": 50}\n'
{'T': 1051, 'x': 270.3465714, 'y': -129.3901607, 'z': 181.6931797, 'tit': 0.133456329, 'b': -0.446388409, 's': -0.17487381, 'e': 1.886796369, 't': -0.007669904, 'r': -0.003067962, 'g': 3.107845076, 'tB': -92, 'tS': 216, 'tE': -28, 'tT': 0, 'tR': 0, 'tG': -16, 'torswitchB': 1, 'torswitchS': 1, 'torswitchE': 1, 'torswitchT': 1, 'torswitchR': 1, 'torswitchG': 1, 'v': 1213}
b'{"T": 102, "base": -0.5095720164252117, "shoulder": -0.28017544141872053, "elbow": 1.9119273609618839, "wrist": -0.0011303417482667819, "roll": -0.003067962, "hand": 3.11551498, "spd": 1000, "acc": 50}\n'
{'T': 1051, 'x': 267.7031221, 'y': -130.65792, 'z': 181.5967334, 'tit': 0.133456329, 'b': -0.454058313, 's': -0.182543714, 'e': 1.894466273, 't': -0.007669904, 'r': -0.003067962, 'g': 3.107845076, 'tB': -92, 'tS': 208, 'tE': 0, 'tT': -20, 'tR': 0, 'tG': -16, 'torswitchB': 1, 'torswitchS': 1, 'torswitchE': 1, 'torswitchT': 1, 'torswitchR': 1, 'torswitchG': 1, 'v': 1213}
b'{"T": 102, "base": -0.5170802095455717, "shoulder": -0.28870338668720996, "elbow": 1.9182284938021341, "wrist": 0.001096470679972407, "roll": -0.003067962, "hand": 3.11551498, "spd": 1000, "acc": 50}\n'
{'T': 1051, 'x': 263.3416988, 'y': -133.0617757, 'z': 181.8909701, 'tit': 0.131922348, 'b': -0.46786414, 's': -0.19481556, 'e': 1.905204139, 't': -0.007669904, 'r': -0.003067962, 'g': 3.107845076, 'tB': -88, 'tS': 212, 'tE': -20, 'tT': -24, 'tR': 0, 'tG': -16, 'torswitchB': 1, 'torswitchS': 1, 'torswitchE': 1, 'torswitchT': 1, 'torswitchR': 1, 'torswitchG': 1, 'v': 1213}
b'{"T": 102, "base": -0.5245578397213826, "shoulder": -0.2973484546672136, "elbow": 1.9244952547961907, "wrist": 0.0034747776659195054, "roll": -0.003067962, "hand": 3.11551498, "spd": 1000, "acc": 50}\n'
{'T': 1051, 'x': 260.517487, 'y': -134.1528507, 'z': 182.6856441, 'tit': 0.128854386, 'b': -0.475534044, 's': -0.204019445, 'e': 1.911340062, 't': -0.007669904, 'r': -0.003067962, 'g': 3.107845076, 'tB': -64, 'tS': 176, 'tE': 36, 'tT': -20, 'tR': 0, 'tG': -16, 'torswitchB': 1, 'torswitchS': 1, 'torswitchE': 1, 'torswitchT': 1, 'torswitchR': 1, 'torswitchG': 1, 'v': 1214}
b'{"T": 102, "base": -0.5320038517586401, "shoulder": -0.30611038941715507, "elbow": 1.930722734694759, "wrist": 0.006009232517292552, "roll": -0.003067962, "hand": 3.11551498, "spd": 1000, "acc": 50}\n'
{'T': 1051, 'x': 256.7760938, 'y': -135.7341248, 'z': 184.3526158, 'tit': 0.122718463, 'b': -0.48627191, 's': -0.216291291, 'e': 1.917475985, 't': -0.007669904, 'r': -0.003067962, 'g': 3.107845076, 'tB': -84, 'tS': 212, 'tE': 0, 'tT': -36, 'tR': 0, 'tG': -16, 'torswitchB': 1, 'torswitchS': 1, 'torswitchE': 1, 'torswitchT': 1, 'torswitchR': 1, 'torswitchG': 1, 'v': 1212}
b'{"T": 102, "base": -0.5394171481174728, "shoulder": -0.31498890574274796, "elbow": 1.9369059771969666, "wrist": 0.008704506340677966, "roll": -0.003067962, "hand": 3.11551498, "spd": 1000, "acc": 50}\n'
{'T': 1051, 'x': 254.4858917, 'y': -136.5278632, 'z': 183.2203455, 'tit': 0.127320405, 'b': -0.492407833, 's': -0.222427214, 'e': 1.925145889, 't': -0.004601942, 'r': -0.003067962, 'g': 3.107845076, 'tB': -68, 'tS': 180, 'tE': 44, 'tT': -20, 'tR': 0, 'tG': -16, 'torswitchB': 1, 'torswitchS': 1, 'torswitchE': 1, 'torswitchT': 1, 'torswitchR': 1, 'torswitchG': 1, 'v': 1213}
b'{"T": 102, "base": -0.5467965866558748, "shoulder": -0.323983685258487, "elbow": 1.943039979801877, "wrist": 0.01156528325150661, "roll": -0.003067962, "hand": 3.11551498, "spd": 1000, "acc": 50}\n'
{'T': 1051, 'x': 252.9446396, 'y': -137.2037906, 'z': 183.5515994, 'tit': 0.127320405, 'b': -0.497009775, 's': -0.227029157, 'e': 1.92667987, 't': -0.001533981, 'r': -0.003067962, 'g': 3.107845076, 'tB': -76, 'tS': 200, 'tE': -20, 'tT': -20, 'tR': 0, 'tG': -16, 'torswitchB': 1, 'torswitchS': 1, 'torswitchE': 1, 'torswitchT': 1, 'torswitchR': 1, 'torswitchG': 1, 'v': 1212}
b'{"T": 102, "base": -0.5541409782322313, "shoulder": -0.3330943722144646, "elbow": 1.9491196948210314, "wrist": 0.014596255188329722, "roll": -0.003067962, "hand": 3.11551498, "spd": 1000, "acc": 50}\n'
{'T': 1051, 'x': 248.5551938, 'y': -138.7971842, 'z': 182.4630452, 'tit': 0.131922348, 'b': -0.509281622, 's': -0.239301003, 'e': 1.938951716, 't': 0.003067962, 'r': -0.003067962, 'g': 3.107845076, 'tB': -88, 'tS': 216, 'tE': 24, 'tT': -24, 'tR': 0, 'tG': -16, 'torswitchB': 1, 'torswitchS': 1, 'torswitchE': 1, 'torswitchT': 1, 'torswitchR': 1, 'torswitchG': 1, 'v': 1213}
b'{"T": 102, "base": -0.5614490841562307, "shoulder": -0.34232056908569586, "elbow": 1.9551400305677442, "wrist": 0.017802116312848205, "roll": -0.003067962, "hand": 3.11551498, "spd": 1000, "acc": 50}\n'
{'T': 1051, 'x': 246.2138008, 'y': -139.4783953, 'z': 182.9471164, 'tit': 0.130388367, 'b': -0.515417545, 's': -0.246970907, 'e': 1.943553658, 't': 0.004601942, 'r': -0.003067962, 'g': 3.107845076, 'tB': -68, 'tS': 180, 'tE': 36, 'tT': -20, 'tR': 0, 'tG': -16, 'torswitchB': 1, 'torswitchS': 1, 'torswitchE': 1, 'torswitchT': 1, 'torswitchR': 1, 'torswitchG': 1, 'v': 1213}
b'{"T": 102, "base": -0.568719613476889, "shoulder": -0.35166183192215317, "elbow": 1.9610958527391253, "wrist": 0.021187556977924384, "roll": -0.003067962, "hand": 3.11551498, "spd": 1000, "acc": 50}\n'
{'T': 1051, 'x': 244.3058052, 'y': -140.3845665, 'z': 184.2012767, 'tit': 0.125786425, 'b': -0.521553468, 's': -0.25310683, 'e': 1.945087639, 't': 0.004601942, 'r': -0.003067962, 'g': 3.107845076, 'tB': -68, 'tS': 200, 'tE': -28, 'tT': -32, 'tR': 0, 'tG': -16, 'torswitchB': 1, 'torswitchS': 1, 'torswitchE': 1, 'torswitchT': 1, 'torswitchR': 1, 'torswitchG': 1, 'v': 1214}
b'{"T": 102, "base": -0.5759512200954511, "shoulder": -0.3611176654588548, "elbow": 1.966981986006979, "wrist": 0.024757257246772336, "roll": -0.003067962, "hand": 3.11551498, "spd": 1000, "acc": 50}\n'
{'T': 1051, 'x': 240.0913836, 'y': -140.9179919, 'z': 183.4256037, 'tit': 0.130388367, 'b': -0.530757353, 's': -0.266912657, 'e': 1.955825505, 't': 0.012271846, 'r': -0.003067962, 'g': 3.107845076, 'tB': -80, 'tS': 216, 'tE': 0, 'tT': -20, 'tR': 0, 'tG': -16, 'torswitchB': 1, 'torswitchS': 1, 'torswitchE': 1, 'torswitchT': 1, 'torswitchR': 1, 'torswitchG': 1, 'v': 1213}
b'{"T": 102, "base": -0.5831424996898968, "shoulder": -0.3706875179867073, "elbow": 1.9727932158338228, "wrist": 0.02851587994778102, "roll": -0.003067962, "hand": 3.11551498, "spd": 1000, "acc": 50}\n'
{'T': 1051, 'x': 237.6876636, 'y': -141.4751295, 'z': 183.3816438, 'tit': 0.130388367, 'b': -0.536893276, 's': -0.274582561, 'e': 1.961961428, 't': 0.013805827, 'r': -0.003067962, 'g': 3.107845076, 'tB': -68, 'tS': 180, 'tE': 36, 'tT': -20, 'tR': 0, 'tG': -16, 'torswitchB': 1, 'torswitchS': 1, 'torswitchE': 1, 'torswitchT': 1, 'torswitchR': 1, 'torswitchG': 1, 'v': 1214}
b'{"T": 102, "base": -0.5902919864366263, "shoulder": -0.380370775986262, "elbow": 1.9785242905302673, "wrist": 0.03246806325089122, "roll": -0.003067962, "hand": 3.11551498, "spd": 1000, "acc": 50}\n'
{'T': 1051, 'x': 235.9983169, 'y': -141.9444732, 'z': 184.5964714, 'tit': 0.125786425, 'b': -0.541495218, 's': -0.280718484, 'e': 1.963495408, 't': 0.013805827, 'r': -0.003067962, 'g': 3.107845076, 'tB': -76, 'tS': 200, 'tE': -20, 'tT': -32, 'tR': 0, 'tG': -16, 'torswitchB': 1, 'torswitchS': 1, 'torswitchE': 1, 'torswitchT': 1, 'torswitchR': 1, 'torswitchG': 1, 'v': 1213}
b'{"T": 102, "base": -0.5973981495136453, "shoulder": -0.3901667585282387, "elbow": 1.9841699235698986, "wrist": 0.03661841275323661, "roll": -0.003067962, "hand": 3.11551498, "spd": 1000, "acc": 50}\n'
{'T': 1051, 'x': 231.6763628, 'y': -142.2649296, 'z': 182.7741006, 'tit': 0.133456329, 'b': -0.550699103, 's': -0.294524311, 'e': 1.977301236, 't': 0.021475731, 'r': -0.003067962, 'g': 3.107845076, 'tB': -84, 'tS': 212, 'tE': 32, 'tT': -28, 'tR': 0, 'tG': -16, 'torswitchB': 1, 'torswitchS': 1, 'torswitchE': 1, 'torswitchT': 1, 'torswitchR': 1, 'torswitchG': 1, 'v': 1213}
b'{"T": 102, "base": -0.6044593893681977, "shoulder": -0.4000747114465033, "elbow": 1.9897247961775812, "wrist": 0.04097149306381862, "roll": -0.003067962, "hand": 3.11551498, "spd": 1000, "acc": 50}\n'
{'T': 1051, 'x': 229.2040718, 'y': -142.6908196, 'z': 184.2723802, 'tit': 0.128854386, 'b': -0.556835026, 's': -0.303728196, 'e': 1.978835216, 't': 0.024543693, 'r': -0.003067962, 'g': 3.107845076, 'tB': -72, 'tS': 184, 'tE': 28, 'tT': 0, 'tR': 0, 'tG': -16, 'torswitchB': 1, 'torswitchS': 1, 'torswitchE': 1, 'torswitchT': 1, 'torswitchR': 1, 'torswitchG': 1, 'v': 1213}
b'{"T": 102, "base": -0.6114740337302655, "shoulder": -0.4100938012912285, "elbow": 1.995183560206756, "wrist": 0.04553181887936906, "roll": -0.003067962, "hand": 3.11551498, "spd": 1000, "acc": 50}\n'
{'T': 1051, 'x': 227.2547844, 'y': -143.4195849, 'z': 185.1875733, 'tit': 0.125786425, 'b': -0.562970949, 's': -0.309864119, 'e': 1.980369197, 't': 0.026077673, 'r': -0.003067962, 'g': 3.107845076, 'tB': -76, 'tS': 200, 'tE': -24, 'tT': -28, 'tR': 0, 'tG': -16, 'torswitchB': 1, 'torswitchS': 1, 'torswitchE': 1, 'torswitchT': 1, 'torswitchR': 1, 'torswitchG': 1, 'v': 1213}
b'{"T": 102, "base": -0.6184403333517046, "shoulder": -0.4202231090721673, "elbow": 2.0005408413208263, "wrist": 0.05030384554623755, "roll": -0.003067962, "hand": 3.11551498, "spd": 1000, "acc": 50}\n'
{'T': 1051, 'x': 222.564305, 'y': -143.3405785, 'z': 184.5624922, 'tit': 0.128854386, 'b': -0.572174834, 's': -0.326737908, 'e': 1.992641043, 't': 0.033747577, 'r': -0.003067962, 'g': 3.107845076, 'tB': -84, 'tS': 208, 'tE': 24, 'tT': -28, 'tR': 0, 'tG': -16, 'torswitchB': 1, 'torswitchS': 1, 'torswitchE': 1, 'torswitchT': 1, 'torswitchR': 1, 'torswitchG': 1, 'v': 1213}
b'{"T": 102, "base": -0.6253564574489356, "shoulder": -0.43046162380439235, "elbow": 2.0057912424931046, "wrist": 0.05529195910618432, "roll": -0.003067962, "hand": 3.11551498, "spd": 1000, "acc": 50}\n'
{'T': 1051, 'x': 220.2932343, 'y': -143.7979006, 'z': 185.3318845, 'tit': 0.127320405, 'b': -0.578310757, 's': -0.334407812, 'e': 1.994175024, 't': 0.03834952, 'r': -0.003067962, 'g': 3.107845076, 'tB': -72, 'tS': 176, 'tE': 28, 'tT': 20, 'tR': 0, 'tG': -16, 'torswitchB': 1, 'torswitchS': 1, 'torswitchE': 1, 'torswitchT': 1, 'torswitchR': 1, 'torswitchG': 1, 'v': 1213}
b'{"T": 102, "base": -0.6322204888251071, "shoulder": -0.4408082358713983, "elbow": 2.0109293478390087, "wrist": 0.06050046582728639, "roll": -0.003067962, "hand": 3.11551498, "spd": 1000, "acc": 50}\n'
{'T': 1051, 'x': 216.4754965, 'y': -143.6856131, 'z': 186.906782, 'tit': 0.121184482, 'b': -0.585980661, 's': -0.34974762, 'e': 2.000310947, 't': 0.041417481, 'r': -0.003067962, 'g': 3.107845076, 'tB': -96, 'tS': 200, 'tE': 0, 'tT': -36, 'tR': 0, 'tG': -16, 'torswitchB': 1, 'torswitchS': 1, 'torswitchE': 1, 'torswitchT': 1, 'torswitchR': 1, 'torswitchG': 1, 'v': 1213}
b'{"T": 102, "base": -0.6390304186454052, "shoulder": -0.4512617302232327, "elbow": 2.0159497267932514, "wrist": 0.06593358122487789, "roll": -0.003067962, "hand": 3.11551498, "spd": 1000, "acc": 50}\n'
{'T': 1051, 'x': 213.932261, 'y': -143.8962854, 'z': 185.458881, 'tit': 0.127320405, 'b': -0.592116584, 's': -0.357417524, 'e': 2.007980851, 't': 0.047553404, 'r': -0.003067962, 'g': 3.107845076, 'tB': -68, 'tS': 172, 'tE': 44, 'tT': 24, 'tR': 0, 'tG': -16, 'torswitchB': 1, 'torswitchS': 1, 'torswitchE': 1, 'torswitchT': 1, 'torswitchR': 1, 'torswitchG': 1, 'v': 1213}
b'{"T": 102, "base": -0.6457841408367423, "shoulder": -0.4618207794302007, "elbow": 2.020846938643679, "wrist": 0.07159541858141835, "roll": -0.003067962, "hand": 3.11551498, "spd": 1000, "acc": 50}\n'
{'T': 1051, 'x': 212.5595622, 'y': -144.3981377, 'z': 186.6434036, 'tit': 0.122718463, 'b': -0.596718526, 's': -0.362019466, 'e': 2.007980851, 't': 0.047553404, 'r': -0.003067962, 'g': 3.107845076, 'tB': -88, 'tS': 196, 'tE': -24, 'tT': -36, 'tR': 0, 'tG': -16, 'torswitchB': 1, 'torswitchS': 1, 'torswitchE': 1, 'torswitchT': 1, 'torswitchR': 1, 'torswitchG': 1, 'v': 1212}
b'{"T": 102, "base": -0.6524794460803338, "shoulder": -0.4724839366157234, "elbow": 2.0256155374321114, "wrist": 0.07748997697850832, "roll": -0.003067962, "hand": 3.11551498, "spd": 1000, "acc": 50}\n'
{'T': 1051, 'x': 210.382349, 'y': -144.3385051, 'z': 185.9497196, 'tit': 0.124252444, 'b': -0.601320469, 's': -0.36968937, 'e': 2.015650755, 't': 0.049087385, 'r': -0.003067962, 'g': 3.107845076, 'tB': -88, 'tS': 204, 'tE': 24, 'tT': -44, 'tR': 0, 'tG': -16, 'torswitchB': 1, 'torswitchS': 1, 'torswitchE': 1, 'torswitchT': 1, 'torswitchR': 1, 'torswitchG': 1, 'v': 1212}
b'{"T": 102, "base": -0.6591140153626834, "shoulder": -0.48324962829508245, "elbow": 2.0302500772311216, "wrist": 0.08362112885885739, "roll": -0.003067962, "hand": 3.11551498, "spd": 1000, "acc": 50}\n'
{'T': 1051, 'x': 205.5061734, 'y': -144.733777, 'z': 186.7138494, 'tit': 0.124252444, 'b': -0.613592315, 's': -0.386563159, 'e': 2.020252698, 't': 0.061359232, 'r': -0.003067962, 'g': 3.107845076, 'tB': -92, 'tS': 208, 'tE': -24, 'tT': -36, 'tR': 0, 'tG': -16, 'torswitchB': 1, 'torswitchS': 1, 'torswitchE': 1, 'torswitchT': 1, 'torswitchR': 1, 'torswitchG': 1, 'v': 1213}
b'{"T": 102, "base": -0.6656854130471754, "shoulder": -0.49411614714999175, "elbow": 2.034745117804042, "wrist": 0.0899926071408462, "roll": -0.003067962, "hand": 3.11551498, "spd": 1000, "acc": 50}\n'
{'T': 1051, 'x': 200.7050648, 'y': -144.6012647, 'z': 187.8682449, 'tit': 0.119650501, 'b': -0.624330181, 's': -0.404970928, 'e': 2.027922602, 't': 0.067495155, 'r': -0.003067962, 'g': 3.107845076, 'tB': -80, 'tS': 192, 'tE': 0, 'tT': -44, 'tR': 0, 'tG': -16, 'torswitchB': 1, 'torswitchS': 1, 'torswitchE': 1, 'torswitchT': 1, 'torswitchR': 1, 'torswitchG': 1, 'v': 1213}
b'{"T": 102, "base": -0.6721910794248019, "shoulder": -0.5050816447722353, "elbow": 2.0390952306537518, "wrist": 0.09660799191338007, "roll": -0.003067962, "hand": 3.11551498, "spd": 1000, "acc": 50}\n'
{'T': 1051, 'x': 198.9644928, 'y': -144.2765629, 'z': 188.9823293, 'tit': 0.11658254, 'b': -0.627398142, 's': -0.412640832, 'e': 2.027922602, 't': 0.072097097, 'r': -0.003067962, 'g': 3.107845076, 'tB': -92, 'tS': 200, 'tE': 0, 'tT': -44, 'tR': 0, 'tG': -16, 'torswitchB': 1, 'torswitchS': 1, 'torswitchE': 1, 'torswitchT': 1, 'torswitchR': 1, 'torswitchG': 1, 'v': 1213}
b'{"T": 102, "base": -0.6786283226984895, "shoulder": -0.5161441244128797, "elbow": 2.0432950054638255, "wrist": 0.10347069674395079, "roll": -0.003067962, "hand": 3.11551498, "spd": 1000, "acc": 50}\n'
{'T': 1051, 'x': 196.4421335, 'y': -144.2949071, 'z': 186.941999, 'tit': 0.124252444, 'b': -0.633534065, 's': -0.420310736, 'e': 2.037126486, 't': 0.07823302, 'r': -0.003067962, 'g': 3.107845076, 'tB': -72, 'tS': 176, 'tE': 28, 'tT': 0, 'tR': 0, 'tG': -16, 'torswitchB': 1, 'torswitchS': 1, 'torswitchE': 1, 'torswitchT': 1, 'torswitchR': 1, 'torswitchG': 1, 'v': 1213}
b'{"T": 102, "base": -0.6849943103509654, "shoulder": -0.5273014337768167, "elbow": 2.047339056933601, "wrist": 0.1105839546381123, "roll": -0.003067962, "hand": 3.11551498, "spd": 1000, "acc": 50}\n'
{'T': 1051, 'x': 194.7597867, 'y': -144.4437022, 'z': 187.6946977, 'tit': 0.121184482, 'b': -0.638136008, 's': -0.426446659, 'e': 2.038660467, 't': 0.079767001, 'r': -0.003067962, 'g': 3.107845076, 'tB': -84, 'tS': 188, 'tE': 24, 'tT': -48, 'tR': 0, 'tG': -16, 'torswitchB': 1, 'torswitchS': 1, 'torswitchE': 1, 'torswitchT': 1, 'torswitchR': 1, 'torswitchG': 1, 'v': 1213}
b'{"T": 102, "base": -0.6912860598411057, "shoulder": -0.5385512579055618, "elbow": 2.051222032006522, "wrist": 0.11795080369393637, "roll": -0.003067962, "hand": 3.11551498, "spd": 1000, "acc": 50}\n'
{'T': 1051, 'x': 190.0945502, 'y': -144.1732178, 'z': 187.2816406, 'tit': 0.124252444, 'b': -0.648873873, 's': -0.443320448, 'e': 2.046330371, 't': 0.092038847, 'r': -0.003067962, 'g': 3.107845076, 'tB': -88, 'tS': 208, 'tE': 24, 'tT': -36, 'tR': 0, 'tG': -16, 'torswitchB': 1, 'torswitchS': 1, 'torswitchE': 1, 'torswitchT': 1, 'torswitchR': 1, 'torswitchG': 1, 'v': 1213}
b'{"T": 102, "base": -0.6975004285681308, "shoulder": -0.5498911121942136, "elbow": 2.0549386174888293, "wrist": 0.12557407250028083, "roll": -0.003067962, "hand": 3.11551498, "spd": 1000, "acc": 50}\n'
{'T': 1051, 'x': 188.2861615, 'y': -143.7137386, 'z': 187.3683429, 'tit': 0.124252444, 'b': -0.651941835, 's': -0.450990352, 'e': 2.049398333, 't': 0.09664079, 'r': -0.003067962, 'g': 3.107845076, 'tB': -72, 'tS': 172, 'tE': 32, 'tT': -20, 'tR': 0, 'tG': -16, 'torswitchB': 1, 'torswitchS': 1, 'torswitchE': 1, 'torswitchT': 1, 'torswitchR': 1, 'torswitchG': 1, 'v': 1213}
b'{"T": 102, "base": -0.7036341030368229, "shoulder": -0.5613183355913021, "elbow": 2.058483548053387, "wrist": 0.13345636533281188, "roll": -0.003067962, "hand": 3.11551498, "spd": 1000, "acc": 50}\n'
{'T': 1051, 'x': 184.4129467, 'y': -143.0091004, 'z': 189.5606207, 'tit': 0.11658254, 'b': -0.659611739, 's': -0.46786414, 'e': 2.050932313, 't': 0.104310694, 'r': -0.003067962, 'g': 3.107845076, 'tB': -96, 'tS': 196, 'tE': 0, 'tT': -44, 'tR': 0, 'tG': -16, 'torswitchB': 1, 'torswitchS': 1, 'torswitchE': 1, 'torswitchT': 1, 'torswitchR': 1, 'torswitchG': 1, 'v': 1213}
b'{"T": 102, "base": -0.7096835871500504, "shoulder": -0.5728300840327263, "elbow": 2.061851614621014, "wrist": 0.14160004720660888, "roll": -0.003067962, "hand": 3.11551498, "spd": 1000, "acc": 50}\n'
{'T': 1051, 'x': 181.9263942, 'y': -142.8769823, 'z': 187.1653936, 'tit': 0.125786425, 'b': -0.665747662, 's': -0.475534044, 'e': 2.060136198, 't': 0.111980598, 'r': -0.003067962, 'g': 3.107845076, 'tB': -72, 'tS': 180, 'tE': 48, 'tT': 0, 'tR': 0, 'tG': -16, 'torswitchB': 1, 'torswitchS': 1, 'torswitchE': 1, 'torswitchT': 1, 'torswitchR': 1, 'torswitchG': 1, 'v': 1213}
b'{"T": 102, "base": -0.7156451895471982, "shoulder": -0.5844233241631598, "elbow": 2.0650376731094253, "wrist": 0.1500072288486308, "roll": -0.003067962, "hand": 3.11551498, "spd": 1000, "acc": 50}\n'
{'T': 1051, 'x': 180.3565413, 'y': -142.5408626, 'z': 189.1557497, 'tit': 0.118116521, 'b': -0.668815624, 's': -0.483203948, 'e': 2.058602217, 't': 0.113514578, 'r': -0.003067962, 'g': 3.107845076, 'tB': -88, 'tS': 184, 'tE': -20, 'tT': -44, 'tR': 0, 'tG': -16, 'torswitchB': 1, 'torswitchS': 1, 'torswitchE': 1, 'torswitchT': 1, 'torswitchR': 1, 'torswitchG': 1, 'v': 1213}
b'{"T": 102, "base": -0.7215150098985398, "shoulder": -0.5960948274000015, "elbow": 2.068036653537587, "wrist": 0.15867975165731138, "roll": -0.003067962, "hand": 3.11551498, "spd": 1000, "acc": 50}\n'
{'T': 1051, 'x': 175.5949787, 'y': -141.4226168, 'z': 186.9153882, 'tit': 0.127320405, 'b': -0.678019508, 's': -0.501611718, 'e': 2.070874064, 't': 0.128854386, 'r': -0.003067962, 'g': 3.107845076, 'tB': -96, 'tS': 196, 'tE': 48, 'tT': -36, 'tR': 0, 'tG': -16, 'torswitchB': 1, 'torswitchS': 1, 'torswitchE': 1, 'torswitchT': 1, 'torswitchR': 1, 'torswitchG': 1, 'v': 1213}
b'{"T": 102, "base": -0.7272889240560267, "shoulder": -0.607841164396149, "elbow": 2.0708435694711915, "wrist": 0.1676191727198538, "roll": -0.003067962, "hand": 3.11551498, "spd": 1000, "acc": 50}\n'
{'T': 1051, 'x': 173.5554222, 'y': -141.1016517, 'z': 189.1668526, 'tit': 0.119650501, 'b': -0.682621451, 's': -0.510815602, 'e': 2.067806102, 't': 0.133456329, 'r': -0.003067962, 'g': 3.107845076, 'tB': -72, 'tS': 168, 'tE': 24, 'tT': -20, 'tR': 0, 'tG': -16, 'torswitchB': 1, 'torswitchS': 1, 'torswitchE': 1, 'torswitchT': 1, 'torswitchR': 1, 'torswitchG': 1, 'v': 1214}
b'{"T": 102, "base": -0.7329625679502918, "shoulder": -0.6196586999584741, "elbow": 2.0734535277930366, "wrist": 0.17682674996033407, "roll": -0.003067962, "hand": 3.11551498, "spd": 1000, "acc": 50}\n'
{'T': 1051, 'x': 171.875496, 'y': -140.6139006, 'z': 190.0991713, 'tit': 0.11658254, 'b': -0.685689412, 's': -0.518485506, 'e': 2.067806102, 't': 0.138058271, 'r': -0.003067962, 'g': 3.107845076, 'tB': -88, 'tS': 180, 'tE': -20, 'tT': -40, 'tR': 0, 'tG': -16, 'torswitchB': 1, 'torswitchS': 1, 'torswitchE': 1, 'torswitchT': 1, 'torswitchR': 1, 'torswitchG': 1, 'v': 1213}
b'{"T": 102, "base": -0.7385313201117188, "shoulder": -0.6315435884788214, "elbow": 2.075861738780428, "wrist": 0.18630342749328985, "roll": -0.003067962, "hand": 3.11551498, "spd": 1000, "acc": 50}\n'
{'T': 1051, 'x': 167.7928603, 'y': -139.4357734, 'z': 189.0796699, 'tit': 0.121184482, 'b': -0.693359316, 's': -0.535359295, 'e': 2.075476006, 't': 0.151864098, 'r': -0.003067962, 'g': 3.107845076, 'tB': -88, 'tS': 200, 'tE': 24, 'tT': -40, 'tR': 0, 'tG': -16, 'torswitchB': 1, 'torswitchS': 1, 'torswitchE': 1, 'torswitchT': 1, 'torswitchR': 1, 'torswitchG': 1, 'v': 1214}
{'T': 1051, 'x': 165.3992654, 'y': -139.1712231, 'z': 189.7838807, 'tit': 0.119650501, 'b': -0.699495239, 's': -0.54456318, 'e': 2.075476006, 't': 0.159534002, 'r': -0.003067962, 'g': 3.107845076, 'tB': -72, 'tS': 168, 'tE': 24, 'tT': -20, 'tR': 0, 'tG': -16, 'torswitchB': 1, 'torswitchS': 1, 'torswitchE': 1, 'torswitchT': 1, 'torswitchR': 1, 'torswitchG': 1, 'v': 1214}
{'T': 1051, 'x': 161.2954996, 'y': -137.844975, 'z': 190.471722, 'tit': 0.11658254, 'b': -0.707165143, 's': -0.562970949, 'e': 2.080077948, 't': 0.170271867, 'r': -0.003067962, 'g': 3.107845076, 'tB': -92, 'tS': 192, 'tE': 24, 'tT': -48, 'tR': 0, 'tG': -16, 'torswitchB': 1, 'torswitchS': 1, 'torswitchE': 1, 'torswitchT': 1, 'torswitchR': 1, 'torswitchG': 1, 'v': 1213}
{'T': 1051, 'x': 157.6956873, 'y': -136.8752748, 'z': 190.9258191, 'tit': 0.115048559, 'b': -0.714835047, 's': -0.578310757, 'e': 2.08314591, 't': 0.181009733, 'r': -0.003067962, 'g': 3.107845076, 'tB': -68, 'tS': 152, 'tE': 28, 'tT': -20, 'tR': 0, 'tG': -16, 'torswitchB': 1, 'torswitchS': 1, 'torswitchE': 1, 'torswitchT': 1, 'torswitchR': 1, 'torswitchG': 1, 'v': 1214}
{'T': 1051, 'x': 156.9926442, 'y': -136.2650538, 'z': 191.6253574, 'tit': 0.111980598, 'b': -0.714835047, 's': -0.582912699, 'e': 2.08314591, 't': 0.182543714, 'r': -0.003067962, 'g': 3.107845076, 'tB': -68, 'tS': 144, 'tE': 32, 'tT': 0, 'tR': 0, 'tG': -16, 'torswitchB': 1, 'torswitchS': 1, 'torswitchE': 1, 'torswitchT': 1, 'torswitchR': 1, 'torswitchG': 1, 'v': 1214}
{'T': 1051, 'x': 156.9926442, 'y': -136.2650538, 'z': 191.6253574, 'tit': 0.111980598, 'b': -0.714835047, 's': -0.582912699, 'e': 2.08314591, 't': 0.182543714, 'r': -0.003067962, 'g': 3.107845076, 'tB': -68, 'tS': 144, 'tE': 32, 'tT': 0, 'tR': 0, 'tG': -16, 'torswitchB': 1, 'torswitchS': 1, 'torswitchE': 1, 'torswitchT': 1, 'torswitchR': 1, 'torswitchG': 1, 'v': 1214}
{'T': 1051, 'x': 156.9926442, 'y': -136.2650538, 'z': 191.6253574, 'tit': 0.111980598, 'b': -0.714835047, 's': -0.582912699, 'e': 2.08314591, 't': 0.182543714, 'r': -0.003067962, 'g': 3.107845076, 'tB': -68, 'tS': 144, 'tE': 32, 'tT': 0, 'tR': 0, 'tG': -16, 'torswitchB': 1, 'torswitchS': 1, 'torswitchE': 1, 'torswitchT': 1, 'torswitchR': 1, 'torswitchG': 1, 'v': 1214}
{'T': 1051, 'x': 156.9926442, 'y': -136.2650538, 'z': 191.6253574, 'tit': 0.111980598, 'b': -0.714835047, 's': -0.582912699, 'e': 2.08314591, 't': 0.182543714, 'r': -0.003067962, 'g': 3.107845076, 'tB': -68, 'tS': 144, 'tE': 32, 'tT': 0, 'tR': 0, 'tG': -16, 'torswitchB': 1, 'torswitchS': 1, 'torswitchE': 1, 'torswitchT': 1, 'torswitchR': 1, 'torswitchG': 1, 'v': 1214}
{'T': 1051, 'x': 156.9926442, 'y': -136.2650538, 'z': 191.6253574, 'tit': 0.111980598, 'b': -0.714835047, 's': -0.582912699, 'e': 2.08314591, 't': 0.182543714, 'r': -0.003067962, 'g': 3.107845076, 'tB': -68, 'tS': 144, 'tE': 32, 'tT': 0, 'tR': 0, 'tG': -16, 'torswitchB': 1, 'torswitchS': 1, 'torswitchE': 1, 'torswitchT': 1, 'torswitchR': 1, 'torswitchG': 1, 'v': 1213}
{'T': 1051, 'x': 156.9926442, 'y': -136.2650538, 'z': 191.6253574, 'tit': 0.111980598, 'b': -0.714835047, 's': -0.582912699, 'e': 2.08314591, 't': 0.182543714, 'r': -0.003067962, 'g': 3.107845076, 'tB': -68, 'tS': 144, 'tE': 32, 'tT': 0, 'tR': 0, 'tG': -16, 'torswitchB': 1, 'torswitchS': 1, 'torswitchE': 1, 'torswitchT': 1, 'torswitchR': 1, 'torswitchG': 1, 'v': 1213}
{'T': 1051, 'x': 156.9926442, 'y': -136.2650538, 'z': 191.6253574, 'tit': 0.111980598, 'b': -0.714835047, 's': -0.582912699, 'e': 2.08314591, 't': 0.182543714, 'r': -0.003067962, 'g': 3.107845076, 'tB': -68, 'tS': 144, 'tE': 32, 'tT': 0, 'tR': 0, 'tG': -16, 'torswitchB': 1, 'torswitchS': 1, 'torswitchE': 1, 'torswitchT': 1, 'torswitchR': 1, 'torswitchG': 1, 'v': 1213}
forward  aborted=False reason=None fb_ok=101 fb_invalid=0 max_track=8.81 deg rate=19.984 Hz
--- executing reverse leg ---
{'T': 1051, 'x': 156.9926442, 'y': -136.2650538, 'z': 191.6253574, 'tit': 0.111980598, 'b': -0.714835047, 's': -0.582912699, 'e': 2.08314591, 't': 0.182543714, 'r': -0.003067962, 'g': 3.107845076, 'tB': -68, 'tS': 144, 'tE': 32, 'tT': 0, 'tR': 0, 'tG': -16, 'torswitchB': 1, 'torswitchS': 1, 'torswitchE': 1, 'torswitchT': 1, 'torswitchR': 1, 'torswitchG': 1, 'v': 1213}
b'{"T": 102, "base": -0.7385313201117188, "shoulder": -0.6315435884788214, "elbow": 2.075861738780428, "wrist": 0.18630342749328985, "roll": -0.003067962, "hand": 3.11551498, "spd": 1000, "acc": 50}\n'
{'T': 1051, 'x': 156.9926442, 'y': -136.2650538, 'z': 191.6253574, 'tit': 0.111980598, 'b': -0.714835047, 's': -0.582912699, 'e': 2.08314591, 't': 0.182543714, 'r': -0.003067962, 'g': 3.107845076, 'tB': -68, 'tS': 144, 'tE': 32, 'tT': 0, 'tR': 0, 'tG': -16, 'torswitchB': 1, 'torswitchS': 1, 'torswitchE': 1, 'torswitchT': 1, 'torswitchR': 1, 'torswitchG': 1, 'v': 1214}
b'{"T": 102, "base": -0.7329625679502918, "shoulder": -0.6196586999584741, "elbow": 2.0734535277930366, "wrist": 0.17682674996033407, "roll": -0.003067962, "hand": 3.11551498, "spd": 1000, "acc": 50}\n'
{'T': 1051, 'x': 156.9926442, 'y': -136.2650538, 'z': 191.6253574, 'tit': 0.111980598, 'b': -0.714835047, 's': -0.582912699, 'e': 2.08314591, 't': 0.182543714, 'r': -0.003067962, 'g': 3.107845076, 'tB': -68, 'tS': 144, 'tE': 32, 'tT': 0, 'tR': 0, 'tG': -16, 'torswitchB': 1, 'torswitchS': 1, 'torswitchE': 1, 'torswitchT': 1, 'torswitchR': 1, 'torswitchG': 1, 'v': 1213}
b'{"T": 102, "base": -0.7272889240560267, "shoulder": -0.607841164396149, "elbow": 2.0708435694711915, "wrist": 0.1676191727198538, "roll": -0.003067962, "hand": 3.11551498, "spd": 1000, "acc": 50}\n'
{'T': 1051, 'x': 156.9926442, 'y': -136.2650538, 'z': 191.6253574, 'tit': 0.111980598, 'b': -0.714835047, 's': -0.582912699, 'e': 2.08314591, 't': 0.182543714, 'r': -0.003067962, 'g': 3.107845076, 'tB': -68, 'tS': 144, 'tE': 32, 'tT': 0, 'tR': 0, 'tG': -16, 'torswitchB': 1, 'torswitchS': 1, 'torswitchE': 1, 'torswitchT': 1, 'torswitchR': 1, 'torswitchG': 1, 'v': 1213}
b'{"T": 102, "base": -0.7215150098985398, "shoulder": -0.5960948274000015, "elbow": 2.068036653537587, "wrist": 0.15867975165731138, "roll": -0.003067962, "hand": 3.11551498, "spd": 1000, "acc": 50}\n'
{'T': 1051, 'x': 156.9926442, 'y': -136.2650538, 'z': 191.6253574, 'tit': 0.111980598, 'b': -0.714835047, 's': -0.582912699, 'e': 2.08314591, 't': 0.182543714, 'r': -0.003067962, 'g': 3.107845076, 'tB': -68, 'tS': 144, 'tE': 32, 'tT': 0, 'tR': 0, 'tG': -16, 'torswitchB': 1, 'torswitchS': 1, 'torswitchE': 1, 'torswitchT': 1, 'torswitchR': 1, 'torswitchG': 1, 'v': 1213}
b'{"T": 102, "base": -0.7156451895471982, "shoulder": -0.5844233241631598, "elbow": 2.0650376731094253, "wrist": 0.1500072288486308, "roll": -0.003067962, "hand": 3.11551498, "spd": 1000, "acc": 50}\n'
{'T': 1051, 'x': 156.9926442, 'y': -136.2650538, 'z': 191.6253574, 'tit': 0.111980598, 'b': -0.714835047, 's': -0.582912699, 'e': 2.08314591, 't': 0.182543714, 'r': -0.003067962, 'g': 3.107845076, 'tB': -68, 'tS': 144, 'tE': 32, 'tT': 0, 'tR': 0, 'tG': -16, 'torswitchB': 1, 'torswitchS': 1, 'torswitchE': 1, 'torswitchT': 1, 'torswitchR': 1, 'torswitchG': 1, 'v': 1214}
b'{"T": 102, "base": -0.7096835871500504, "shoulder": -0.5728300840327263, "elbow": 2.061851614621014, "wrist": 0.14160004720660888, "roll": -0.003067962, "hand": 3.11551498, "spd": 1000, "acc": 50}\n'
{'T': 1051, 'x': 156.9926442, 'y': -136.2650538, 'z': 191.6253574, 'tit': 0.111980598, 'b': -0.714835047, 's': -0.582912699, 'e': 2.08314591, 't': 0.182543714, 'r': -0.003067962, 'g': 3.107845076, 'tB': -68, 'tS': 144, 'tE': 32, 'tT': 0, 'tR': 0, 'tG': -16, 'torswitchB': 1, 'torswitchS': 1, 'torswitchE': 1, 'torswitchT': 1, 'torswitchR': 1, 'torswitchG': 1, 'v': 1213}
b'{"T": 102, "base": -0.7036341030368229, "shoulder": -0.5613183355913021, "elbow": 2.058483548053387, "wrist": 0.13345636533281188, "roll": -0.003067962, "hand": 3.11551498, "spd": 1000, "acc": 50}\n'
{'T': 1051, 'x': 156.9926442, 'y': -136.2650538, 'z': 191.6253574, 'tit': 0.111980598, 'b': -0.714835047, 's': -0.582912699, 'e': 2.08314591, 't': 0.182543714, 'r': -0.003067962, 'g': 3.107845076, 'tB': -68, 'tS': 144, 'tE': 32, 'tT': 0, 'tR': 0, 'tG': -16, 'torswitchB': 1, 'torswitchS': 1, 'torswitchE': 1, 'torswitchT': 1, 'torswitchR': 1, 'torswitchG': 1, 'v': 1214}
b'{"T": 102, "base": -0.6975004285681308, "shoulder": -0.5498911121942136, "elbow": 2.0549386174888293, "wrist": 0.12557407250028083, "roll": -0.003067962, "hand": 3.11551498, "spd": 1000, "acc": 50}\n'
{'T': 1051, 'x': 156.9926442, 'y': -136.2650538, 'z': 191.6253574, 'tit': 0.111980598, 'b': -0.714835047, 's': -0.582912699, 'e': 2.08314591, 't': 0.182543714, 'r': -0.003067962, 'g': 3.107845076, 'tB': -68, 'tS': 144, 'tE': 32, 'tT': 0, 'tR': 0, 'tG': -16, 'torswitchB': 1, 'torswitchS': 1, 'torswitchE': 1, 'torswitchT': 1, 'torswitchR': 1, 'torswitchG': 1, 'v': 1214}
b'{"T": 102, "base": -0.6912860598411057, "shoulder": -0.5385512579055618, "elbow": 2.051222032006522, "wrist": 0.11795080369393637, "roll": -0.003067962, "hand": 3.11551498, "spd": 1000, "acc": 50}\n'
{'T': 1051, 'x': 156.9926442, 'y': -136.2650538, 'z': 191.6253574, 'tit': 0.111980598, 'b': -0.714835047, 's': -0.582912699, 'e': 2.08314591, 't': 0.182543714, 'r': -0.003067962, 'g': 3.107845076, 'tB': -68, 'tS': 144, 'tE': 32, 'tT': 0, 'tR': 0, 'tG': -16, 'torswitchB': 1, 'torswitchS': 1, 'torswitchE': 1, 'torswitchT': 1, 'torswitchR': 1, 'torswitchG': 1, 'v': 1214}
b'{"T": 102, "base": -0.6849943103509654, "shoulder": -0.5273014337768167, "elbow": 2.047339056933601, "wrist": 0.1105839546381123, "roll": -0.003067962, "hand": 3.11551498, "spd": 1000, "acc": 50}\n'
{'T': 1051, 'x': 156.9926442, 'y': -136.2650538, 'z': 191.6253574, 'tit': 0.111980598, 'b': -0.714835047, 's': -0.582912699, 'e': 2.08314591, 't': 0.182543714, 'r': -0.003067962, 'g': 3.107845076, 'tB': -68, 'tS': 144, 'tE': 32, 'tT': 0, 'tR': 0, 'tG': -16, 'torswitchB': 1, 'torswitchS': 1, 'torswitchE': 1, 'torswitchT': 1, 'torswitchR': 1, 'torswitchG': 1, 'v': 1213}
b'{"T": 102, "base": -0.6786283226984895, "shoulder": -0.5161441244128797, "elbow": 2.0432950054638255, "wrist": 0.10347069674395079, "roll": -0.003067962, "hand": 3.11551498, "spd": 1000, "acc": 50}\n'
{'T': 1051, 'x': 156.9926442, 'y': -136.2650538, 'z': 191.6253574, 'tit': 0.111980598, 'b': -0.714835047, 's': -0.582912699, 'e': 2.08314591, 't': 0.182543714, 'r': -0.003067962, 'g': 3.107845076, 'tB': -68, 'tS': 144, 'tE': 32, 'tT': 0, 'tR': 0, 'tG': -16, 'torswitchB': 1, 'torswitchS': 1, 'torswitchE': 1, 'torswitchT': 1, 'torswitchR': 1, 'torswitchG': 1, 'v': 1214}
b'{"T": 102, "base": -0.6721910794248019, "shoulder": -0.5050816447722353, "elbow": 2.0390952306537518, "wrist": 0.09660799191338007, "roll": -0.003067962, "hand": 3.11551498, "spd": 1000, "acc": 50}\n'
{'T': 1051, 'x': 156.9926442, 'y': -136.2650538, 'z': 191.6253574, 'tit': 0.111980598, 'b': -0.714835047, 's': -0.582912699, 'e': 2.08314591, 't': 0.182543714, 'r': -0.003067962, 'g': 3.107845076, 'tB': -68, 'tS': 144, 'tE': 32, 'tT': 0, 'tR': 0, 'tG': -16, 'torswitchB': 1, 'torswitchS': 1, 'torswitchE': 1, 'torswitchT': 1, 'torswitchR': 1, 'torswitchG': 1, 'v': 1214}
b'{"T": 102, "base": -0.6656854130471754, "shoulder": -0.49411614714999175, "elbow": 2.034745117804042, "wrist": 0.0899926071408462, "roll": -0.003067962, "hand": 3.11551498, "spd": 1000, "acc": 50}\n'
{'T': 1051, 'x': 156.9926442, 'y': -136.2650538, 'z': 191.6253574, 'tit': 0.111980598, 'b': -0.714835047, 's': -0.582912699, 'e': 2.08314591, 't': 0.182543714, 'r': -0.003067962, 'g': 3.107845076, 'tB': -68, 'tS': 144, 'tE': 32, 'tT': 0, 'tR': 0, 'tG': -16, 'torswitchB': 1, 'torswitchS': 1, 'torswitchE': 1, 'torswitchT': 1, 'torswitchR': 1, 'torswitchG': 1, 'v': 1213}
b'{"T": 102, "base": -0.6591140153626834, "shoulder": -0.48324962829508245, "elbow": 2.0302500772311216, "wrist": 0.08362112885885739, "roll": -0.003067962, "hand": 3.11551498, "spd": 1000, "acc": 50}\n'
{'T': 1051, 'x': 156.9926442, 'y': -136.2650538, 'z': 191.6253574, 'tit': 0.111980598, 'b': -0.714835047, 's': -0.582912699, 'e': 2.08314591, 't': 0.182543714, 'r': -0.003067962, 'g': 3.107845076, 'tB': -68, 'tS': 144, 'tE': 32, 'tT': 0, 'tR': 0, 'tG': -16, 'torswitchB': 1, 'torswitchS': 1, 'torswitchE': 1, 'torswitchT': 1, 'torswitchR': 1, 'torswitchG': 1, 'v': 1213}
b'{"T": 102, "base": -0.6524794460803338, "shoulder": -0.4724839366157234, "elbow": 2.0256155374321114, "wrist": 0.07748997697850832, "roll": -0.003067962, "hand": 3.11551498, "spd": 1000, "acc": 50}\n'
{'T': 1051, 'x': 156.9926442, 'y': -136.2650538, 'z': 191.6253574, 'tit': 0.111980598, 'b': -0.714835047, 's': -0.582912699, 'e': 2.08314591, 't': 0.182543714, 'r': -0.003067962, 'g': 3.107845076, 'tB': -48, 'tS': 112, 'tE': 40, 'tT': 40, 'tR': 0, 'tG': -16, 'torswitchB': 1, 'torswitchS': 1, 'torswitchE': 1, 'torswitchT': 1, 'torswitchR': 1, 'torswitchG': 1, 'v': 1214}
b'{"T": 102, "base": -0.6457841408367423, "shoulder": -0.4618207794302007, "elbow": 2.020846938643679, "wrist": 0.07159541858141835, "roll": -0.003067962, "hand": 3.11551498, "spd": 1000, "acc": 50}\n'
{'T': 1051, 'x': 157.251163, 'y': -136.4894406, 'z': 193.4426097, 'tit': 0.101242732, 'b': -0.714835047, 's': -0.582912699, 'e': 2.08314591, 't': 0.171805848, 'r': -0.003067962, 'g': 3.107845076, 'tB': 20, 'tS': 0, 'tE': 68, 'tT': 72, 'tR': 0, 'tG': -16, 'torswitchB': 1, 'torswitchS': 1, 'torswitchE': 1, 'torswitchT': 1, 'torswitchR': 1, 'torswitchG': 1, 'v': 1214}
b'{"T": 102, "base": -0.6390304186454052, "shoulder": -0.4512617302232327, "elbow": 2.0159497267932514, "wrist": 0.06593358122487789, "roll": -0.003067962, "hand": 3.11551498, "spd": 1000, "acc": 50}\n'
{'T': 1051, 'x': 158.8809018, 'y': -137.9040065, 'z': 193.5957237, 'tit': 0.09817477, 'b': -0.714835047, 's': -0.573708815, 'e': 2.08314591, 't': 0.159534002, 'r': -0.003067962, 'g': 3.107845076, 'tB': 28, 'tS': 0, 'tE': 72, 'tT': 64, 'tR': 0, 'tG': -16, 'torswitchB': 1, 'torswitchS': 1, 'torswitchE': 1, 'torswitchT': 1, 'torswitchR': 1, 'torswitchG': 1, 'v': 1214}
b'{"T": 102, "base": -0.6322204888251071, "shoulder": -0.4408082358713983, "elbow": 2.0109293478390087, "wrist": 0.06050046582728639, "roll": -0.003067962, "hand": 3.11551498, "spd": 1000, "acc": 50}\n'
{'T': 1051, 'x': 162.8748296, 'y': -140.9331271, 'z': 191.8161358, 'tit': 0.102776713, 'b': -0.713301066, 's': -0.550699103, 'e': 2.08314591, 't': 0.141126232, 'r': -0.003067962, 'g': 3.107845076, 'tB': 80, 'tS': -32, 'tE': 100, 'tT': 80, 'tR': 0, 'tG': -16, 'torswitchB': 1, 'torswitchS': 1, 'torswitchE': 1, 'torswitchT': 1, 'torswitchR': 1, 'torswitchG': 1, 'v': 1213}
b'{"T": 102, "base": -0.6253564574489356, "shoulder": -0.43046162380439235, "elbow": 2.0057912424931046, "wrist": 0.05529195910618432, "roll": -0.003067962, "hand": 3.11551498, "spd": 1000, "acc": 50}\n'
{'T': 1051, 'x': 167.8056829, 'y': -142.9638215, 'z': 188.5435065, 'tit': 0.115048559, 'b': -0.705631162, 's': -0.52615541, 'e': 2.08314591, 't': 0.128854386, 'r': -0.003067962, 'g': 3.107845076, 'tB': 100, 'tS': -28, 'tE': 120, 'tT': 88, 'tR': 0, 'tG': -16, 'torswitchB': 1, 'torswitchS': 1, 'torswitchE': 1, 'torswitchT': 1, 'torswitchR': 1, 'torswitchG': 1, 'v': 1212}
b'{"T": 102, "base": -0.6184403333517046, "shoulder": -0.4202231090721673, "elbow": 2.0005408413208263, "wrist": 0.05030384554623755, "roll": -0.003067962, "hand": 3.11551498, "spd": 1000, "acc": 50}\n'
{'T': 1051, 'x': 174.2251452, 'y': -143.4307055, 'z': 186.1770801, 'tit': 0.121184482, 'b': -0.688757374, 's': -0.501611718, 'e': 2.08314591, 't': 0.110446617, 'r': -0.003067962, 'g': 3.107845076, 'tB': 76, 'tS': -24, 'tE': 152, 'tT': 72, 'tR': 0, 'tG': -16, 'torswitchB': 1, 'torswitchS': 1, 'torswitchE': 1, 'torswitchT': 1, 'torswitchR': 1, 'torswitchG': 1, 'v': 1212}
b'{"T": 102, "base": -0.6114740337302655, "shoulder": -0.4100938012912285, "elbow": 1.995183560206756, "wrist": 0.04553181887936906, "roll": -0.003067962, "hand": 3.11551498, "spd": 1000, "acc": 50}\n'
{'T': 1051, 'x': 178.967208, 'y': -144.13858, 'z': 183.9265793, 'tit': 0.128854386, 'b': -0.678019508, 's': -0.481669967, 'e': 2.081611929, 't': 0.099708751, 'r': -0.003067962, 'g': 3.107845076, 'tB': 84, 'tS': -20, 'tE': 168, 'tT': 76, 'tR': 0, 'tG': -16, 'torswitchB': 1, 'torswitchS': 1, 'torswitchE': 1, 'torswitchT': 1, 'torswitchR': 1, 'torswitchG': 1, 'v': 1213}
b'{"T": 102, "base": -0.6044593893681977, "shoulder": -0.4000747114465033, "elbow": 1.9897247961775812, "wrist": 0.04097149306381862, "roll": -0.003067962, "hand": 3.11551498, "spd": 1000, "acc": 50}\n'
{'T': 1051, 'x': 184.8715422, 'y': -144.2751676, 'z': 181.1300891, 'tit': 0.138058271, 'b': -0.6626797, 's': -0.458660256, 'e': 2.080077948, 't': 0.087436905, 'r': -0.003067962, 'g': 3.107845076, 'tB': 80, 'tS': 0, 'tE': 188, 'tT': 76, 'tR': 0, 'tG': -16, 'torswitchB': 1, 'torswitchS': 1, 'torswitchE': 1, 'torswitchT': 1, 'torswitchR': 1, 'torswitchG': 1, 'v': 1212}
b'{"T": 102, "base": -0.5973981495136453, "shoulder": -0.3901667585282387, "elbow": 1.9841699235698986, "wrist": 0.03661841275323661, "roll": -0.003067962, "hand": 3.11551498, "spd": 1000, "acc": 50}\n'
{'T': 1051, 'x': 190.8956766, 'y': -144.7808154, 'z': 182.9362246, 'tit': 0.130388367, 'b': -0.648873873, 's': -0.437184525, 'e': 2.066272121, 't': 0.072097097, 'r': -0.003067962, 'g': 3.107845076, 'tB': 76, 'tS': -20, 'tE': 176, 'tT': 64, 'tR': 0, 'tG': -16, 'torswitchB': 1, 'torswitchS': 1, 'torswitchE': 1, 'torswitchT': 1, 'torswitchR': 1, 'torswitchG': 1, 'v': 1213}
b'{"T": 102, "base": -0.5902919864366263, "shoulder": -0.380370775986262, "elbow": 1.9785242905302673, "wrist": 0.03246806325089122, "roll": -0.003067962, "hand": 3.11551498, "spd": 1000, "acc": 50}\n'
{'T': 1051, 'x': 197.1545157, 'y': -144.8181814, 'z': 182.4927362, 'tit': 0.133456329, 'b': -0.633534065, 's': -0.414174813, 'e': 2.054000275, 't': 0.064427193, 'r': -0.003067962, 'g': 3.107845076, 'tB': 76, 'tS': 0, 'tE': 172, 'tT': 72, 'tR': 0, 'tG': -16, 'torswitchB': 1, 'torswitchS': 1, 'torswitchE': 1, 'torswitchT': 1, 'torswitchR': 1, 'torswitchG': 1, 'v': 1212}
b'{"T": 102, "base": -0.5831424996898968, "shoulder": -0.3706875179867073, "elbow": 1.9727932158338228, "wrist": 0.02851587994778102, "roll": -0.003067962, "hand": 3.11551498, "spd": 1000, "acc": 50}\n'
{'T': 1051, 'x': 201.4207814, 'y': -145.1169145, 'z': 181.3204625, 'tit': 0.13652429, 'b': -0.624330181, 's': -0.397301024, 'e': 2.049398333, 't': 0.055223308, 'r': -0.003067962, 'g': 3.107845076, 'tB': 92, 'tS': 0, 'tE': 184, 'tT': 60, 'tR': 0, 'tG': -16, 'torswitchB': 1, 'torswitchS': 1, 'torswitchE': 1, 'torswitchT': 1, 'torswitchR': 1, 'torswitchG': 1, 'v': 1213}
b'{"T": 102, "base": -0.5759512200954511, "shoulder": -0.3611176654588548, "elbow": 1.966981986006979, "wrist": 0.024757257246772336, "roll": -0.003067962, "hand": 3.11551498, "spd": 1000, "acc": 50}\n'
{'T': 1051, 'x': 204.3486978, 'y': -144.8585238, 'z': 182.4157163, 'tit': 0.133456329, 'b': -0.616660277, 's': -0.388097139, 'e': 2.040194448, 't': 0.052155347, 'r': -0.003067962, 'g': 3.107845076, 'tB': 60, 'tS': 24, 'tE': 152, 'tT': 52, 'tR': 0, 'tG': -16, 'torswitchB': 1, 'torswitchS': 1, 'torswitchE': 1, 'torswitchT': 1, 'torswitchR': 1, 'torswitchG': 1, 'v': 1213}
b'{"T": 102, "base": -0.568719613476889, "shoulder": -0.35166183192215317, "elbow": 1.9610958527391253, "wrist": 0.021187556977924384, "roll": -0.003067962, "hand": 3.11551498, "spd": 1000, "acc": 50}\n'
{'T': 1051, 'x': 208.0003898, 'y': -144.5892754, 'z': 182.7529878, 'tit': 0.131922348, 'b': -0.607456392, 's': -0.375825293, 'e': 2.032524544, 't': 0.046019424, 'r': -0.003067962, 'g': 3.107845076, 'tB': 84, 'tS': 0, 'tE': 176, 'tT': 56, 'tR': 0, 'tG': -16, 'torswitchB': 1, 'torswitchS': 1, 'torswitchE': 1, 'torswitchT': 1, 'torswitchR': 1, 'torswitchG': 1, 'v': 1211}
b'{"T": 102, "base": -0.5614490841562307, "shoulder": -0.34232056908569586, "elbow": 1.9551400305677442, "wrist": 0.017802116312848205, "roll": -0.003067962, "hand": 3.11551498, "spd": 1000, "acc": 50}\n'
{'T': 1051, 'x': 209.8632668, 'y': -144.4563313, 'z': 183.1482686, 'tit': 0.130388367, 'b': -0.60285445, 's': -0.36968937, 'e': 2.027922602, 't': 0.042951462, 'r': -0.003067962, 'g': 3.107845076, 'tB': 60, 'tS': 20, 'tE': 156, 'tT': 48, 'tR': 0, 'tG': -16, 'torswitchB': 1, 'torswitchS': 1, 'torswitchE': 1, 'torswitchT': 1, 'torswitchR': 1, 'torswitchG': 1, 'v': 1213}
b'{"T": 102, "base": -0.5541409782322313, "shoulder": -0.3330943722144646, "elbow": 1.9491196948210314, "wrist": 0.014596255188329722, "roll": -0.003067962, "hand": 3.11551498, "spd": 1000, "acc": 50}\n'
{'T': 1051, 'x': 211.6394881, 'y': -144.2480729, 'z': 183.0181964, 'tit': 0.131922348, 'b': -0.598252507, 's': -0.363553447, 'e': 2.023320659, 't': 0.042951462, 'r': -0.003067962, 'g': 3.107845076, 'tB': 76, 'tS': -20, 'tE': 164, 'tT': 72, 'tR': 0, 'tG': -16, 'torswitchB': 1, 'torswitchS': 1, 'torswitchE': 1, 'torswitchT': 1, 'torswitchR': 1, 'torswitchG': 1, 'v': 1214}
b'{"T": 102, "base": -0.5467965866558748, "shoulder": -0.323983685258487, "elbow": 1.943039979801877, "wrist": 0.01156528325150661, "roll": -0.003067962, "hand": 3.11551498, "spd": 1000, "acc": 50}\n'
{'T': 1051, 'x': 216.3732848, 'y': -144.0963989, 'z': 183.0501563, 'tit': 0.131922348, 'b': -0.587514642, 's': -0.346679658, 'e': 2.012582794, 't': 0.036815539, 'r': -0.003067962, 'g': 3.107845076, 'tB': 84, 'tS': 0, 'tE': 160, 'tT': 72, 'tR': 0, 'tG': -16, 'torswitchB': 1, 'torswitchS': 1, 'torswitchE': 1, 'torswitchT': 1, 'torswitchR': 1, 'torswitchG': 1, 'v': 1212}
b'{"T": 102, "base": -0.5394171481174728, "shoulder": -0.31498890574274796, "elbow": 1.9369059771969666, "wrist": 0.008704506340677966, "roll": -0.003067962, "hand": 3.11551498, "spd": 1000, "acc": 50}\n'
{'T': 1051, 'x': 218.7118873, 'y': -143.7244957, 'z': 183.0028386, 'tit': 0.131922348, 'b': -0.581378719, 's': -0.339009754, 'e': 2.007980851, 't': 0.033747577, 'r': -0.003067962, 'g': 3.107845076, 'tB': 60, 'tS': 24, 'tE': 144, 'tT': 52, 'tR': 0, 'tG': -16, 'torswitchB': 1, 'torswitchS': 1, 'torswitchE': 1, 'torswitchT': 1, 'torswitchR': 1, 'torswitchG': 1, 'v': 1214}
b'{"T": 102, "base": -0.5320038517586401, "shoulder": -0.30611038941715507, "elbow": 1.930722734694759, "wrist": 0.006009232517292552, "roll": -0.003067962, "hand": 3.11551498, "spd": 1000, "acc": 50}\n'
{'T': 1051, 'x': 220.1272195, 'y': -143.208465, 'z': 184.1523961, 'tit': 0.127320405, 'b': -0.576776776, 's': -0.335941793, 'e': 2.003378909, 't': 0.030679616, 'r': -0.003067962, 'g': 3.107845076, 'tB': 84, 'tS': -20, 'tE': 164, 'tT': 64, 'tR': 0, 'tG': -16, 'torswitchB': 1, 'torswitchS': 1, 'torswitchE': 1, 'torswitchT': 1, 'torswitchR': 1, 'torswitchG': 1, 'v': 1213}
b'{"T": 102, "base": -0.5245578397213826, "shoulder": -0.2973484546672136, "elbow": 1.9244952547961907, "wrist": 0.0034747776659195054, "roll": -0.003067962, "hand": 3.11551498, "spd": 1000, "acc": 50}\n'
{'T': 1051, 'x': 224.6838398, 'y': -142.7628108, 'z': 182.601991, 'tit': 0.133456329, 'b': -0.566038911, 's': -0.319068004, 'e': 1.995709005, 't': 0.027611654, 'r': -0.003067962, 'g': 3.107845076, 'tB': 84, 'tS': -20, 'tE': 168, 'tT': 68, 'tR': 0, 'tG': -16, 'torswitchB': 1, 'torswitchS': 1, 'torswitchE': 1, 'torswitchT': 1, 'torswitchR': 1, 'torswitchG': 1, 'v': 1212}
b'{"T": 102, "base": -0.5170802095455717, "shoulder": -0.28870338668720996, "elbow": 1.9182284938021341, "wrist": 0.001096470679972407, "roll": -0.003067962, "hand": 3.11551498, "spd": 1000, "acc": 50}\n'
{'T': 1051, 'x': 227.4941815, 'y': -142.1110137, 'z': 182.0943934, 'tit': 0.134990309, 'b': -0.558369007, 's': -0.309864119, 'e': 1.991107063, 't': 0.024543693, 'r': -0.003067962, 'g': 3.107845076, 'tB': 52, 'tS': 36, 'tE': 148, 'tT': 52, 'tR': 0, 'tG': -16, 'torswitchB': 1, 'torswitchS': 1, 'torswitchE': 1, 'torswitchT': 1, 'torswitchR': 1, 'torswitchG': 1, 'v': 1213}
b'{"T": 102, "base": -0.5095720164252117, "shoulder": -0.28017544141872053, "elbow": 1.9119273609618839, "wrist": -0.0011303417482667819, "roll": -0.003067962, "hand": 3.11551498, "spd": 1000, "acc": 50}\n'
{'T': 1051, 'x': 228.6894074, 'y': -141.3987367, 'z': 181.748832, 'tit': 0.13652429, 'b': -0.553767064, 's': -0.306796158, 'e': 1.989573082, 't': 0.024543693, 'r': -0.003067962, 'g': 3.107845076, 'tB': 72, 'tS': -24, 'tE': 176, 'tT': 72, 'tR': 0, 'tG': -16, 'torswitchB': 1, 'torswitchS': 1, 'torswitchE': 1, 'torswitchT': 1, 'torswitchR': 1, 'torswitchG': 1, 'v': 1213}
b'{"T": 102, "base": -0.5020342753331071, "shoulder": -0.27176484925813216, "elbow": 1.905596717767258, "wrist": -0.003210290714229201, "roll": -0.003067962, "hand": 3.11551498, "spd": 1000, "acc": 50}\n'
{'T': 1051, 'x': 232.8583961, 'y': -141.030567, 'z': 182.6530484, 'tit': 0.131922348, 'b': -0.54456318, 's': -0.29299033, 'e': 1.978835216, 't': 0.016873789, 'r': -0.003067962, 'g': 3.107845076, 'tB': 96, 'tS': 0, 'tE': 164, 'tT': 48, 'tR': 0, 'tG': -16, 'torswitchB': 1, 'torswitchS': 1, 'torswitchE': 1, 'torswitchT': 1, 'torswitchR': 1, 'torswitchG': 1, 'v': 1212}
b'{"T": 102, "base": -0.49446796302280444, "shoulder": -0.2634718185376055, "elbow": 1.899241377377277, "wrist": -0.005147981044774895, "roll": -0.003067962, "hand": 3.11551498, "spd": 1000, "acc": 50}\n'
{'T': 1051, 'x': 235.3865833, 'y': -140.5949421, 'z': 183.6873768, 'tit': 0.128854386, 'b': -0.538427257, 's': -0.285320427, 'e': 1.969631332, 't': 0.015339808, 'r': -0.003067962, 'g': 3.107845076, 'tB': 60, 'tS': 24, 'tE': 140, 'tT': 56, 'tR': 0, 'tG': -16, 'torswitchB': 1, 'torswitchS': 1, 'torswitchE': 1, 'torswitchT': 1, 'torswitchR': 1, 'torswitchG': 1, 'v': 1213}
b'{"T": 102, "base": -0.48687401991602197, "shoulder": -0.2552965387845141, "elbow": 1.8928661041587806, "wrist": -0.006947987579370006, "roll": -0.003067962, "hand": 3.11551498, "spd": 1000, "acc": 50}\n'
{'T': 1051, 'x': 236.9651626, 'y': -140.0623163, 'z': 183.8591532, 'tit': 0.128854386, 'b': -0.533825314, 's': -0.280718484, 'e': 1.965029389, 't': 0.015339808, 'r': -0.003067962, 'g': 3.107845076, 'tB': 88, 'tS': 20, 'tE': 160, 'tT': 68, 'tR': 0, 'tG': -16, 'torswitchB': 1, 'torswitchS': 1, 'torswitchE': 1, 'torswitchT': 1, 'torswitchR': 1, 'torswitchG': 1, 'v': 1212}
b'{"T": 102, "base": -0.4792533518831548, "shoulder": -0.24723918376490683, "elbow": 1.8864756133288085, "wrist": -0.008614851769005137, "roll": -0.003067962, "hand": 3.11551498, "spd": 1000, "acc": 50}\n'
{'T': 1051, 'x': 241.2887667, 'y': -139.1436797, 'z': 182.2618963, 'tit': 0.134990309, 'b': -0.523087449, 's': -0.265378676, 'e': 1.957359485, 't': 0.013805827, 'r': -0.003067962, 'g': 3.107845076, 'tB': 92, 'tS': 0, 'tE': 168, 'tT': 60, 'tR': 0, 'tG': -16, 'torswitchB': 1, 'torswitchS': 1, 'torswitchE': 1, 'torswitchT': 1, 'torswitchR': 1, 'torswitchG': 1, 'v': 1213}
b'{"T": 102, "base": -0.47160683192389374, "shoulder": -0.23929991431694853, "elbow": 1.8800745706850492, "wrist": -0.010153078573204154, "roll": -0.003067962, "hand": 3.11551498, "spd": 1000, "acc": 50}\n'
{'T': 1051, 'x': 243.6852258, 'y': -138.0459753, 'z': 182.7573312, 'tit': 0.131922348, 'b': -0.515417545, 's': -0.259242753, 'e': 1.952757543, 't': 0.009203885, 'r': -0.003067962, 'g': 3.107845076, 'tB': 64, 'tS': 32, 'tE': 148, 'tT': 52, 'tR': 0, 'tG': -16, 'torswitchB': 1, 'torswitchS': 1, 'torswitchE': 1, 'torswitchT': 1, 'torswitchR': 1, 'torswitchG': 1, 'v': 1213}
b'{"T": 102, "base": -0.46393530175447156, "shoulder": -0.23147888098059144, "elbow": 1.8736675924111723, "wrist": -0.011567133635684311, "roll": -0.003067962, "hand": 3.11551498, "spd": 1000, "acc": 50}\n'
{'T': 1051, 'x': 245.2593874, 'y': -136.9567534, 'z': 181.4665347, 'tit': 0.13652429, 'b': -0.509281622, 's': -0.254640811, 'e': 1.952757543, 't': 0.009203885, 'r': -0.003067962, 'g': 3.107845076, 'tB': 76, 'tS': 0, 'tE': 180, 'tT': 68, 'tR': 0, 'tG': -16, 'torswitchB': 1, 'torswitchS': 1, 'torswitchE': 1, 'torswitchT': 1, 'torswitchR': 1, 'torswitchG': 1, 'v': 1212}
b'{"T": 102, "base": -0.45623957330757886, "shoulder": -0.2237762264299763, "elbow": 1.86725924494438, "wrist": -0.012861440719507032, "roll": -0.003067962, "hand": 3.11551498, "spd": 1000, "acc": 50}\n'
{'T': 1051, 'x': 249.3301653, 'y': -136.2348578, 'z': 181.4271052, 'tit': 0.13652429, 'b': -0.500077737, 's': -0.240834984, 'e': 1.942019677, 't': 0.006135923, 'r': -0.003067962, 'g': 3.107845076, 'tB': 96, 'tS': -20, 'tE': 164, 'tT': 60, 'tR': 0, 'tG': -16, 'torswitchB': 1, 'torswitchS': 1, 'torswitchE': 1, 'torswitchT': 1, 'torswitchR': 1, 'torswitchG': 1, 'v': 1213}
b'{"T": 102, "base": -0.4485204301505549, "shoulder": -0.21619208771521015, "elbow": 1.8608540448930708, "wrist": -0.014040379382964117, "roll": -0.003067962, "hand": 3.11551498, "spd": 1000, "acc": 50}\n'
{'T': 1051, 'x': 251.8384516, 'y': -135.6054646, 'z': 182.1077634, 'tit': 0.134990309, 'b': -0.493941814, 's': -0.23316508, 'e': 1.932815793, 't': 0.006135923, 'r': -0.003067962, 'g': 3.107845076, 'tB': 64, 'tS': 40, 'tE': 140, 'tT': 64, 'tR': 0, 'tG': -16, 'torswitchB': 1, 'torswitchS': 1, 'torswitchE': 1, 'torswitchT': 1, 'torswitchR': 1, 'torswitchG': 1, 'v': 1213}
b'{"T": 102, "base": -0.4407786288270587, "shoulder": -0.2087265983202682, "elbow": 1.8544564589930568, "wrist": -0.01510828287789203, "roll": -0.003067962, "hand": 3.11551498, "spd": 1000, "acc": 50}\n'
{'T': 1051, 'x': 255.1642928, 'y': -133.8821514, 'z': 181.8931648, 'tit': 0.134990309, 'b': -0.483203948, 's': -0.223961195, 'e': 1.92667987, 't': 0.003067962, 'r': -0.003067962, 'g': 3.107845076, 'tB': 96, 'tS': 20, 'tE': 172, 'tT': 56, 'tR': 0, 'tG': -16, 'torswitchB': 1, 'torswitchS': 1, 'torswitchE': 1, 'torswitchT': 1, 'torswitchR': 1, 'torswitchG': 1, 'v': 1212}
b'{"T": 102, "base": -0.43301490012705507, "shoulder": -0.2013798900438004, "elbow": 1.8480709040913224, "wrist": -0.01606943625262538, "roll": -0.003067962, "hand": 3.11551498, "spd": 1000, "acc": 50}\n'
{'T': 1051, 'x': 257.0957263, 'y': -133.3903216, 'z': 182.0704007, 'tit': 0.133456329, 'b': -0.478602006, 's': -0.217825272, 'e': 1.922077927, 't': 0, 'r': -0.003067962, 'g': 3.107845076, 'tB': 68, 'tS': 32, 'tE': 152, 'tT': 52, 'tR': 0, 'tG': -16, 'torswitchB': 1, 'torswitchS': 1, 'torswitchE': 1, 'torswitchT': 1, 'torswitchR': 1, 'torswitchG': 1, 'v': 1213}
b'{"T": 102, "base": -0.4252299502896121, "shoulder": -0.1941520947096247, "elbow": 1.841701747146913, "wrist": -0.016928074642391787, "roll": -0.003067962, "hand": 3.11551498, "spd": 1000, "acc": 50}\n'
{'T': 1051, 'x': 257.9035063, 'y': -132.8067877, 'z': 182.5816376, 'tit': 0.131922348, 'b': -0.475534044, 's': -0.216291291, 'e': 1.919009966, 't': 0, 'r': -0.003067962, 'g': 3.107845076, 'tB': 92, 'tS': -24, 'tE': 172, 'tT': 60, 'tR': 0, 'tG': -16, 'torswitchB': 1, 'torswitchS': 1, 'torswitchE': 1, 'torswitchT': 1, 'torswitchR': 1, 'torswitchG': 1, 'v': 1213}
b'{"T": 102, "base": -0.4174244621426895, "shoulder": -0.18704334571363335, "elbow": 1.8353533052390711, "wrist": -0.017688381730541235, "roll": -0.003067962, "hand": 3.11551498, "spd": 1000, "acc": 50}\n'
{'T': 1051, 'x': 260.3130588, 'y': -131.531459, 'z': 181.3062883, 'tit': 0.13652429, 'b': -0.46786414, 's': -0.208621387, 'e': 1.915942004, 't': 0, 'r': -0.003067962, 'g': 3.107845076, 'tB': 92, 'tS': 20, 'tE': 180, 'tT': 56, 'tR': 0, 'tG': -16, 'torswitchB': 1, 'torswitchS': 1, 'torswitchE': 1, 'torswitchT': 1, 'torswitchR': 1, 'torswitchG': 1, 'v': 1212}
b'{"T": 102, "base": -0.4095990961838127, "shoulder": -0.18005377941374956, "elbow": 1.829029845573323, "wrist": -0.01835448836467681, "roll": -0.003067962, "hand": 3.11551498, "spd": 1000, "acc": 50}\n'
{'T': 1051, 'x': 264.6216932, 'y': -129.6569643, 'z': 180.1233305, 'tit': 0.141126232, 'b': -0.455592294, 's': -0.19481556, 'e': 1.906738119, 't': 0, 'r': -0.003067962, 'g': 3.107845076, 'tB': 96, 'tS': 0, 'tE': 184, 'tT': 60, 'tR': 0, 'tG': -16, 'torswitchB': 1, 'torswitchS': 1, 'torswitchE': 1, 'torswitchT': 1, 'torswitchR': 1, 'torswitchG': 1, 'v': 1213}
b'{"T": 102, "base": -0.4017544916052561, "shoulder": -0.1731835363694889, "elbow": 1.8227355854767924, "wrist": -0.018930471312406903, "roll": -0.003067962, "hand": 3.11551498, "spd": 1000, "acc": 50}\n'
{'T': 1051, 'x': 267.2551524, 'y': -128.4148251, 'z': 180.2422063, 'tit': 0.141126232, 'b': -0.44792239, 's': -0.187145656, 'e': 1.899068215, 't': 0, 'r': -0.003067962, 'g': 3.107845076, 'tB': 64, 'tS': 44, 'tE': 156, 'tT': 64, 'tR': 0, 'tG': -16, 'torswitchB': 1, 'torswitchS': 1, 'torswitchE': 1, 'torswitchT': 1, 'torswitchR': 1, 'torswitchG': 1, 'v': 1214}
b'{"T": 102, "base": -0.3938912672671175, "shoulder": -0.16643276243751282, "elbow": 1.8164746923745585, "wrist": -0.01942035214214912, "roll": -0.003067962, "hand": 3.11551498, "spd": 1000, "acc": 50}\n'
{'T': 1051, 'x': 270.742627, 'y': -127.0367596, 'z': 180.3850832, 'tit': 0.141126232, 'b': -0.438718505, 's': -0.176407791, 'e': 1.88833035, 't': 0, 'r': -0.003067962, 'g': 3.107845076, 'tB': 100, 'tS': 28, 'tE': 164, 'tT': 64, 'tR': 0, 'tG': -16, 'torswitchB': 1, 'torswitchS': 1, 'torswitchE': 1, 'torswitchT': 1, 'torswitchR': 1, 'torswitchG': 1, 'v': 1213}
b'{"T": 102, "base": -0.38601002262143036, "shoulder": -0.15980160972943702, "elbow": 1.810251283739444, "wrist": -0.019828096215110412, "roll": -0.003067962, "hand": 3.11551498, "spd": 1000, "acc": 50}\n'
{'T': 1051, 'x': 272.2509669, 'y': -126.2190573, 'z': 181.891604, 'tit': 0.134990309, 'b': -0.434116563, 's': -0.173339829, 'e': 1.882194427, 't': -0.003067962, 'r': -0.003067962, 'g': 3.107845076, 'tB': 76, 'tS': 32, 'tE': 148, 'tT': 56, 'tR': 0, 'tG': -16, 'torswitchB': 1, 'torswitchS': 1, 'torswitchE': 1, 'torswitchT': 1, 'torswitchR': 1, 'torswitchG': 1, 'v': 1213}
b'{"T": 102, "base": -0.378111338590259, "shoulder": -0.15329023743799097, "elbow": 1.8040694270081776, "wrist": -0.020157611775290095, "roll": -0.003067962, "hand": 3.11551498, "spd": 1000, "acc": 50}\n'
{'T': 1051, 'x': 273.7369107, 'y': -124.8730802, 'z': 182.183293, 'tit': 0.133456329, 'b': -0.42798064, 's': -0.170271867, 'e': 1.879126465, 't': -0.004601942, 'r': -0.003067962, 'g': 3.107845076, 'tB': 84, 'tS': 20, 'tE': 164, 'tT': 52, 'tR': 0, 'tG': -16, 'torswitchB': 1, 'torswitchS': 1, 'torswitchE': 1, 'torswitchT': 1, 'torswitchR': 1, 'torswitchG': 1, 'v': 1213}
b'{"T": 102, "base": -0.37019577840052054, "shoulder": -0.14689881253745352, "elbow": 1.797933139457419, "wrist": -0.020412749125068873, "roll": -0.003067962, "hand": 3.11551498, "spd": 1000, "acc": 50}\n'
{'T': 1051, 'x': 277.6052971, 'y': -122.5447971, 'z': 180.3850786, 'tit': 0.139592252, 'b': -0.415708794, 's': -0.158000021, 'e': 1.872990542, 't': -0.004601942, 'r': -0.003067962, 'g': 3.107845076, 'tB': 96, 'tS': 20, 'tE': 184, 'tT': 56, 'tR': 0, 'tG': -16, 'torswitchB': 1, 'torswitchS': 1, 'torswitchE': 1, 'torswitchT': 1, 'torswitchR': 1, 'torswitchG': 1, 'v': 1212}
b'{"T": 102, "base": -0.36226388837809764, "shoulder": -0.14062751036411125, "elbow": 1.7918463880336706, "wrist": -0.020597299874662765, "roll": -0.003067962, "hand": 3.11551498, "spd": 1000, "acc": 50}\n'
{'T': 1051, 'x': 279.5734672, 'y': -121.3694072, 'z': 181.6304364, 'tit': 0.134990309, 'b': -0.40957287, 's': -0.153398079, 'e': 1.865320638, 't': -0.006135923, 'r': -0.003067962, 'g': 3.107845076, 'tB': 68, 'tS': 40, 'tE': 152, 'tT': 48, 'tR': 0, 'tG': -16, 'torswitchB': 1, 'torswitchS': 1, 'torswitchE': 1, 'torswitchT': 1, 'torswitchR': 1, 'torswitchG': 1, 'v': 1213}
b'{"T": 102, "base": -0.35431619870364317, "shoulder": -0.1344765150823246, "elbow": 1.7858130891316593, "wrist": -0.020714996254438088, "roll": -0.003067962, "hand": 3.11551498, "spd": 1000, "acc": 50}\n'
{'T': 1051, 'x': 280.8877639, 'y': -119.8970673, 'z': 183.0734566, 'tit': 0.130388367, 'b': -0.403436947, 's': -0.151864098, 'e': 1.859184715, 't': -0.006135923, 'r': -0.003067962, 'g': 3.107845076, 'tB': 84, 'tS': 0, 'tE': 164, 'tT': 52, 'tR': 0, 'tG': -16, 'torswitchB': 1, 'torswitchS': 1, 'torswitchE': 1, 'torswitchT': 1, 'torswitchR': 1, 'torswitchG': 1, 'v': 1212}
b'{"T": 102, "base": -0.3463532241323175, "shoulder": -0.12844602004159644, "elbow": 1.7798371083162867, "wrist": -0.020769510479793717, "roll": -0.003067962, "hand": 3.11551498, "spd": 1000, "acc": 50}\n'
{'T': 1051, 'x': 284.605024, 'y': -117.8872609, 'z': 183.6039888, 'tit': 0.128854386, 'b': -0.392699082, 's': -0.141126232, 'e': 1.846912869, 't': -0.006135923, 'r': -0.003067962, 'g': 3.107845076, 'tB': 96, 'tS': 20, 'tE': 152, 'tT': 52, 'tR': 0, 'tG': -16, 'torswitchB': 1, 'torswitchS': 1, 'torswitchE': 1, 'torswitchT': 1, 'torswitchR': 1, 'torswitchG': 1, 'v': 1212}
b'{"T": 102, "base": -0.3383754646795595, "shoulder": -0.12253622802987629, "elbow": 1.773922259983794, "wrist": -0.020764454159021194, "roll": -0.003067962, "hand": 3.11551498, "spd": 1000, "acc": 50}\n'
{'T': 1051, 'x': 286.3404051, 'y': -116.552862, 'z': 183.6180694, 'tit': 0.128854386, 'b': -0.386563159, 's': -0.13652429, 'e': 1.842310926, 't': -0.006135923, 'r': -0.003067962, 'g': 3.107845076, 'tB': 72, 'tS': 28, 'tE': 140, 'tT': 56, 'tR': 0, 'tG': -16, 'torswitchB': 1, 'torswitchS': 1, 'torswitchE': 1, 'torswitchT': 1, 'torswitchR': 1, 'torswitchG': 1, 'v': 1213}
b'{"T": 102, "base": -0.33038340627485774, "shoulder": -0.1167473514281776, "elbow": 1.7680723069583126, "wrist": -0.02070337773523847, "roll": -0.003067962, "hand": 3.11551498, "spd": 1000, "acc": 50}\n'
{'T': 1051, 'x': 287.5718763, 'y': -115.002351, 'z': 182.6687381, 'tit': 0.131922348, 'b': -0.380427235, 's': -0.133456329, 'e': 1.842310926, 't': -0.006135923, 'r': -0.003067962, 'g': 3.107845076, 'tB': 84, 'tS': 0, 'tE': 172, 'tT': 56, 'tR': 0, 'tG': -16, 'torswitchB': 1, 'torswitchS': 1, 'torswitchE': 1, 'torswitchT': 1, 'torswitchR': 1, 'torswitchG': 1, 'v': 1212}
b'{"T": 102, "base": -0.32237752138536413, "shoulder": -0.11107961227140384, "elbow": 1.762290960020483, "wrist": -0.02058976995418251, "roll": -0.003067962, "hand": 3.11551498, "spd": 1000, "acc": 50}\n'
{'T': 1051, 'x': 291.151627, 'y': -112.822957, 'z': 182.4545574, 'tit': 0.131922348, 'b': -0.36968937, 's': -0.122718463, 'e': 1.833107042, 't': -0.007669904, 'r': -0.003067962, 'g': 3.107845076, 'tB': 104, 'tS': 0, 'tE': 172, 'tT': 52, 'tR': 0, 'tG': -16, 'torswitchB': 1, 'torswitchS': 1, 'torswitchE': 1, 'torswitchT': 1, 'torswitchR': 1, 'torswitchG': 1, 'v': 1213}
b'{"T": 102, "base": -0.31435826961107916, "shoulder": -0.1055332422201617, "elbow": 1.7565818773653745, "wrist": -0.02042705735031638, "roll": -0.003067962, "hand": 3.11551498, "spd": 1000, "acc": 50}\n'
{'T': 1051, 'x': 293.2876855, 'y': -111.5857574, 'z': 182.9230893, 'tit': 0.130388367, 'b': -0.363553447, 's': -0.11658254, 'e': 1.825437138, 't': -0.007669904, 'r': -0.003067962, 'g': 3.107845076, 'tB': 72, 'tS': 40, 'tE': 140, 'tT': 52, 'tR': 0, 'tG': -16, 'torswitchB': 1, 'torswitchS': 1, 'torswitchE': 1, 'torswitchT': 1, 'torswitchR': 1, 'torswitchG': 1, 'v': 1213}
b'{"T": 102, "base": -0.3063260982532286, "shoulder": -0.10010848244817871, "elbow": 1.7509486639874317, "wrist": -0.020218603744356266, "roll": -0.003067962, "hand": 3.11551498, "spd": 1000, "acc": 50}\n'
{'T': 1051, 'x': 294.4688023, 'y': -109.9715382, 'z': 183.8754357, 'tit': 0.127320405, 'b': -0.357417524, 's': -0.115048559, 'e': 1.820835195, 't': -0.007669904, 'r': -0.003067962, 'g': 3.107845076, 'tB': 88, 'tS': 0, 'tE': 152, 'tT': 48, 'tR': 0, 'tG': -16, 'torswitchB': 1, 'torswitchS': 1, 'torswitchE': 1, 'torswitchT': 1, 'torswitchR': 1, 'torswitchG': 1, 'v': 1213}
b'{"T": 102, "base": -0.2982814428573549, "shoulder": -0.09480558344983159, "elbow": 1.7453948709907114, "wrist": -0.019967709745983296, "roll": -0.003067962, "hand": 3.11551498, "spd": 1000, "acc": 50}\n'
{'T': 1051, 'x': 298.1284319, 'y': -107.1882144, 'z': 183.3554813, 'tit': 0.128854386, 'b': -0.345145677, 's': -0.104310694, 'e': 1.81163131, 't': -0.007669904, 'r': -0.003067962, 'g': 3.107845076, 'tB': 96, 'tS': 24, 'tE': 156, 'tT': 48, 'tR': 0, 'tG': -16, 'torswitchB': 1, 'torswitchS': 1, 'torswitchE': 1, 'torswitchT': 1, 'torswitchR': 1, 'torswitchG': 1, 'v': 1212}
b'{"T": 102, "base": -0.2902247277325535, "shoulder": -0.08962480477216939, "elbow": 1.7399239948231813, "wrist": -0.019677612256115216, "roll": -0.003067962, "hand": 3.11551498, "spd": 1000, "acc": 50}\n'
{'T': 1051, 'x': 299.897664, 'y': -105.2338873, 'z': 182.8511474, 'tit': 0.130388367, 'b': -0.337475773, 's': -0.099708751, 'e': 1.808563349, 't': -0.007669904, 'r': -0.003067962, 'g': 3.107845076, 'tB': 68, 'tS': 40, 'tE': 148, 'tT': 48, 'tR': 0, 'tG': -16, 'torswitchB': 1, 'torswitchS': 1, 'torswitchE': 1, 'torswitchT': 1, 'torswitchR': 1, 'torswitchG': 1, 'v': 1213}
b'{"T": 102, "base": -0.2821563664481969, "shoulder": -0.08456641467571346, "elbow": 1.7345394764343671, "wrist": -0.019351483963757098, "roll": -0.003067962, "hand": 3.11551498, "spd": 1000, "acc": 50}\n'
{'T': 1051, 'x': 302.2335079, 'y': -102.4221337, 'z': 181.8525866, 'tit': 0.133456329, 'b': -0.326737908, 's': -0.093572828, 'e': 1.805495387, 't': -0.007669904, 'r': -0.003067962, 'g': 3.107845076, 'tB': 92, 'tS': 20, 'tE': 176, 'tT': 48, 'tR': 0, 'tG': -16, 'torswitchB': 1, 'torswitchS': 1, 'torswitchE': 1, 'torswitchT': 1, 'torswitchR': 1, 'torswitchG': 1, 'v': 1212}
b'{"T": 102, "base": -0.27407676230941136, "shoulder": -0.0796306897282385, "elbow": 1.7292447003561602, "wrist": -0.01899243283302523, "roll": -0.003067962, "hand": 3.11551498, "spd": 1000, "acc": 50}\n'
{'T': 1051, 'x': 303.8982055, 'y': -100.9117187, 'z': 181.814436, 'tit': 0.133456329, 'b': -0.320601985, 's': -0.088970886, 'e': 1.800893445, 't': -0.007669904, 'r': -0.003067962, 'g': 3.107845076, 'tB': 68, 'tS': 36, 'tE': 156, 'tT': 48, 'tR': 0, 'tG': -16, 'torswitchB': 1, 'torswitchS': 1, 'torswitchE': 1, 'torswitchT': 1, 'torswitchR': 1, 'torswitchG': 1, 'v': 1213}
b'{"T": 102, "base": -0.2659863088124976, "shoulder": -0.07481791433563545, "elbow": 1.7240429937070814, "wrist": -0.01860350157654924, "roll": -0.003067962, "hand": 3.11551498, "spd": 1000, "acc": 50}\n'
{'T': 1051, 'x': 304.6363249, 'y': -100.1202046, 'z': 182.2783068, 'tit': 0.131922348, 'b': -0.317534023, 's': -0.087436905, 'e': 1.797825483, 't': -0.007669904, 'r': -0.003067962, 'g': 3.107845076, 'tB': 92, 'tS': 20, 'tE': 168, 'tT': 48, 'tR': 0, 'tG': -16, 'torswitchB': 1, 'torswitchS': 1, 'torswitchE': 1, 'torswitchT': 1, 'torswitchR': 1, 'torswitchG': 1, 'v': 1213}
b'{"T": 102, "base": -0.25788539008141276, "shoulder": -0.07012838021392553, "elbow": 1.7189376251208395, "wrist": -0.018187667112017268, "roll": -0.003067962, "hand": 3.11551498, "spd": 1000, "acc": 50}\n'
{'T': 1051, 'x': 306.706487, 'y': -98.20057391, 'z': 181.7396254, 'tit': 0.133456329, 'b': -0.309864119, 's': -0.081300982, 'e': 1.793223541, 't': -0.007669904, 'r': -0.003067962, 'g': 3.107845076, 'tB': 88, 'tS': 24, 'tE': 168, 'tT': 48, 'tR': 0, 'tG': -16, 'torswitchB': 1, 'torswitchS': 1, 'torswitchE': 1, 'torswitchT': 1, 'torswitchR': 1, 'torswitchG': 1, 'v': 1213}
b'{"T": 102, "base": -0.24977438128637341, "shoulder": -0.06556238580640783, "elbow": 1.7139318036004967, "wrist": -0.017747839999192293, "roll": -0.003067962, "hand": 3.11551498, "spd": 1000, "acc": 50}\n'
{'T': 1051, 'x': 310.0051402, 'y': -95.59912282, 'z': 182.5868886, 'tit': 0.130388367, 'b': -0.299126254, 's': -0.072097097, 'e': 1.780951695, 't': -0.007669904, 'r': -0.003067962, 'g': 3.107845076, 'tB': 100, 'tS': 28, 'tE': 160, 'tT': 44, 'tR': 0, 'tG': -16, 'torswitchB': 1, 'torswitchS': 1, 'torswitchE': 1, 'torswitchT': 1, 'torswitchR': 1, 'torswitchG': 1, 'v': 1213}
b'{"T": 102, "base": -0.241653649045573, "shoulder": -0.061120235649915755, "elbow": 1.7090286773000816, "wrist": -0.01728686385526914, "roll": -0.003067962, "hand": 3.11551498, "spd": 1000, "acc": 50}\n'
{'T': 1051, 'x': 311.8405682, 'y': -93.03084924, 'z': 182.047328, 'tit': 0.131922348, 'b': -0.289922369, 's': -0.067495155, 'e': 1.777883733, 't': -0.007669904, 'r': -0.003067962, 'g': 3.107845076, 'tB': 72, 'tS': 44, 'tE': 148, 'tT': 44, 'tR': 0, 'tG': -16, 'torswitchB': 1, 'torswitchS': 1, 'torswitchE': 1, 'torswitchT': 1, 'torswitchR': 1, 'torswitchG': 1, 'v': 1213}
b'{"T": 102, "base": -0.23352355181095466, "shoulder": -0.05680223969407827, "elbow": 1.7042313322359437, "wrist": -0.016807514746968975, "roll": -0.003067962, "hand": 3.11551498, "spd": 1000, "acc": 50}\n'
{'T': 1051, 'x': 313.7922701, 'y': -89.95533356, 'z': 181.502853, 'tit': 0.133456329, 'b': -0.279184503, 's': -0.062893212, 'e': 1.774815772, 't': -0.007669904, 'r': -0.003067962, 'g': 3.107845076, 'tB': 96, 'tS': 20, 'tE': 180, 'tT': 44, 'tR': 0, 'tG': -16, 'torswitchB': 1, 'torswitchS': 1, 'torswitchE': 1, 'torswitchT': 1, 'torswitchR': 1, 'torswitchG': 1, 'v': 1213}
b'{"T": 102, "base": -0.22538444023892656, "shoulder": -0.052608712577518424, "elbow": 1.6995427909306922, "wrist": -0.016312500558277064, "roll": -0.003067962, "hand": 3.11551498, "spd": 1000, "acc": 50}\n'
{'T': 1051, 'x': 315.2580413, 'y': -88.80755912, 'z': 181.4310431, 'tit': 0.133456329, 'b': -0.274582561, 's': -0.05829127, 'e': 1.770213829, 't': -0.007669904, 'r': -0.003067962, 'g': 3.107845076, 'tB': 72, 'tS': 44, 'tE': 156, 'tT': 44, 'tR': 0, 'tG': -16, 'torswitchB': 1, 'torswitchS': 1, 'torswitchE': 1, 'torswitchT': 1, 'torswitchR': 1, 'torswitchG': 1, 'v': 1213}
b'{"T": 102, "base": -0.217236657546859, "shoulder": -0.04853997286485345, "elbow": 1.6949660109929743, "wrist": -0.015804460333224267, "roll": -0.003067962, "hand": 3.11551498, "spd": 1000, "acc": 50}\n'
{'T': 1051, 'x': 316.0990016, 'y': -87.4763748, 'z': 181.883696, 'tit': 0.131922348, 'b': -0.269980619, 's': -0.056757289, 'e': 1.767145868, 't': -0.007669904, 'r': -0.003067962, 'g': 3.107845076, 'tB': 88, 'tS': 20, 'tE': 168, 'tT': 40, 'tR': 0, 'tG': -16, 'torswitchB': 1, 'torswitchS': 1, 'torswitchE': 1, 'torswitchT': 1, 'torswitchR': 1, 'torswitchG': 1, 'v': 1212}
b'{"T": 102, "base": -0.2090805398561562, "shoulder": -0.04459634224839226, "elbow": 1.6905038836368655, "wrist": -0.015285963593576833, "roll": -0.003067962, "hand": 3.11551498, "spd": 1000, "acc": 50}\n'
{'T': 1051, 'x': 318.8305777, 'y': -84.03406694, 'z': 181.2722935, 'tit': 0.133456329, 'b': -0.257708772, 's': -0.049087385, 'e': 1.761009944, 't': -0.007669904, 'r': -0.003067962, 'g': 3.107845076, 'tB': 104, 'tS': 28, 'tE': 172, 'tT': 40, 'tR': 0, 'tG': -16, 'torswitchB': 1, 'torswitchS': 1, 'torswitchE': 1, 'torswitchT': 1, 'torswitchR': 1, 'torswitchG': 1, 'v': 1214}
b'{"T": 102, "base": -0.20091641652265335, "shoulder": -0.040778144718403464, "elbow": 1.6861592321450787, "wrist": -0.014759509631778654, "roll": -0.003067962, "hand": 3.11551498, "spd": 1000, "acc": 50}\n'
{'T': 1051, 'x': 320.5679838, 'y': -82.39174013, 'z': 182.1409104, 'tit': 0.130388367, 'b': -0.251572849, 's': -0.044485443, 'e': 1.753340041, 't': -0.007669904, 'r': -0.003067962, 'g': 3.107845076, 'tB': 76, 'tS': 40, 'tE': 148, 'tT': 40, 'tR': 0, 'tG': -16, 'torswitchB': 1, 'torswitchS': 1, 'torswitchE': 1, 'torswitchT': 1, 'torswitchR': 1, 'torswitchG': 1, 'v': 1211}
b'{"T": 102, "base": -0.19274461045505034, "shoulder": -0.03708570570584846, "elbow": 1.6819348102806433, "wrist": -0.014227526779898268, "roll": -0.003067962, "hand": 3.11551498, "spd": 1000, "acc": 50}\n'
{'T': 1051, 'x': 322.9728122, 'y': -78.79760575, 'z': 182.0171577, 'tit': 0.130388367, 'b': -0.239301003, 's': -0.03834952, 'e': 1.747204117, 't': -0.007669904, 'r': -0.003067962, 'g': 3.107845076, 'tB': 96, 'tS': 28, 'tE': 164, 'tT': 36, 'tR': 0, 'tG': -16, 'torswitchB': 1, 'torswitchS': 1, 'torswitchE': 1, 'torswitchT': 1, 'torswitchR': 1, 'torswitchG': 1, 'v': 1213}
b'{"T": 102, "base": -0.1845654384220571, "shoulder": -0.03351935120146621, "elbow": 1.6778333006521309, "wrist": -0.013692371655768108, "roll": -0.003067962, "hand": 3.11551498, "spd": 1000, "acc": 50}\n'
{'T': 1051, 'x': 324.3961163, 'y': -77.56490734, 'z': 181.9184675, 'tit': 0.130388367, 'b': -0.234699061, 's': -0.033747577, 'e': 1.742602175, 't': -0.007669904, 'r': -0.003067962, 'g': 3.107845076, 'tB': 84, 'tS': 48, 'tE': 148, 'tT': 36, 'tR': 0, 'tG': -16, 'torswitchB': 1, 'torswitchS': 1, 'torswitchE': 1, 'torswitchT': 1, 'torswitchR': 1, 'torswitchG': 1, 'v': 1214}
b'{"T": 102, "base": -0.17637921134888843, "shoulder": -0.03007940685513044, "elbow": 1.673857313037916, "wrist": -0.013156328387888959, "roll": -0.003067962, "hand": 3.11551498, "spd": 1000, "acc": 50}\n'
{'T': 1051, 'x': 324.5976095, 'y': -77.08688437, 'z': 182.3964416, 'tit': 0.128854386, 'b': -0.23316508, 's': -0.033747577, 'e': 1.741068194, 't': -0.007669904, 'r': -0.003067962, 'g': 3.107845076, 'tB': 104, 'tS': 28, 'tE': 164, 'tT': 36, 'tR': 0, 'tG': -16, 'torswitchB': 1, 'torswitchS': 1, 'torswitchE': 1, 'torswitchT': 1, 'torswitchR': 1, 'torswitchG': 1, 'v': 1211}
b'{"T": 102, "base": -0.16818623460371737, "shoulder": -0.026766197059383545, "elbow": 1.6700093826753288, "wrist": -0.012621607821048729, "roll": -0.003067962, "hand": 3.11551498, "spd": 1000, "acc": 50}\n'
{'T': 1051, 'x': 325.4197367, 'y': -75.17580471, 'z': 182.3624261, 'tit': 0.128854386, 'b': -0.227029157, 's': -0.032213597, 'e': 1.739534213, 't': -0.007669904, 'r': -0.003067962, 'g': 3.107845076, 'tB': 104, 'tS': 24, 'tE': 168, 'tT': 32, 'tR': 0, 'tG': -16, 'torswitchB': 1, 'torswitchS': 1, 'torswitchE': 1, 'torswitchT': 1, 'torswitchR': 1, 'torswitchG': 1, 'v': 1212}
b'{"T": 102, "base": -0.15998680827466463, "shoulder": -0.023580044021085933, "elbow": 1.6662919685209268, "wrist": -0.012090346704944376, "roll": -0.003067962, "hand": 3.11551498, "spd": 1000, "acc": 50}\n'
{'T': 1051, 'x': 328.2900214, 'y': -71.07956204, 'z': 182.662066, 'tit': 0.127320405, 'b': -0.21322333, 's': -0.024543693, 'e': 1.730330329, 't': -0.007669904, 'r': -0.003067962, 'g': 3.107845076, 'tB': 120, 'tS': 36, 'tE': 160, 'tT': 32, 'tR': 0, 'tG': -16, 'torswitchB': 1, 'torswitchS': 1, 'torswitchE': 1, 'torswitchT': 1, 'torswitchR': 1, 'torswitchG': 1, 'v': 1212}
b'{"T": 102, "base": -0.15178122743787123, "shoulder": -0.020521266825118456, "elbow": 1.6627074514884395, "wrist": -0.011564606868424442, "roll": -0.003067962, "hand": 3.11551498, "spd": 1000, "acc": 50}\n'
{'T': 1051, 'x': 329.6206448, 'y': -68.72532245, 'z': 183.0650011, 'tit': 0.125786425, 'b': -0.205553426, 's': -0.021475731, 'e': 1.725728386, 't': -0.007669904, 'r': -0.003067962, 'g': 3.107845076, 'tB': 84, 'tS': 44, 'tE': 144, 'tT': 32, 'tR': 0, 'tG': -16, 'torswitchB': 1, 'torswitchS': 1, 'torswitchE': 1, 'torswitchT': 1, 'torswitchR': 1, 'torswitchG': 1, 'v': 1213}
b'{"T": 102, "base": -0.14356978241718132, "shoulder": -0.017590180494077123, "elbow": 1.6592581326712352, "wrist": -0.011046374382261435, "roll": -0.003067962, "hand": 3.11551498, "spd": 1000, "acc": 50}\n'
{'T': 1051, 'x': 330.4951068, 'y': -66.26675748, 'z': 183.026514, 'tit': 0.125786425, 'b': -0.197883522, 's': -0.01994175, 'e': 1.724194406, 't': -0.007669904, 'r': -0.003067962, 'g': 3.107845076, 'tB': 96, 'tS': 32, 'tE': 156, 'tT': 24, 'tR': 0, 'tG': -16, 'torswitchB': 1, 'torswitchS': 1, 'torswitchE': 1, 'torswitchT': 1, 'torswitchR': 1, 'torswitchG': 1, 'v': 1212}
b'{"T": 102, "base": -0.1353527590359302, "shoulder": -0.014787095047905652, "elbow": 1.6559462315564328, "wrist": -0.010537558713630622, "roll": -0.003067962, "hand": 3.11551498, "spd": 1000, "acc": 50}\n'
{'T': 1051, 'x': 332.4529292, 'y': -62.95379739, 'z': 181.9106437, 'tit': 0.128854386, 'b': -0.187145656, 's': -0.013805827, 'e': 1.721126444, 't': -0.007669904, 'r': -0.003067962, 'g': 3.107845076, 'tB': 108, 'tS': 36, 'tE': 160, 'tT': 28, 'tR': 0, 'tG': -16, 'torswitchB': 1, 'torswitchS': 1, 'torswitchE': 1, 'torswitchT': 1, 'torswitchR': 1, 'torswitchG': 1, 'v': 1212}
b'{"T": 102, "base": -0.1271304388613167, "shoulder": -0.012112314567398585, "elbow": 1.6527738842379978, "wrist": -0.010039991875702724, "roll": -0.003067962, "hand": 3.11551498, "spd": 1000, "acc": 50}\n'
{'T': 1051, 'x': 333.714136, 'y': -61.07398821, 'z': 182.7838651, 'tit': 0.125786425, 'b': -0.181009733, 's': -0.010737866, 'e': 1.714990521, 't': -0.007669904, 'r': -0.003067962, 'g': 3.107845076, 'tB': 84, 'tS': 44, 'tE': 148, 'tT': 28, 'tR': 0, 'tG': -16, 'torswitchB': 1, 'torswitchS': 1, 'torswitchE': 1, 'torswitchT': 1, 'torswitchR': 1, 'torswitchG': 1, 'v': 1213}
b'{"T": 102, "base": -0.11890309944181299, "shoulder": -0.009566136265496517, "elbow": 1.6497431416363768, "wrist": -0.00955542757598362, "roll": -0.003067962, "hand": 3.11551498, "spd": 1000, "acc": 50}\n'
{'T': 1051, 'x': 335.601226, 'y': -56.64267813, 'z': 182.6550066, 'tit': 0.125786425, 'b': -0.167203906, 's': -0.006135923, 'e': 1.710388578, 't': -0.007669904, 'r': -0.003067962, 'g': 3.107845076, 'tB': 96, 'tS': 44, 'tE': 160, 'tT': 24, 'tR': 0, 'tG': -16, 'torswitchB': 1, 'torswitchS': 1, 'torswitchE': 1, 'torswitchT': 1, 'torswitchR': 1, 'torswitchG': 1, 'v': 1213}
b'{"T": 102, "base": -0.11067101453804896, "shoulder": -0.007148849570258742, "elbow": 1.6468559677323404, "wrist": -0.00908554036718514, "roll": -0.003067962, "hand": 3.11551498, "spd": 1000, "acc": 50}\n'
{'T': 1051, 'x': 336.3831977, 'y': -54.65401028, 'z': 183.0892993, 'tit': 0.124252444, 'b': -0.161067983, 's': -0.004601942, 'e': 1.707320617, 't': -0.007669904, 'r': -0.003067962, 'g': 3.107845076, 'tB': 76, 'tS': 44, 'tE': 144, 'tT': 24, 'tR': 0, 'tG': -16, 'torswitchB': 1, 'torswitchS': 1, 'torswitchE': 1, 'torswitchT': 1, 'torswitchR': 1, 'torswitchG': 1, 'v': 1213}
b'{"T": 102, "base": -0.10243445434758643, "shoulder": -0.0048607352233766, "elbow": 1.6441142378228446, "wrist": -0.008631924804571332, "roll": -0.003067962, "hand": 3.11551498, "spd": 1000, "acc": 50}\n'
{'T': 1051, 'x': 336.6305289, 'y': -53.63468748, 'z': 183.5677872, 'tit': 0.122718463, 'b': -0.158000021, 's': -0.004601942, 'e': 1.705786636, 't': -0.007669904, 'r': -0.003067962, 'g': 3.107845076, 'tB': 104, 'tS': 32, 'tE': 160, 'tT': 24, 'tR': 0, 'tG': -16, 'torswitchB': 1, 'torswitchS': 1, 'torswitchE': 1, 'torswitchT': 1, 'torswitchR': 1, 'torswitchG': 1, 'v': 1213}
b'{"T": 102, "base": -0.09419368572398445, "shoulder": -0.0027020643980240067, "elbow": 1.6415197368067496, "wrist": -0.008196094613828996, "roll": -0.003067962, "hand": 3.11551498, "spd": 1000, "acc": 50}\n'
{'T': 1051, 'x': 337.0319963, 'y': -51.05121138, 'z': 183.5677872, 'tit': 0.122718463, 'b': -0.150330117, 's': -0.004601942, 'e': 1.705786636, 't': -0.007669904, 'r': -0.003067962, 'g': 3.107845076, 'tB': 100, 'tS': 24, 'tE': 168, 'tT': 0, 'tR': 0, 'tG': -16, 'torswitchB': 1, 'torswitchS': 1, 'torswitchE': 1, 'torswitchT': 1, 'torswitchR': 1, 'torswitchG': 1, 'v': 1212}
b'{"T": 102, "base": -0.08594897239054036, "shoulder": -0.0006730978398007403, "elbow": 1.6390741575082792, "wrist": -0.007779481873582038, "roll": -0.003067962, "hand": 3.11551498, "spd": 1000, "acc": 50}\n'
{'T': 1051, 'x': 339.2252934, 'y': -46.60239161, 'z': 183.8645525, 'tit': 0.121184482, 'b': -0.13652429, 's': 0.001533981, 'e': 1.698116732, 't': -0.007669904, 'r': -0.003067962, 'g': 3.107845076, 'tB': 104, 'tS': 36, 'tE': 144, 'tT': 20, 'tR': 0, 'tG': -16, 'torswitchB': 1, 'torswitchS': 1, 'torswitchE': 1, 'torswitchT': 1, 'torswitchR': 1, 'torswitchG': 1, 'v': 1213}
b'{"T": 102, "base": -0.07770057514907543, "shoulder": 0.0012259149655819979, "elbow": 1.6367790990460276, "wrist": -0.007383436216713023, "roll": -0.003067962, "hand": 3.11551498, "spd": 1000, "acc": 50}\n'
{'T': 1051, 'x': 340.2929956, 'y': -44.09254511, 'z': 183.7702851, 'tit': 0.121184482, 'b': -0.128854386, 's': 0.004601942, 'e': 1.695048771, 't': -0.007669904, 'r': -0.003067962, 'g': 3.107845076, 'tB': 76, 'tS': 44, 'tE': 144, 'tT': 20, 'tR': 0, 'tG': -16, 'torswitchB': 1, 'torswitchS': 1, 'torswitchE': 1, 'torswitchT': 1, 'torswitchR': 1, 'torswitchG': 1, 'v': 1213}
b'{"T": 102, "base": -0.06944875208412177, "shoulder": 0.0029947365942908366, "elbow": 1.6346360652552674, "wrist": -0.0070092240546616655, "roll": -0.003067962, "hand": 3.11551498, "spd": 1000, "acc": 50}\n'
{'T': 1051, 'x': 340.8084555, 'y': -39.91330649, 'z': 183.7702851, 'tit': 0.121184482, 'b': -0.11658254, 's': 0.004601942, 'e': 1.695048771, 't': -0.007669904, 'r': -0.003067962, 'g': 3.107845076, 'tB': 100, 'tS': 20, 'tE': 160, 'tT': 0, 'tR': 0, 'tG': -16, 'torswitchB': 1, 'torswitchS': 1, 'torswitchE': 1, 'torswitchT': 1, 'torswitchR': 1, 'torswitchG': 1, 'v': 1211}
b'{"T": 102, "base": -0.061193758762855294, "shoulder": 0.004633142452562078, "elbow": 1.6326464631711688, "wrist": -0.006658027828834311, "roll": -0.003067962, "hand": 3.11551498, "spd": 1000, "acc": 50}\n'
{'T': 1051, 'x': 341.5696035, 'y': -38.9405302, 'z': 183.1951765, 'tit': 0.122718463, 'b': -0.113514578, 's': 0.007669904, 'e': 1.69351479, 't': -0.007669904, 'r': -0.003067962, 'g': 3.107845076, 'tB': 80, 'tS': 40, 'tE': 152, 'tT': 0, 'tR': 0, 'tG': -16, 'torswitchB': 1, 'torswitchS': 1, 'torswitchE': 1, 'torswitchT': 1, 'torswitchR': 1, 'torswitchG': 1, 'v': 1212}
b'{"T": 102, "base": -0.052935848431106, "shoulder": 0.006140921507778563, "elbow": 1.63081160158031, "wrist": -0.006330945293192024, "roll": -0.003067962, "hand": 3.11551498, "spd": 1000, "acc": 50}\n'
{'T': 1051, 'x': 341.9663674, 'y': -37.92335598, 'z': 182.667606, 'tit': 0.124252444, 'b': -0.110446617, 's': 0.009203885, 'e': 1.69351479, 't': -0.007669904, 'r': -0.003067962, 'g': 3.107845076, 'tB': 108, 'tS': 36, 'tE': 168, 'tT': 0, 'tR': 0, 'tG': -16, 'torswitchB': 1, 'torswitchS': 1, 'torswitchE': 1, 'torswitchT': 1, 'torswitchR': 1, 'torswitchG': 1, 'v': 1213}
b'{"T": 102, "base": -0.044675272205768425, "shoulder": 0.0075178769792008104, "elbow": 1.629132689647688, "wrist": -0.006028988831992342, "roll": -0.003067962, "hand": 3.11551498, "spd": 1000, "acc": 50}\n'
{'T': 1051, 'x': 343.5707933, 'y': -33.83876959, 'z': 182.9955067, 'tit': 0.122718463, 'b': -0.09817477, 's': 0.013805827, 'e': 1.687378867, 't': -0.007669904, 'r': -0.003067962, 'g': 3.107845076, 'tB': 120, 'tS': 40, 'tE': 156, 'tT': 0, 'tR': 0, 'tG': -16, 'torswitchB': 1, 'torswitchS': 1, 'torswitchE': 1, 'torswitchT': 1, 'torswitchR': 1, 'torswitchG': 1, 'v': 1213}
b'{"T": 102, "base": -0.03641227926392492, "shoulder": 0.008763826985332845, "elbow": 1.6276108356260783, "wrist": -0.005753084816514507, "roll": -0.003067962, "hand": 3.11551498, "spd": 1000, "acc": 50}\n'
{'T': 1051, 'x': 343.8202253, 'y': -31.20264512, 'z': 182.9955067, 'tit': 0.122718463, 'b': -0.090504866, 's': 0.013805827, 'e': 1.687378867, 't': -0.007669904, 'r': -0.003067962, 'g': 3.107845076, 'tB': 80, 'tS': 40, 'tE': 160, 'tT': 0, 'tR': 0, 'tG': -16, 'torswitchB': 1, 'torswitchS': 1, 'torswitchE': 1, 'torswitchT': 1, 'torswitchR': 1, 'torswitchG': 1, 'v': 1212}
b'{"T": 102, "base": -0.028147117028984907, "shoulder": 0.00987860514503458, "elbow": 1.6262470456542988, "wrist": -0.005504073004436803, "roll": -0.003067962, "hand": 3.11551498, "spd": 1000, "acc": 50}\n'
{'T': 1051, 'x': 344.4188825, 'y': -27.00003559, 'z': 184.4317195, 'tit': 0.118116521, 'b': -0.07823302, 's': 0.013805827, 'e': 1.682776924, 't': -0.007669904, 'r': -0.003067962, 'g': 3.107845076, 'tB': 104, 'tS': 28, 'tE': 152, 'tT': 0, 'tR': 0, 'tG': -16, 'torswitchB': 1, 'torswitchS': 1, 'torswitchE': 1, 'torswitchT': 1, 'torswitchR': 1, 'torswitchG': 1, 'v': 1213}
b'{"T": 102, "base": -0.019880031354136976, "shoulder": 0.010862061129714884, "elbow": 1.625042222650506, "wrist": -0.005282705985324342, "roll": -0.003067962, "hand": 3.11551498, "spd": 1000, "acc": 50}\n'
{'T': 1051, 'x': 344.77462, 'y': -25.43210385, 'z': 185.8690326, 'tit': 0.113514578, 'b': -0.073631078, 's': 0.013805827, 'e': 1.678174982, 't': -0.007669904, 'r': -0.003067962, 'g': 3.107845076, 'tB': 84, 'tS': 32, 'tE': 140, 'tT': 0, 'tR': 0, 'tG': -16, 'torswitchB': 1, 'torswitchS': 1, 'torswitchE': 1, 'torswitchT': 1, 'torswitchR': 1, 'torswitchG': 1, 'v': 1213}
b'{"T": 102, "base": -0.011611266703402305, "shoulder": 0.011714061164108447, "elbow": 1.6239971653062621, "wrist": -0.005089648675474033, "roll": -0.003067962, "hand": 3.11551498, "spd": 1000, "acc": 50}\n'
{'T': 1051, 'x': 345.0011228, 'y': -23.32132909, 'z': 186.3483761, 'tit': 0.111980598, 'b': -0.067495155, 's': 0.013805827, 'e': 1.676641001, 't': -0.007669904, 'r': -0.003067962, 'g': 3.107845076, 'tB': 100, 'tS': 24, 'tE': 144, 'tT': 0, 'tR': 0, 'tG': -16, 'torswitchB': 1, 'torswitchS': 1, 'torswitchE': 1, 'torswitchT': 1, 'torswitchR': 1, 'torswitchG': 1, 'v': 1213}
b'{"T": 102, "base": -0.0033410663305725027, "shoulder": 0.012434488473396677, "elbow": 1.6231125671865805, "wrist": -0.004925477865080595, "roll": -0.003067962, "hand": 3.11551498, "spd": 1000, "acc": 50}\n'
{'T': 1051, 'x': 345.5463462, 'y': -19.10163391, 'z': 185.8177242, 'tit': 0.113514578, 'b': -0.055223308, 's': 0.015339808, 'e': 1.676641001, 't': -0.007669904, 'r': -0.003067962, 'g': 3.107845076, 'tB': 112, 'tS': 28, 'tE': 148, 'tT': 0, 'tR': 0, 'tG': -16, 'torswitchB': 1, 'torswitchS': 1, 'torswitchE': 1, 'torswitchT': 1, 'torswitchR': 1, 'torswitchG': 1, 'v': 1213}
b'{"T": 102, "base": 0.004930327543691096, "shoulder": 0.013023243674632479, "elbow": 1.6223890159406835, "wrist": -0.004790681820419439, "roll": -0.003067962, "hand": 3.11551498, "spd": 1000, "acc": 50}\n'
{'T': 1051, 'x': 346.5867059, 'y': -17.02671303, 'z': 184.7021337, 'tit': 0.11658254, 'b': -0.049087385, 's': 0.01994175, 'e': 1.67510702, 't': -0.007669904, 'r': -0.003067962, 'g': 3.107845076, 'tB': 84, 'tS': 44, 'tE': 144, 'tT': 0, 'tR': 0, 'tG': -16, 'torswitchB': 1, 'torswitchS': 1, 'torswitchE': 1, 'torswitchT': 1, 'torswitchR': 1, 'torswitchG': 1, 'v': 1213}
b'{"T": 102, "base": 0.013202673556323782, "shoulder": 0.013480245110686906, "elbow": 1.621826992627634, "wrist": -0.004685659943424313, "roll": -0.003067962, "hand": 3.11551498, "spd": 1000, "acc": 50}\n'
{'T': 1051, 'x': 346.9440328, 'y': -15.44414804, 'z': 184.169618, 'tit': 0.118116521, 'b': -0.044485443, 's': 0.021475731, 'e': 1.67510702, 't': -0.007669904, 'r': -0.003067962, 'g': 3.107845076, 'tB': 108, 'tS': 40, 'tE': 148, 'tT': 0, 'tR': 0, 'tG': -16, 'torswitchB': 1, 'torswitchS': 1, 'torswitchE': 1, 'torswitchT': 1, 'torswitchR': 1, 'torswitchG': 1, 'v': 1213}
b'{"T": 102, "base": 0.021475731027621306, "shoulder": 0.013805429125207214, "elbow": 1.6214268711604025, "wrist": -0.004610722490713169, "roll": -0.003067962, "hand": 3.11551498, "spd": 1000, "acc": 50}\n'
{'T': 1051, 'x': 347.107432, 'y': -11.18544815, 'z': 184.169618, 'tit': 0.118116521, 'b': -0.032213597, 's': 0.021475731, 'e': 1.67510702, 't': -0.007669904, 'r': -0.003067962, 'g': 3.107845076, 'tB': 112, 'tS': 40, 'tE': 148, 'tT': 0, 'tR': 0, 'tG': -16, 'torswitchB': 1, 'torswitchS': 1, 'torswitchE': 1, 'torswitchT': 1, 'torswitchR': 1, 'torswitchG': 1, 'v': 1213}
{'T': 1051, 'x': 347.1830128, 'y': -8.522864584, 'z': 184.169618, 'tit': 0.118116521, 'b': -0.024543693, 's': 0.021475731, 'e': 1.67510702, 't': -0.007669904, 'r': -0.003067962, 'g': 3.107845076, 'tB': 80, 'tS': 40, 'tE': 152, 'tT': 0, 'tR': 0, 'tG': -16, 'torswitchB': 1, 'torswitchS': 1, 'torswitchE': 1, 'torswitchT': 1, 'torswitchR': 1, 'torswitchG': 1, 'v': 1213}
{'T': 1051, 'x': 347.2614592, 'y': -4.261753194, 'z': 184.169618, 'tit': 0.118116521, 'b': -0.012271846, 's': 0.021475731, 'e': 1.67510702, 't': -0.007669904, 'r': -0.003067962, 'g': 3.107845076, 'tB': 108, 'tS': 36, 'tE': 152, 'tT': 0, 'tR': 0, 'tG': -16, 'torswitchB': 1, 'torswitchS': 1, 'torswitchE': 1, 'torswitchT': 1, 'torswitchR': 1, 'torswitchG': 1, 'v': 1214}
{'T': 1051, 'x': 347.2859749, 'y': -1.06546337, 'z': 184.169618, 'tit': 0.118116521, 'b': -0.003067962, 's': 0.021475731, 'e': 1.67510702, 't': -0.007669904, 'r': -0.003067962, 'g': 3.107845076, 'tB': 80, 'tS': 36, 'tE': 152, 'tT': 0, 'tR': 0, 'tG': -16, 'torswitchB': 1, 'torswitchS': 1, 'torswitchE': 1, 'torswitchT': 1, 'torswitchR': 1, 'torswitchG': 1, 'v': 1213}
{'T': 1051, 'x': 347.2876093, 'y': 0, 'z': 184.169618, 'tit': 0.118116521, 'b': 0, 's': 0.021475731, 'e': 1.67510702, 't': -0.007669904, 'r': -0.003067962, 'g': 3.107845076, 'tB': 72, 'tS': 36, 'tE': 152, 'tT': 0, 'tR': 0, 'tG': -16, 'torswitchB': 1, 'torswitchS': 1, 'torswitchE': 1, 'torswitchT': 1, 'torswitchR': 1, 'torswitchG': 1, 'v': 1214}
{'T': 1051, 'x': 347.2876093, 'y': 0, 'z': 184.169618, 'tit': 0.118116521, 'b': 0, 's': 0.021475731, 'e': 1.67510702, 't': -0.007669904, 'r': -0.003067962, 'g': 3.107845076, 'tB': 72, 'tS': 36, 'tE': 152, 'tT': 0, 'tR': 0, 'tG': -16, 'torswitchB': 1, 'torswitchS': 1, 'torswitchE': 1, 'torswitchT': 1, 'torswitchR': 1, 'torswitchG': 1, 'v': 1213}
{'T': 1051, 'x': 347.2876093, 'y': 0, 'z': 184.169618, 'tit': 0.118116521, 'b': 0, 's': 0.021475731, 'e': 1.67510702, 't': -0.007669904, 'r': -0.003067962, 'g': 3.107845076, 'tB': 72, 'tS': 36, 'tE': 152, 'tT': 0, 'tR': 0, 'tG': -16, 'torswitchB': 1, 'torswitchS': 1, 'torswitchE': 1, 'torswitchT': 1, 'torswitchR': 1, 'torswitchG': 1, 'v': 1213}
{'T': 1051, 'x': 347.2876093, 'y': 0, 'z': 184.169618, 'tit': 0.118116521, 'b': 0, 's': 0.021475731, 'e': 1.67510702, 't': -0.007669904, 'r': -0.003067962, 'g': 3.107845076, 'tB': 72, 'tS': 36, 'tE': 152, 'tT': 0, 'tR': 0, 'tG': -16, 'torswitchB': 1, 'torswitchS': 1, 'torswitchE': 1, 'torswitchT': 1, 'torswitchR': 1, 'torswitchG': 1, 'v': 1214}
{'T': 1051, 'x': 347.2876093, 'y': 0, 'z': 184.169618, 'tit': 0.118116521, 'b': 0, 's': 0.021475731, 'e': 1.67510702, 't': -0.007669904, 'r': -0.003067962, 'g': 3.107845076, 'tB': 72, 'tS': 36, 'tE': 152, 'tT': 0, 'tR': 0, 'tG': -16, 'torswitchB': 1, 'torswitchS': 1, 'torswitchE': 1, 'torswitchT': 1, 'torswitchR': 1, 'torswitchG': 1, 'v': 1213}
{'T': 1051, 'x': 347.2876093, 'y': 0, 'z': 184.169618, 'tit': 0.118116521, 'b': 0, 's': 0.021475731, 'e': 1.67510702, 't': -0.007669904, 'r': -0.003067962, 'g': 3.107845076, 'tB': 72, 'tS': 36, 'tE': 152, 'tT': 0, 'tR': 0, 'tG': -16, 'torswitchB': 1, 'torswitchS': 1, 'torswitchE': 1, 'torswitchT': 1, 'torswitchR': 1, 'torswitchG': 1, 'v': 1213}
{'T': 1051, 'x': 347.5697133, 'y': 0, 'z': 183.636669, 'tit': 0.119650501, 'b': 0, 's': 0.023009712, 'e': 1.67510702, 't': -0.007669904, 'r': -0.003067962, 'g': 3.107845076, 'tB': 72, 'tS': 44, 'tE': 152, 'tT': 0, 'tR': 0, 'tG': -16, 'torswitchB': 1, 'torswitchS': 1, 'torswitchE': 1, 'torswitchT': 1, 'torswitchR': 1, 'torswitchG': 1, 'v': 1214}
reverse  aborted=False reason=None fb_ok=101 fb_invalid=0 max_track=7.02 deg rate=19.988 Hz
wrote C:\Users\Mukund\Documents\Ro-Arm\investigation\windows-arc150-260\arc150-260-result.json
wrote C:\Users\Mukund\Documents\Ro-Arm\investigation\windows-arc150-260\arc150-260.log
RESULT: COMPLETE
