DISPLAY=:0 ROARM_MODEL=roarm_m3
LAUNCH_START Tue Aug 25 12:50:38 BST 2026
[INFO] [launch]: All log files can be found below /home/mukund/.ros/log/2026-08-25-12-50-38-951460-RIG-673
[INFO] [launch]: Default logging verbosity is set to INFO
WARNING:root:[33;21mCannot infer URDF from `/home/mukund/roarm_ws/install/roarm_moveit/share/roarm_moveit`. -- using config/roarm_m3.urdf[0m
WARNING:root:[33;21mCannot infer SRDF from `/home/mukund/roarm_ws/install/roarm_moveit/share/roarm_moveit`. -- using config/roarm_m3.srdf[0m
warning: Using load_yaml() directly is deprecated. Use xacro.load_yaml() instead.
WARNING:root:[33;21mCannot infer URDF from `/home/mukund/roarm_ws/install/roarm_moveit/share/roarm_moveit`. -- using config/roarm_m3.urdf[0m
WARNING:root:[33;21mCannot infer SRDF from `/home/mukund/roarm_ws/install/roarm_moveit/share/roarm_moveit`. -- using config/roarm_m3.srdf[0m
warning: Using load_yaml() directly is deprecated. Use xacro.load_yaml() instead.
[INFO] [robot_state_publisher-1]: process started with pid [690]
[INFO] [move_group-2]: process started with pid [692]
[INFO] [rviz2-3]: process started with pid [694]
[INFO] [ros2_control_node-4]: process started with pid [696]
[INFO] [spawner-5]: process started with pid [698]
[INFO] [spawner-6]: process started with pid [700]
[INFO] [spawner-7]: process started with pid [702]
[INFO] [roarmserver-8]: process started with pid [704]
[INFO] [setgrippercmd-9]: process started with pid [706]
[robot_state_publisher-1] [INFO] [1787658639.232717902] [robot_state_publisher]: got segment base_link
[robot_state_publisher-1] [INFO] [1787658639.232830211] [robot_state_publisher]: got segment gripper_link
[robot_state_publisher-1] [INFO] [1787658639.232839847] [robot_state_publisher]: got segment hand_tcp
[robot_state_publisher-1] [INFO] [1787658639.232843554] [robot_state_publisher]: got segment link1
[robot_state_publisher-1] [INFO] [1787658639.232846497] [robot_state_publisher]: got segment link2
[robot_state_publisher-1] [INFO] [1787658639.232848951] [robot_state_publisher]: got segment link3
[robot_state_publisher-1] [INFO] [1787658639.232851713] [robot_state_publisher]: got segment link4
[robot_state_publisher-1] [INFO] [1787658639.232854188] [robot_state_publisher]: got segment link5
[robot_state_publisher-1] [INFO] [1787658639.232856642] [robot_state_publisher]: got segment world
[ros2_control_node-4] [INFO] [1787658639.232937532] [controller_manager]: Subscribing to '~/robot_description' topic for robot description file.
[ros2_control_node-4] [INFO] [1787658639.233783548] [controller_manager]: update rate is 100 Hz
[ros2_control_node-4] [INFO] [1787658639.233824065] [controller_manager]: Spawning controller_manager RT thread with scheduler priority: 50
[ros2_control_node-4] [WARN] [1787658639.233933740] [controller_manager]: Could not enable FIFO RT scheduling policy: with error number <1>(Operation not permitted). See [https://control.ros.org/master/doc/ros2_control/controller_manager/doc/userdoc.html] for details on how to enable realtime scheduling.
[roarmserver-8] [INFO] [1787658639.265563297] [roarm_server]: roarm server is ready to receive requests.
[move_group-2] [INFO] [1787658639.281797434] [moveit_rdf_loader.rdf_loader]: Loaded robot model in 0.00221292 seconds
[move_group-2] [INFO] [1787658639.281856850] [moveit_robot_model.robot_model]: Loading robot model 'roarm_m3'...
[move_group-2] [INFO] [1787658639.281863553] [moveit_robot_model.robot_model]: No root/virtual joint specified in SRDF. Assuming fixed joint
[ros2_control_node-4] [INFO] [1787658639.329557508] [controller_manager]: Received robot description file.
[ros2_control_node-4] [INFO] [1787658639.329809843] [resource_manager]: Loading hardware 'FakeSystem' 
[ros2_control_node-4] [INFO] [1787658639.330635547] [resource_manager]: Initialize hardware 'FakeSystem' 
[ros2_control_node-4] [INFO] [1787658639.330693380] [resource_manager]: Successful initialization of hardware 'FakeSystem'
[ros2_control_node-4] [INFO] [1787658639.330724825] [resource_manager]: 'configure' hardware 'FakeSystem' 
[ros2_control_node-4] [INFO] [1787658639.330730742] [resource_manager]: Successful 'configure' of hardware 'FakeSystem'
[ros2_control_node-4] [INFO] [1787658639.330734684] [resource_manager]: 'activate' hardware 'FakeSystem' 
[ros2_control_node-4] [INFO] [1787658639.330737414] [resource_manager]: Successful 'activate' of hardware 'FakeSystem'
[move_group-2] [INFO] [1787658639.335857536] [roarm_m3_hand_ikfast_solver]: Using empty link_prefix.
[ros2_control_node-4] [INFO] [1787658639.392804565] [controller_manager]: Loading controller 'gripper_controller'
[ros2_control_node-4] [INFO] [1787658639.414988602] [controller_manager]: Loading controller 'hand_controller'
[spawner-6] [INFO] [1787658639.424391363] [spawner_gripper_controller]: [94mLoaded [1mgripper_controller[0m
[ros2_control_node-4] [WARN] [1787658639.442158023] [hand_controller]: [Deprecated]: "allow_nonzero_velocity_at_trajectory_end" is set to true. The default behavior will change to false.
[ros2_control_node-4] [INFO] [1787658639.444674229] [controller_manager]: Loading controller 'joint_state_broadcaster'
[move_group-2] [INFO] [1787658639.444862293] [moveit_ros.planning_scene_monitor.planning_scene_monitor]: Publishing maintained planning scene on 'monitored_planning_scene'
[move_group-2] [INFO] [1787658639.445001915] [moveit.ros_planning_interface.moveit_cpp]: Listening to 'joint_states' for joint states
[move_group-2] [INFO] [1787658639.446119423] [moveit_ros.current_state_monitor]: Listening to joint states on topic 'joint_states'
[move_group-2] [INFO] [1787658639.446749432] [moveit_ros.planning_scene_monitor.planning_scene_monitor]: Listening to '/attached_collision_object' for attached collision objects
[move_group-2] [INFO] [1787658639.446790831] [moveit_ros.planning_scene_monitor.planning_scene_monitor]: Starting planning scene monitor
[move_group-2] [INFO] [1787658639.447662119] [moveit_ros.planning_scene_monitor.planning_scene_monitor]: Listening to '/planning_scene'
[move_group-2] [INFO] [1787658639.447719548] [moveit_ros.planning_scene_monitor.planning_scene_monitor]: Starting world geometry update monitor for collision objects, attached objects, octomap updates.
[move_group-2] [INFO] [1787658639.448515252] [moveit_ros.planning_scene_monitor.planning_scene_monitor]: Listening to 'collision_object'
[move_group-2] [INFO] [1787658639.449392872] [moveit_ros.planning_scene_monitor.planning_scene_monitor]: Listening to 'planning_scene_world' for planning scene world geometry
[move_group-2] [WARN] [1787658639.450963299] [moveit.ros.occupancy_map_monitor.middleware_handle]: Resolution not specified for Octomap. Assuming resolution = 0.1 instead
[spawner-5] [INFO] [1787658639.455173948] [spawner_hand_controller]: [94mLoaded [1mhand_controller[0m
[ros2_control_node-4] [INFO] [1787658639.464616896] [controller_manager]: Configuring controller 'gripper_controller'
[ros2_control_node-4] [INFO] [1787658639.464702668] [gripper_controller]: Action status changes will be monitored at 20.000000 Hz.
[spawner-7] [INFO] [1787658639.474255205] [spawner_joint_state_broadcaster]: [94mLoaded [1mjoint_state_broadcaster[0m
[ros2_control_node-4] [INFO] [1787658639.474724037] [controller_manager]: Configuring controller 'hand_controller'
[ros2_control_node-4] [INFO] [1787658639.474852674] [hand_controller]: No specific joint names are used for command interfaces. Using 'joints' parameter.
[ros2_control_node-4] [INFO] [1787658639.474871562] [hand_controller]: Command interfaces are [position] and state interfaces are [position velocity].
[ros2_control_node-4] [INFO] [1787658639.474888230] [hand_controller]: Using 'splines' interpolation method.
[ros2_control_node-4] [INFO] [1787658639.477058399] [hand_controller]: Controller state will be published at 50.00 Hz.
[ros2_control_node-4] [INFO] [1787658639.480934468] [hand_controller]: Action status changes will be monitored at 20.00 Hz.
[ros2_control_node-4] [INFO] [1787658639.494624471] [controller_manager]: Configuring controller 'joint_state_broadcaster'
[ros2_control_node-4] [INFO] [1787658639.494716479] [joint_state_broadcaster]: 'joints' or 'interfaces' parameter is empty. All available state interfaces will be published
[spawner-6] [INFO] [1787658639.524824073] [spawner_gripper_controller]: [92mConfigured and activated [1mgripper_controller[0m
[spawner-5] [INFO] [1787658639.544981637] [spawner_hand_controller]: [92mConfigured and activated [1mhand_controller[0m
[spawner-7] [INFO] [1787658639.565048799] [spawner_joint_state_broadcaster]: [92mConfigured and activated [1mjoint_state_broadcaster[0m
[INFO] [spawner-6]: process has finished cleanly [pid 700]
[INFO] [spawner-5]: process has finished cleanly [pid 698]
[INFO] [spawner-7]: process has finished cleanly [pid 702]
[move_group-2] [INFO] [1787658639.789936999] [moveit.ros_planning_interface.moveit_cpp]: Loading planning pipeline 'ompl'
[move_group-2] [INFO] [1787658639.806815833] [moveit.ros_planning.planning_pipeline]: Using planning interface 'OMPL'
[move_group-2] [INFO] [1787658639.810277304] [moveit_ros.add_time_optimal_parameterization]: Param 'ompl.path_tolerance' was not set. Using default value: 0.100000
[move_group-2] [INFO] [1787658639.810309113] [moveit_ros.add_time_optimal_parameterization]: Param 'ompl.resample_dt' was not set. Using default value: 0.100000
[move_group-2] [INFO] [1787658639.810314153] [moveit_ros.add_time_optimal_parameterization]: Param 'ompl.min_angle_change' was not set. Using default value: 0.001000
[move_group-2] [INFO] [1787658639.810326893] [moveit_ros.fix_workspace_bounds]: Param 'ompl.default_workspace_bounds' was not set. Using default value: 10.000000
[move_group-2] [INFO] [1787658639.810334273] [moveit_ros.fix_start_state_bounds]: Param 'ompl.start_state_max_bounds_error' was set to 0.100000
[move_group-2] [INFO] [1787658639.810337283] [moveit_ros.fix_start_state_bounds]: Param 'ompl.start_state_max_dt' was not set. Using default value: 0.500000
[move_group-2] [INFO] [1787658639.810342313] [moveit_ros.fix_start_state_collision]: Param 'ompl.start_state_max_dt' was not set. Using default value: 0.500000
[move_group-2] [INFO] [1787658639.810345073] [moveit_ros.fix_start_state_collision]: Param 'ompl.jiggle_fraction' was set to 0.050000
[move_group-2] [INFO] [1787658639.810347673] [moveit_ros.fix_start_state_collision]: Param 'ompl.max_sampling_attempts' was not set. Using default value: 100
[move_group-2] [INFO] [1787658639.810352463] [moveit.ros_planning.planning_pipeline]: Using planning request adapter 'Add Time Optimal Parameterization'
[move_group-2] [INFO] [1787658639.810354573] [moveit.ros_planning.planning_pipeline]: Using planning request adapter 'Resolve constraint frames to robot links'
[move_group-2] [INFO] [1787658639.810356263] [moveit.ros_planning.planning_pipeline]: Using planning request adapter 'Fix Workspace Bounds'
[move_group-2] [INFO] [1787658639.810358023] [moveit.ros_planning.planning_pipeline]: Using planning request adapter 'Fix Start State Bounds'
[move_group-2] [INFO] [1787658639.810359783] [moveit.ros_planning.planning_pipeline]: Using planning request adapter 'Fix Start State In Collision'
[move_group-2] [INFO] [1787658639.810361403] [moveit.ros_planning.planning_pipeline]: Using planning request adapter 'Fix Start State Path Constraints'
[move_group-2] [INFO] [1787658639.813575865] [moveit.ros_planning_interface.moveit_cpp]: Loading planning pipeline 'pilz_industrial_motion_planner'
[move_group-2] [INFO] [1787658639.816899020] [moveit.pilz_industrial_motion_planner.joint_limits_aggregator]: Reading limits from namespace robot_description_planning
[move_group-2] [INFO] [1787658639.829276201] [moveit.pilz_industrial_motion_planner]: Available plugins: pilz_industrial_motion_planner/PlanningContextLoaderCIRC pilz_industrial_motion_planner/PlanningContextLoaderLIN pilz_industrial_motion_planner/PlanningContextLoaderPTP 
[move_group-2] [INFO] [1787658639.829289511] [moveit.pilz_industrial_motion_planner]: About to load: pilz_industrial_motion_planner/PlanningContextLoaderCIRC
[move_group-2] [INFO] [1787658639.831245275] [moveit.pilz_industrial_motion_planner]: Registered Algorithm [CIRC]
[move_group-2] [INFO] [1787658639.831274835] [moveit.pilz_industrial_motion_planner]: About to load: pilz_industrial_motion_planner/PlanningContextLoaderLIN
[move_group-2] [INFO] [1787658639.832187433] [moveit.pilz_industrial_motion_planner]: Registered Algorithm [LIN]
[move_group-2] [INFO] [1787658639.832214963] [moveit.pilz_industrial_motion_planner]: About to load: pilz_industrial_motion_planner/PlanningContextLoaderPTP
[move_group-2] [INFO] [1787658639.833043211] [moveit.pilz_industrial_motion_planner]: Registered Algorithm [PTP]
[move_group-2] [INFO] [1787658639.833071501] [moveit.ros_planning.planning_pipeline]: Using planning interface 'Pilz Industrial Motion Planner'
[move_group-2] [INFO] [1787658639.834307667] [moveit.ros_planning_interface.moveit_cpp]: Loading planning pipeline 'chomp'
[move_group-2] [INFO] [1787658639.839781752] [moveit.ros_planning.planning_pipeline]: Using planning interface 'CHOMP'
[move_group-2] [INFO] [1787658639.840862199] [moveit_ros.add_time_optimal_parameterization]: Param 'chomp.path_tolerance' was not set. Using default value: 0.100000
[move_group-2] [INFO] [1787658639.840902098] [moveit_ros.add_time_optimal_parameterization]: Param 'chomp.resample_dt' was not set. Using default value: 0.100000
[move_group-2] [INFO] [1787658639.840906608] [moveit_ros.add_time_optimal_parameterization]: Param 'chomp.min_angle_change' was not set. Using default value: 0.001000
[move_group-2] [INFO] [1787658639.840920508] [moveit_ros.fix_workspace_bounds]: Param 'chomp.default_workspace_bounds' was not set. Using default value: 10.000000
[move_group-2] [INFO] [1787658639.840927408] [moveit_ros.fix_start_state_bounds]: Param 'chomp.start_state_max_bounds_error' was set to 0.100000
[move_group-2] [INFO] [1787658639.840930108] [moveit_ros.fix_start_state_bounds]: Param 'chomp.start_state_max_dt' was not set. Using default value: 0.500000
[move_group-2] [INFO] [1787658639.840935038] [moveit_ros.fix_start_state_collision]: Param 'chomp.start_state_max_dt' was not set. Using default value: 0.500000
[move_group-2] [INFO] [1787658639.840937278] [moveit_ros.fix_start_state_collision]: Param 'chomp.jiggle_fraction' was set to 0.050000
[move_group-2] [INFO] [1787658639.840939748] [moveit_ros.fix_start_state_collision]: Param 'chomp.max_sampling_attempts' was not set. Using default value: 100
[move_group-2] [INFO] [1787658639.840944818] [moveit.ros_planning.planning_pipeline]: Using planning request adapter 'Add Time Optimal Parameterization'
[move_group-2] [INFO] [1787658639.840947168] [moveit.ros_planning.planning_pipeline]: Using planning request adapter 'Resolve constraint frames to robot links'
[move_group-2] [INFO] [1787658639.840948838] [moveit.ros_planning.planning_pipeline]: Using planning request adapter 'Fix Workspace Bounds'
[move_group-2] [INFO] [1787658639.840950648] [moveit.ros_planning.planning_pipeline]: Using planning request adapter 'Fix Start State Bounds'
[move_group-2] [INFO] [1787658639.840952278] [moveit.ros_planning.planning_pipeline]: Using planning request adapter 'Fix Start State In Collision'
[move_group-2] [INFO] [1787658639.840953888] [moveit.ros_planning.planning_pipeline]: Using planning request adapter 'Fix Start State Path Constraints'
[move_group-2] [INFO] [1787658639.918766624] [moveit.plugins.moveit_simple_controller_manager]: Added FollowJointTrajectory controller for hand_controller
[move_group-2] [INFO] [1787658639.918806574] [moveit.plugins.moveit_simple_controller_manager]: Max effort set to 0.0
[move_group-2] [INFO] [1787658639.923366552] [moveit.plugins.moveit_simple_controller_manager]: Added GripperCommand controller for gripper_controller
[move_group-2] [INFO] [1787658639.923583071] [moveit.plugins.moveit_simple_controller_manager]: Returned 2 controllers in list
[move_group-2] [INFO] [1787658639.923599741] [moveit.plugins.moveit_simple_controller_manager]: Returned 2 controllers in list
[move_group-2] [INFO] [1787658639.924253689] [moveit_ros.trajectory_execution_manager]: Trajectory execution is managing controllers
[move_group-2] [INFO] [1787658639.924283689] [move_group.move_group]: MoveGroup debug mode is ON
[move_group-2] [INFO] [1787658639.950353286] [move_group.move_group]: 
[move_group-2] 
[move_group-2] ********************************************************
[move_group-2] * MoveGroup using: 
[move_group-2] *     - ApplyPlanningSceneService
[move_group-2] *     - ClearOctomapService
[move_group-2] *     - CartesianPathService
[move_group-2] *     - ExecuteTrajectoryAction
[move_group-2] *     - GetPlanningSceneService
[move_group-2] *     - KinematicsService
[move_group-2] *     - MoveAction
[move_group-2] *     - MotionPlanService
[move_group-2] *     - QueryPlannersService
[move_group-2] *     - StateValidationService
[move_group-2] ********************************************************
[move_group-2] 
[move_group-2] [INFO] [1787658639.950396836] [moveit_move_group_capabilities_base.move_group_context]: MoveGroup context using planning plugin ompl_interface/OMPLPlanner
[move_group-2] [INFO] [1787658639.950402876] [moveit_move_group_capabilities_base.move_group_context]: MoveGroup context initialization complete
[move_group-2] [96mLoading 'move_group/ApplyPlanningSceneService'...
[move_group-2] [0m[96mLoading 'move_group/ClearOctomapService'...
[move_group-2] [0m[96mLoading 'move_group/MoveGroupCartesianPathService'...
[move_group-2] [0m[96mLoading 'move_group/MoveGroupExecuteTrajectoryAction'...
[move_group-2] [0m[96mLoading 'move_group/MoveGroupGetPlanningSceneService'...
[move_group-2] [0m[96mLoading 'move_group/MoveGroupKinematicsService'...
[move_group-2] [0m[96mLoading 'move_group/MoveGroupMoveAction'...
[move_group-2] [0m[96mLoading 'move_group/MoveGroupPlanService'...
[move_group-2] [0m[96mLoading 'move_group/MoveGroupQueryPlannersService'...
[move_group-2] [0m[96mLoading 'move_group/MoveGroupStateValidationService'...
[move_group-2] [0m[92m
[move_group-2] You can start planning now!
[move_group-2] 
[rviz2-3] Dropped Escape call with ulEscapeCode : 0x03007703
[rviz2-3] [INFO] [1787658640.997670077] [rviz2]: Stereo is NOT SUPPORTED
[rviz2-3] [INFO] [1787658640.997771336] [rviz2]: OpenGl version: 4.2 (GLSL 4.2)
[rviz2-3] [INFO] [1787658641.046502049] [rviz2]: Stereo is NOT SUPPORTED
[roarmserver-8] [INFO] [1787658981.161119721] [moveit_rdf_loader.rdf_loader]: Loaded robot model in -0.663488 seconds
[roarmserver-8] [INFO] [1787658981.161178187] [moveit_robot_model.robot_model]: Loading robot model 'roarm_m3'...
[roarmserver-8] [INFO] [1787658981.161186137] [moveit_robot_model.robot_model]: No root/virtual joint specified in SRDF. Assuming fixed joint
[roarmserver-8] [WARN] [1787658981.199016603] [moveit_ros.robot_model_loader]: No kinematics plugins defined. Fill and load kinematics.yaml!
[roarmserver-8] [INFO] [1787658981.217804013] [move_group_interface]: Ready to take commands for planning group hand.
[roarmserver-8] [INFO] [1787658981.217847939] [roarm_server]: start_pose: x: 273.914184, y: 0.000000, z: 97.996917
[roarmserver-8] [INFO] [1787658981.217903663] [roarm_server]: BASE_JOINT_RAD: 0.000000, SHOULDER_JOINT_RAD: 0.000007, ELBOW_JOINT_RAD: 2.618007, WRIST_JOINT_RAD: -1.047214, ROLL_JOINT_RAD: 0.000000
[roarmserver-8] [INFO] [1787658981.217937889] [move_group_interface]: MoveGroup action client/server ready
[move_group-2] [INFO] [1787658981.218356367] [moveit_move_group_default_capabilities.move_action_capability]: Received request
[roarmserver-8] [INFO] [1787658981.218561018] [move_group_interface]: Planning request accepted
[move_group-2] [INFO] [1787658981.218595894] [moveit_move_group_default_capabilities.move_action_capability]: executing..
[move_group-2] [INFO] [1787658981.218774919] [moveit_move_group_default_capabilities.move_action_capability]: Planning request received for MoveGroup action. Forwarding to planning pipeline.
[move_group-2] [INFO] [1787658981.219669318] [moveit.ompl_planning.model_based_planning_context]: Planner configuration 'hand' will use planner 'geometric::RRTConnect'. Additional configuration parameters will be set when the planner is constructed.
[move_group-2] [WARN] [1787658981.231044280] [moveit_trajectory_processing.time_optimal_trajectory_generation]: Joint velocity limits are not defined. Using the default 1 rad/s. You can define velocity limits in the URDF or joint_limits.yaml.
[move_group-2] [WARN] [1787658981.231079560] [moveit_trajectory_processing.time_optimal_trajectory_generation]: Joint acceleration limits are not defined. Using the default 1 rad/s^2. You can define acceleration limits in the URDF or joint_limits.yaml.
[move_group-2] [INFO] [1787658981.231242569] [moveit_move_group_default_capabilities.move_action_capability]: Motion plan was computed successfully.
[roarmserver-8] [INFO] [1787658981.231641513] [move_group_interface]: Planning request complete!
[roarmserver-8] [INFO] [1787658981.232746797] [move_group_interface]: time taken to generate plan: 0.0111131 seconds
[move_group-2] [INFO] [1787658981.232981737] [moveit_move_group_default_capabilities.execute_trajectory_action_capability]: Received goal request
[move_group-2] [INFO] [1787658981.233135373] [moveit_move_group_default_capabilities.execute_trajectory_action_capability]: Execution request received
[move_group-2] [INFO] [1787658981.233163314] [moveit.plugins.moveit_simple_controller_manager]: Returned 2 controllers in list
[move_group-2] [INFO] [1787658981.233177042] [moveit.plugins.moveit_simple_controller_manager]: Returned 2 controllers in list
[roarmserver-8] [INFO] [1787658981.233206306] [move_group_interface]: Execute request accepted
[move_group-2] [INFO] [1787658981.233274953] [moveit_ros.trajectory_execution_manager]: Validating trajectory with allowed_start_tolerance 0.01
[move_group-2] [INFO] [1787658981.233370218] [moveit_ros.trajectory_execution_manager]: Starting trajectory execution ...
[move_group-2] [INFO] [1787658981.233403189] [moveit.plugins.moveit_simple_controller_manager]: Returned 2 controllers in list
[move_group-2] [INFO] [1787658981.233413649] [moveit.plugins.moveit_simple_controller_manager]: Returned 2 controllers in list
[move_group-2] [INFO] [1787658981.233500562] [moveit.simple_controller_manager.follow_joint_trajectory_controller_handle]: sending trajectory to hand_controller
[ros2_control_node-4] [INFO] [1787658981.233747807] [hand_controller]: Received new action goal
[ros2_control_node-4] [INFO] [1787658981.233832854] [hand_controller]: Accepted new action goal
[move_group-2] [INFO] [1787658981.234005331] [moveit.simple_controller_manager.follow_joint_trajectory_controller_handle]: hand_controller started execution
[move_group-2] [INFO] [1787658981.234036394] [moveit.simple_controller_manager.follow_joint_trajectory_controller_handle]: Goal request accepted!
[move_group-2] [WARN] [1787658981.734363376] [moveit.simple_controller_manager.follow_joint_trajectory_controller_handle]: waitForExecution timed out
[move_group-2] [ERROR] [1787658981.734420872] [moveit_ros.trajectory_execution_manager]: Controller is taking too long to execute trajectory (the expected upper bound for the trajectory execution was 0.500000 seconds). Stopping trajectory.
[move_group-2] [INFO] [1787658981.734487288] [moveit.simple_controller_manager.follow_joint_trajectory_controller_handle]: Cancelling execution for hand_controller
[ros2_control_node-4] [INFO] [1787658981.734758889] [hand_controller]: Got request to cancel goal
[ros2_control_node-4] [INFO] [1787658981.734809036] [hand_controller]: Canceling active action goal because cancel callback received.
[move_group-2] [INFO] [1787658981.735119196] [moveit_ros.trajectory_execution_manager]: Completed trajectory execution with status TIMED_OUT ...
[move_group-2] [INFO] [1787658981.735220091] [moveit_move_group_default_capabilities.execute_trajectory_action_capability]: Execution completed: TIMED_OUT
[roarmserver-8] [INFO] [1787658981.735553701] [move_group_interface]: Execute request aborted
[roarmserver-8] [ERROR] [1787658981.736678781] [move_group_interface]: MoveGroupInterface::execute() failed or timeout reached
[roarmserver-8] [INFO] [1787658981.736728201] [roarm_server]: MoveCircleCmd service executed successfully
[roarmserver-8] [INFO] [1787658981.736760064] [roarm_server]: BASE_JOINT_RAD: 0.024337, SHOULDER_JOINT_RAD: -0.196152, ELBOW_JOINT_RAD: 2.556348, WRIST_JOINT_RAD: -0.789395, ROLL_JOINT_RAD: 0.000000
[roarmserver-8] [INFO] [1787658981.736848243] [move_group_interface]: MoveGroup action client/server ready
[move_group-2] [INFO] [1787658981.737086652] [moveit_move_group_default_capabilities.move_action_capability]: Received request
[move_group-2] [INFO] [1787658981.737218936] [moveit_move_group_default_capabilities.move_action_capability]: executing..
[roarmserver-8] [INFO] [1787658981.737286660] [move_group_interface]: Planning request accepted
[move_group-2] [INFO] [1787658981.737344999] [moveit_move_group_default_capabilities.move_action_capability]: Planning request received for MoveGroup action. Forwarding to planning pipeline.
[move_group-2] [INFO] [1787658981.737723105] [moveit.ompl_planning.model_based_planning_context]: Planner configuration 'hand' will use planner 'geometric::RRTConnect'. Additional configuration parameters will be set when the planner is constructed.
[move_group-2] [INFO] [1787658981.749365614] [moveit_move_group_default_capabilities.move_action_capability]: Motion plan was computed successfully.
[roarmserver-8] [INFO] [1787658981.749736744] [move_group_interface]: Planning request complete!
[roarmserver-8] [INFO] [1787658981.750452551] [move_group_interface]: time taken to generate plan: 0.0112281 seconds
[move_group-2] [INFO] [1787658981.750694338] [moveit_move_group_default_capabilities.execute_trajectory_action_capability]: Received goal request
[move_group-2] [INFO] [1787658981.750826991] [moveit_move_group_default_capabilities.execute_trajectory_action_capability]: Execution request received
[move_group-2] [INFO] [1787658981.750844314] [moveit.plugins.moveit_simple_controller_manager]: Returned 2 controllers in list
[move_group-2] [INFO] [1787658981.750855849] [moveit.plugins.moveit_simple_controller_manager]: Returned 2 controllers in list
[move_group-2] [INFO] [1787658981.750931513] [moveit_ros.trajectory_execution_manager]: Validating trajectory with allowed_start_tolerance 0.01
[roarmserver-8] [INFO] [1787658981.750934914] [move_group_interface]: Execute request accepted
[move_group-2] [INFO] [1787658981.751027912] [moveit_ros.trajectory_execution_manager]: Starting trajectory execution ...
[move_group-2] [INFO] [1787658981.751051193] [moveit.plugins.moveit_simple_controller_manager]: Returned 2 controllers in list
[move_group-2] [INFO] [1787658981.751061863] [moveit.plugins.moveit_simple_controller_manager]: Returned 2 controllers in list
[move_group-2] [INFO] [1787658981.751148819] [moveit.simple_controller_manager.follow_joint_trajectory_controller_handle]: sending trajectory to hand_controller
[ros2_control_node-4] [INFO] [1787658981.751342480] [hand_controller]: Received new action goal
[ros2_control_node-4] [INFO] [1787658981.751396475] [hand_controller]: Accepted new action goal
[move_group-2] [INFO] [1787658981.751606958] [moveit.simple_controller_manager.follow_joint_trajectory_controller_handle]: hand_controller started execution
[move_group-2] [INFO] [1787658981.751618071] [moveit.simple_controller_manager.follow_joint_trajectory_controller_handle]: Goal request accepted!
[move_group-2] [INFO] [1787658981.751818612] [moveit.simple_controller_manager.follow_joint_trajectory_controller_handle]: Controller 'hand_controller' successfully finished
[ros2_control_node-4] [INFO] [1787658983.364194157] [hand_controller]: Goal reached, success!
[move_group-2] [WARN] [1787658983.369121683] [moveit.simple_controller_manager.follow_joint_trajectory_controller_handle]: waitForExecution timed out
[move_group-2] [ERROR] [1787658983.369167096] [moveit_ros.trajectory_execution_manager]: Controller is taking too long to execute trajectory (the expected upper bound for the trajectory execution was 1.617099 seconds). Stopping trajectory.
[move_group-2] [INFO] [1787658983.369194099] [moveit_ros.trajectory_execution_manager]: Completed trajectory execution with status TIMED_OUT ...
[move_group-2] [INFO] [1787658983.369284461] [moveit_move_group_default_capabilities.execute_trajectory_action_capability]: Execution completed: TIMED_OUT
[roarmserver-8] [INFO] [1787658983.369620649] [move_group_interface]: Execute request aborted
[roarmserver-8] [ERROR] [1787658983.370464210] [move_group_interface]: MoveGroupInterface::execute() failed or timeout reached
[roarmserver-8] [INFO] [1787658983.370523415] [roarm_server]: MoveCircleCmd service executed successfully
[roarmserver-8] [INFO] [1787658983.370573625] [roarm_server]: BASE_JOINT_RAD: 0.075651, SHOULDER_JOINT_RAD: -0.355798, ELBOW_JOINT_RAD: 2.468381, WRIST_JOINT_RAD: -0.541782, ROLL_JOINT_RAD: 0.000000
[roarmserver-8] [INFO] [1787658983.370665810] [move_group_interface]: MoveGroup action client/server ready
[move_group-2] [INFO] [1787658983.370902385] [moveit_move_group_default_capabilities.move_action_capability]: Received request
[roarmserver-8] [INFO] [1787658983.371048244] [move_group_interface]: Planning request accepted
[move_group-2] [INFO] [1787658983.371067924] [moveit_move_group_default_capabilities.move_action_capability]: executing..
[move_group-2] [INFO] [1787658983.374621029] [moveit_move_group_default_capabilities.move_action_capability]: Planning request received for MoveGroup action. Forwarding to planning pipeline.
[move_group-2] [INFO] [1787658983.374975558] [moveit.ompl_planning.model_based_planning_context]: Planner configuration 'hand' will use planner 'geometric::RRTConnect'. Additional configuration parameters will be set when the planner is constructed.
[move_group-2] [INFO] [1787658983.386270577] [moveit.simple_controller_manager.follow_joint_trajectory_controller_handle]: Controller 'hand_controller' successfully finished
[move_group-2] [INFO] [1787658983.386414333] [moveit_move_group_default_capabilities.move_action_capability]: Motion plan was computed successfully.
[roarmserver-8] [INFO] [1787658983.386805137] [move_group_interface]: Planning request complete!
[roarmserver-8] [INFO] [1787658983.387730131] [move_group_interface]: time taken to generate plan: 0.011019 seconds
[move_group-2] [INFO] [1787658983.387943540] [moveit_move_group_default_capabilities.execute_trajectory_action_capability]: Received goal request
[move_group-2] [INFO] [1787658983.388066567] [moveit_move_group_default_capabilities.execute_trajectory_action_capability]: Execution request received
[move_group-2] [INFO] [1787658983.388081771] [moveit.plugins.moveit_simple_controller_manager]: Returned 2 controllers in list
[move_group-2] [INFO] [1787658983.388091271] [moveit.plugins.moveit_simple_controller_manager]: Returned 2 controllers in list
[roarmserver-8] [INFO] [1787658983.388133461] [move_group_interface]: Execute request accepted
[move_group-2] [INFO] [1787658983.388166987] [moveit_ros.trajectory_execution_manager]: Validating trajectory with allowed_start_tolerance 0.01
[move_group-2] [INFO] [1787658983.394730004] [moveit_ros.trajectory_execution_manager]: Starting trajectory execution ...
[move_group-2] [INFO] [1787658983.394778316] [moveit.plugins.moveit_simple_controller_manager]: Returned 2 controllers in list
[move_group-2] [INFO] [1787658983.394792571] [moveit.plugins.moveit_simple_controller_manager]: Returned 2 controllers in list
[move_group-2] [INFO] [1787658983.394878578] [moveit.simple_controller_manager.follow_joint_trajectory_controller_handle]: sending trajectory to hand_controller
[ros2_control_node-4] [INFO] [1787658983.395070625] [hand_controller]: Received new action goal
[ros2_control_node-4] [INFO] [1787658983.395121922] [hand_controller]: Accepted new action goal
[move_group-2] [INFO] [1787658983.395308554] [moveit.simple_controller_manager.follow_joint_trajectory_controller_handle]: hand_controller started execution
[move_group-2] [INFO] [1787658983.395327913] [moveit.simple_controller_manager.follow_joint_trajectory_controller_handle]: Goal request accepted!
[ros2_control_node-4] [INFO] [1787658984.404196188] [hand_controller]: Goal reached, success!
[move_group-2] [INFO] [1787658984.449984739] [moveit.simple_controller_manager.follow_joint_trajectory_controller_handle]: Controller 'hand_controller' successfully finished
[move_group-2] [INFO] [1787658984.474596637] [moveit_ros.trajectory_execution_manager]: Completed trajectory execution with status SUCCEEDED ...
[move_group-2] [INFO] [1787658984.474703141] [moveit_move_group_default_capabilities.execute_trajectory_action_capability]: Execution completed: SUCCEEDED
[roarmserver-8] [INFO] [1787658984.475328628] [move_group_interface]: Execute request success!
[roarmserver-8] [INFO] [1787658984.476041114] [roarm_server]: MoveCircleCmd service executed successfully
[roarmserver-8] [INFO] [1787658984.476098789] [roarm_server]: BASE_JOINT_RAD: 0.155647, SHOULDER_JOINT_RAD: -0.465940, ELBOW_JOINT_RAD: 2.368884, WRIST_JOINT_RAD: -0.332144, ROLL_JOINT_RAD: 0.000000
[roarmserver-8] [INFO] [1787658984.476195993] [move_group_interface]: MoveGroup action client/server ready
[move_group-2] [INFO] [1787658984.476383781] [moveit_move_group_default_capabilities.move_action_capability]: Received request
[roarmserver-8] [INFO] [1787658984.476511552] [move_group_interface]: Planning request accepted
[move_group-2] [INFO] [1787658984.476536172] [moveit_move_group_default_capabilities.move_action_capability]: executing..
[move_group-2] [INFO] [1787658984.484456510] [moveit_move_group_default_capabilities.move_action_capability]: Planning request received for MoveGroup action. Forwarding to planning pipeline.
[move_group-2] [INFO] [1787658984.484904458] [moveit.ompl_planning.model_based_planning_context]: Planner configuration 'hand' will use planner 'geometric::RRTConnect'. Additional configuration parameters will be set when the planner is constructed.
[move_group-2] [INFO] [1787658984.496158491] [moveit_move_group_default_capabilities.move_action_capability]: Motion plan was computed successfully.
[roarmserver-8] [INFO] [1787658984.496525705] [move_group_interface]: Planning request complete!
[roarmserver-8] [INFO] [1787658984.496566484] [move_group_interface]: time taken to generate plan: 0.0109183 seconds
[move_group-2] [INFO] [1787658984.496760260] [moveit_move_group_default_capabilities.execute_trajectory_action_capability]: Received goal request
[move_group-2] [INFO] [1787658984.496863960] [moveit_move_group_default_capabilities.execute_trajectory_action_capability]: Execution request received
[move_group-2] [INFO] [1787658984.496881188] [moveit.plugins.moveit_simple_controller_manager]: Returned 2 controllers in list
[move_group-2] [INFO] [1787658984.496911144] [moveit.plugins.moveit_simple_controller_manager]: Returned 2 controllers in list
[roarmserver-8] [INFO] [1787658984.496923658] [move_group_interface]: Execute request accepted
[move_group-2] [INFO] [1787658984.496988557] [moveit_ros.trajectory_execution_manager]: Validating trajectory with allowed_start_tolerance 0.01
[move_group-2] [INFO] [1787658984.504534686] [moveit_ros.trajectory_execution_manager]: Starting trajectory execution ...
[move_group-2] [INFO] [1787658984.504626344] [moveit.plugins.moveit_simple_controller_manager]: Returned 2 controllers in list
[move_group-2] [INFO] [1787658984.504641485] [moveit.plugins.moveit_simple_controller_manager]: Returned 2 controllers in list
[move_group-2] [INFO] [1787658984.504721166] [moveit.simple_controller_manager.follow_joint_trajectory_controller_handle]: sending trajectory to hand_controller
[ros2_control_node-4] [INFO] [1787658984.504912739] [hand_controller]: Received new action goal
[ros2_control_node-4] [INFO] [1787658984.504969286] [hand_controller]: Accepted new action goal
[move_group-2] [INFO] [1787658984.505172488] [moveit.simple_controller_manager.follow_joint_trajectory_controller_handle]: hand_controller started execution
[move_group-2] [INFO] [1787658984.505183327] [moveit.simple_controller_manager.follow_joint_trajectory_controller_handle]: Goal request accepted!
[ros2_control_node-4] [INFO] [1787658985.434521202] [hand_controller]: Goal reached, success!
[move_group-2] [INFO] [1787658985.454346190] [moveit.simple_controller_manager.follow_joint_trajectory_controller_handle]: Controller 'hand_controller' successfully finished
[move_group-2] [INFO] [1787658985.474788981] [moveit_ros.trajectory_execution_manager]: Completed trajectory execution with status SUCCEEDED ...
[move_group-2] [INFO] [1787658985.474915460] [moveit_move_group_default_capabilities.execute_trajectory_action_capability]: Execution completed: SUCCEEDED
[roarmserver-8] [INFO] [1787658985.475222516] [move_group_interface]: Execute request success!
[roarmserver-8] [INFO] [1787658985.475717643] [roarm_server]: MoveCircleCmd service executed successfully
[roarmserver-8] [INFO] [1787658985.475776658] [roarm_server]: BASE_JOINT_RAD: 0.261705, SHOULDER_JOINT_RAD: -0.524873, ELBOW_JOINT_RAD: 2.270944, WRIST_JOINT_RAD: -0.175271, ROLL_JOINT_RAD: 0.000000
[roarmserver-8] [INFO] [1787658985.475863824] [move_group_interface]: MoveGroup action client/server ready
[move_group-2] [INFO] [1787658985.476091094] [moveit_move_group_default_capabilities.move_action_capability]: Received request
[roarmserver-8] [INFO] [1787658985.476246031] [move_group_interface]: Planning request accepted
[move_group-2] [INFO] [1787658985.476267620] [moveit_move_group_default_capabilities.move_action_capability]: executing..
[move_group-2] [INFO] [1787658985.484600984] [moveit_move_group_default_capabilities.move_action_capability]: Planning request received for MoveGroup action. Forwarding to planning pipeline.
[move_group-2] [INFO] [1787658985.485009298] [moveit.ompl_planning.model_based_planning_context]: Planner configuration 'hand' will use planner 'geometric::RRTConnect'. Additional configuration parameters will be set when the planner is constructed.
[move_group-2] [INFO] [1787658985.495830324] [moveit_move_group_default_capabilities.move_action_capability]: Motion plan was computed successfully.
[roarmserver-8] [INFO] [1787658985.496199787] [move_group_interface]: Planning request complete!
[roarmserver-8] [INFO] [1787658985.496214576] [move_group_interface]: time taken to generate plan: 0.0105177 seconds
[move_group-2] [INFO] [1787658985.496440168] [moveit_move_group_default_capabilities.execute_trajectory_action_capability]: Received goal request
[move_group-2] [INFO] [1787658985.496546482] [moveit_move_group_default_capabilities.execute_trajectory_action_capability]: Execution request received
[move_group-2] [INFO] [1787658985.496580813] [moveit.plugins.moveit_simple_controller_manager]: Returned 2 controllers in list
[move_group-2] [INFO] [1787658985.496592507] [moveit.plugins.moveit_simple_controller_manager]: Returned 2 controllers in list
[move_group-2] [INFO] [1787658985.496668676] [moveit_ros.trajectory_execution_manager]: Validating trajectory with allowed_start_tolerance 0.01
[roarmserver-8] [INFO] [1787658985.496614972] [move_group_interface]: Execute request accepted
[move_group-2] [INFO] [1787658985.504736951] [moveit_ros.trajectory_execution_manager]: Starting trajectory execution ...
[move_group-2] [INFO] [1787658985.504781267] [moveit.plugins.moveit_simple_controller_manager]: Returned 2 controllers in list
[move_group-2] [INFO] [1787658985.504794437] [moveit.plugins.moveit_simple_controller_manager]: Returned 2 controllers in list
[move_group-2] [INFO] [1787658985.504877828] [moveit.simple_controller_manager.follow_joint_trajectory_controller_handle]: sending trajectory to hand_controller
[ros2_control_node-4] [INFO] [1787658985.505057655] [hand_controller]: Received new action goal
[ros2_control_node-4] [INFO] [1787658985.505094126] [hand_controller]: Accepted new action goal
[move_group-2] [INFO] [1787658985.505301615] [moveit.simple_controller_manager.follow_joint_trajectory_controller_handle]: hand_controller started execution
[move_group-2] [INFO] [1787658985.505336589] [moveit.simple_controller_manager.follow_joint_trajectory_controller_handle]: Goal request accepted!
[ros2_control_node-4] [INFO] [1787658986.314316974] [hand_controller]: Goal reached, success!
[move_group-2] [INFO] [1787658986.349208029] [moveit.simple_controller_manager.follow_joint_trajectory_controller_handle]: Controller 'hand_controller' successfully finished
[move_group-2] [INFO] [1787658986.374835602] [moveit_ros.trajectory_execution_manager]: Completed trajectory execution with status SUCCEEDED ...
[move_group-2] [INFO] [1787658986.374958191] [moveit_move_group_default_capabilities.execute_trajectory_action_capability]: Execution completed: SUCCEEDED
[roarmserver-8] [INFO] [1787658986.375284394] [move_group_interface]: Execute request success!
[roarmserver-8] [INFO] [1787658986.375698601] [roarm_server]: MoveCircleCmd service executed successfully
[roarmserver-8] [INFO] [1787658986.375756783] [roarm_server]: BASE_JOINT_RAD: 0.384780, SHOULDER_JOINT_RAD: -0.536843, ELBOW_JOINT_RAD: 2.184337, WRIST_JOINT_RAD: -0.076694, ROLL_JOINT_RAD: 0.000000
[roarmserver-8] [INFO] [1787658986.375844298] [move_group_interface]: MoveGroup action client/server ready
[move_group-2] [INFO] [1787658986.376071361] [moveit_move_group_default_capabilities.move_action_capability]: Received request
[move_group-2] [INFO] [1787658986.376241161] [moveit_move_group_default_capabilities.move_action_capability]: executing..
[roarmserver-8] [INFO] [1787658986.376316491] [move_group_interface]: Planning request accepted
[move_group-2] [INFO] [1787658986.384450930] [moveit_move_group_default_capabilities.move_action_capability]: Planning request received for MoveGroup action. Forwarding to planning pipeline.
[move_group-2] [INFO] [1787658986.384820600] [moveit.ompl_planning.model_based_planning_context]: Planner configuration 'hand' will use planner 'geometric::RRTConnect'. Additional configuration parameters will be set when the planner is constructed.
[move_group-2] [INFO] [1787658986.406079864] [moveit_move_group_default_capabilities.move_action_capability]: Motion plan was computed successfully.
[roarmserver-8] [INFO] [1787658986.406622798] [move_group_interface]: Planning request complete!
[roarmserver-8] [INFO] [1787658986.407522263] [move_group_interface]: time taken to generate plan: 0.0209217 seconds
[move_group-2] [INFO] [1787658986.407723262] [moveit_move_group_default_capabilities.execute_trajectory_action_capability]: Received goal request
[move_group-2] [INFO] [1787658986.407847322] [moveit_move_group_default_capabilities.execute_trajectory_action_capability]: Execution request received
[move_group-2] [INFO] [1787658986.407863064] [moveit.plugins.moveit_simple_controller_manager]: Returned 2 controllers in list
[move_group-2] [INFO] [1787658986.407891027] [moveit.plugins.moveit_simple_controller_manager]: Returned 2 controllers in list
[roarmserver-8] [INFO] [1787658986.407914213] [move_group_interface]: Execute request accepted
[move_group-2] [INFO] [1787658986.407968493] [moveit_ros.trajectory_execution_manager]: Validating trajectory with allowed_start_tolerance 0.01
[move_group-2] [INFO] [1787658986.414658101] [moveit_ros.trajectory_execution_manager]: Starting trajectory execution ...
[move_group-2] [INFO] [1787658986.414714923] [moveit.plugins.moveit_simple_controller_manager]: Returned 2 controllers in list
[move_group-2] [INFO] [1787658986.414726911] [moveit.plugins.moveit_simple_controller_manager]: Returned 2 controllers in list
[move_group-2] [INFO] [1787658986.414810345] [moveit.simple_controller_manager.follow_joint_trajectory_controller_handle]: sending trajectory to hand_controller
[ros2_control_node-4] [INFO] [1787658986.415036387] [hand_controller]: Received new action goal
[ros2_control_node-4] [INFO] [1787658986.415096455] [hand_controller]: Accepted new action goal
[move_group-2] [INFO] [1787658986.415315410] [moveit.simple_controller_manager.follow_joint_trajectory_controller_handle]: hand_controller started execution
[move_group-2] [INFO] [1787658986.415326049] [moveit.simple_controller_manager.follow_joint_trajectory_controller_handle]: Goal request accepted!
[ros2_control_node-4] [INFO] [1787658987.134306156] [hand_controller]: Goal reached, success!
[move_group-2] [INFO] [1787658987.153753499] [moveit.simple_controller_manager.follow_joint_trajectory_controller_handle]: Controller 'hand_controller' successfully finished
[move_group-2] [INFO] [1787658987.174644191] [moveit_ros.trajectory_execution_manager]: Completed trajectory execution with status SUCCEEDED ...
[move_group-2] [INFO] [1787658987.174781941] [moveit_move_group_default_capabilities.execute_trajectory_action_capability]: Execution completed: SUCCEEDED
[roarmserver-8] [INFO] [1787658987.175067825] [move_group_interface]: Execute request success!
[roarmserver-8] [INFO] [1787658987.175723795] [roarm_server]: MoveCircleCmd service executed successfully
[roarmserver-8] [INFO] [1787658987.175782261] [roarm_server]: BASE_JOINT_RAD: 0.510505, SHOULDER_JOINT_RAD: -0.508572, ELBOW_JOINT_RAD: 2.114242, WRIST_JOINT_RAD: -0.034869, ROLL_JOINT_RAD: 0.000000
[roarmserver-8] [INFO] [1787658987.175870672] [move_group_interface]: MoveGroup action client/server ready
[move_group-2] [INFO] [1787658987.176094461] [moveit_move_group_default_capabilities.move_action_capability]: Received request
[move_group-2] [INFO] [1787658987.176218626] [moveit_move_group_default_capabilities.move_action_capability]: executing..
[roarmserver-8] [INFO] [1787658987.176305087] [move_group_interface]: Planning request accepted
[move_group-2] [INFO] [1787658987.184492738] [moveit_move_group_default_capabilities.move_action_capability]: Planning request received for MoveGroup action. Forwarding to planning pipeline.
[move_group-2] [INFO] [1787658987.184905670] [moveit.ompl_planning.model_based_planning_context]: Planner configuration 'hand' will use planner 'geometric::RRTConnect'. Additional configuration parameters will be set when the planner is constructed.
[move_group-2] [INFO] [1787658987.196384922] [moveit_move_group_default_capabilities.move_action_capability]: Motion plan was computed successfully.
[roarmserver-8] [INFO] [1787658987.196776308] [move_group_interface]: Planning request complete!
[roarmserver-8] [INFO] [1787658987.197375872] [move_group_interface]: time taken to generate plan: 0.0111202 seconds
[move_group-2] [INFO] [1787658987.197604744] [moveit_move_group_default_capabilities.execute_trajectory_action_capability]: Received goal request
[roarmserver-8] [INFO] [1787658987.197752929] [move_group_interface]: Execute request accepted
[move_group-2] [INFO] [1787658987.197792932] [moveit_move_group_default_capabilities.execute_trajectory_action_capability]: Execution request received
[move_group-2] [INFO] [1787658987.197809676] [moveit.plugins.moveit_simple_controller_manager]: Returned 2 controllers in list
[move_group-2] [INFO] [1787658987.197819777] [moveit.plugins.moveit_simple_controller_manager]: Returned 2 controllers in list
[move_group-2] [INFO] [1787658987.197898920] [moveit_ros.trajectory_execution_manager]: Validating trajectory with allowed_start_tolerance 0.01
[move_group-2] [INFO] [1787658987.204484402] [moveit_ros.trajectory_execution_manager]: Starting trajectory execution ...
[move_group-2] [INFO] [1787658987.204525133] [moveit.plugins.moveit_simple_controller_manager]: Returned 2 controllers in list
[move_group-2] [INFO] [1787658987.204536974] [moveit.plugins.moveit_simple_controller_manager]: Returned 2 controllers in list
[move_group-2] [INFO] [1787658987.204620608] [moveit.simple_controller_manager.follow_joint_trajectory_controller_handle]: sending trajectory to hand_controller
[ros2_control_node-4] [INFO] [1787658987.204790144] [hand_controller]: Received new action goal
[ros2_control_node-4] [INFO] [1787658987.204832056] [hand_controller]: Accepted new action goal
[move_group-2] [INFO] [1787658987.205028061] [moveit.simple_controller_manager.follow_joint_trajectory_controller_handle]: hand_controller started execution
[move_group-2] [INFO] [1787658987.205056740] [moveit.simple_controller_manager.follow_joint_trajectory_controller_handle]: Goal request accepted!
[ros2_control_node-4] [INFO] [1787658987.924199421] [hand_controller]: Goal reached, success!
[move_group-2] [INFO] [1787658987.943529125] [moveit.simple_controller_manager.follow_joint_trajectory_controller_handle]: Controller 'hand_controller' successfully finished
[move_group-2] [INFO] [1787658987.964442178] [moveit_ros.trajectory_execution_manager]: Completed trajectory execution with status SUCCEEDED ...
[move_group-2] [INFO] [1787658987.964568223] [moveit_move_group_default_capabilities.execute_trajectory_action_capability]: Execution completed: SUCCEEDED
[roarmserver-8] [INFO] [1787658987.964869450] [move_group_interface]: Execute request success!
[roarmserver-8] [INFO] [1787658987.965709773] [roarm_server]: MoveCircleCmd service executed successfully
[roarmserver-8] [INFO] [1787658987.965767603] [roarm_server]: BASE_JOINT_RAD: 0.624369, SHOULDER_JOINT_RAD: -0.447711, ELBOW_JOINT_RAD: 2.060807, WRIST_JOINT_RAD: -0.042295, ROLL_JOINT_RAD: 0.000000
[roarmserver-8] [INFO] [1787658987.965858905] [move_group_interface]: MoveGroup action client/server ready
[move_group-2] [INFO] [1787658987.966084865] [moveit_move_group_default_capabilities.move_action_capability]: Received request
[move_group-2] [INFO] [1787658987.966219851] [moveit_move_group_default_capabilities.move_action_capability]: executing..
[roarmserver-8] [INFO] [1787658987.966294043] [move_group_interface]: Planning request accepted
[move_group-2] [INFO] [1787658987.974579426] [moveit_move_group_default_capabilities.move_action_capability]: Planning request received for MoveGroup action. Forwarding to planning pipeline.
[move_group-2] [INFO] [1787658987.975015609] [moveit.ompl_planning.model_based_planning_context]: Planner configuration 'hand' will use planner 'geometric::RRTConnect'. Additional configuration parameters will be set when the planner is constructed.
[move_group-2] [INFO] [1787658987.986008086] [moveit_move_group_default_capabilities.move_action_capability]: Motion plan was computed successfully.
[roarmserver-8] [INFO] [1787658987.986379007] [move_group_interface]: Planning request complete!
[roarmserver-8] [INFO] [1787658987.987424407] [move_group_interface]: time taken to generate plan: 0.0106715 seconds
[move_group-2] [INFO] [1787658987.987641981] [moveit_move_group_default_capabilities.execute_trajectory_action_capability]: Received goal request
[move_group-2] [INFO] [1787658987.987764730] [moveit_move_group_default_capabilities.execute_trajectory_action_capability]: Execution request received
[move_group-2] [INFO] [1787658987.987781271] [moveit.plugins.moveit_simple_controller_manager]: Returned 2 controllers in list
[move_group-2] [INFO] [1787658987.987790976] [moveit.plugins.moveit_simple_controller_manager]: Returned 2 controllers in list
[roarmserver-8] [INFO] [1787658987.987829913] [move_group_interface]: Execute request accepted
[move_group-2] [INFO] [1787658987.987865927] [moveit_ros.trajectory_execution_manager]: Validating trajectory with allowed_start_tolerance 0.01
[move_group-2] [INFO] [1787658987.994571242] [moveit_ros.trajectory_execution_manager]: Starting trajectory execution ...
[move_group-2] [INFO] [1787658987.994611054] [moveit.plugins.moveit_simple_controller_manager]: Returned 2 controllers in list
[move_group-2] [INFO] [1787658987.994622331] [moveit.plugins.moveit_simple_controller_manager]: Returned 2 controllers in list
[move_group-2] [INFO] [1787658987.994727579] [moveit.simple_controller_manager.follow_joint_trajectory_controller_handle]: sending trajectory to hand_controller
[ros2_control_node-4] [INFO] [1787658987.994908980] [hand_controller]: Received new action goal
[ros2_control_node-4] [INFO] [1787658987.994947505] [hand_controller]: Accepted new action goal
[move_group-2] [INFO] [1787658987.995227572] [moveit.simple_controller_manager.follow_joint_trajectory_controller_handle]: hand_controller started execution
[move_group-2] [INFO] [1787658987.995254219] [moveit.simple_controller_manager.follow_joint_trajectory_controller_handle]: Goal request accepted!
[ros2_control_node-4] [INFO] [1787658988.684192614] [hand_controller]: Goal reached, success!
[move_group-2] [INFO] [1787658988.733837002] [moveit.simple_controller_manager.follow_joint_trajectory_controller_handle]: Controller 'hand_controller' successfully finished
[move_group-2] [INFO] [1787658988.754621958] [moveit_ros.trajectory_execution_manager]: Completed trajectory execution with status SUCCEEDED ...
[move_group-2] [INFO] [1787658988.754723450] [moveit_move_group_default_capabilities.execute_trajectory_action_capability]: Execution completed: SUCCEEDED
[roarmserver-8] [INFO] [1787658988.754979881] [move_group_interface]: Execute request success!
[roarmserver-8] [INFO] [1787658988.755963575] [roarm_server]: MoveCircleCmd service executed successfully
[roarmserver-8] [INFO] [1787658988.756023315] [roarm_server]: BASE_JOINT_RAD: 0.716998, SHOULDER_JOINT_RAD: -0.361935, ELBOW_JOINT_RAD: 2.020500, WRIST_JOINT_RAD: -0.087765, ROLL_JOINT_RAD: 0.000000
[roarmserver-8] [INFO] [1787658988.756111473] [move_group_interface]: MoveGroup action client/server ready
[move_group-2] [INFO] [1787658988.756290839] [moveit_move_group_default_capabilities.move_action_capability]: Received request
[roarmserver-8] [INFO] [1787658988.756487203] [move_group_interface]: Planning request accepted
[move_group-2] [INFO] [1787658988.756505406] [moveit_move_group_default_capabilities.move_action_capability]: executing..
[move_group-2] [INFO] [1787658988.764462714] [moveit_move_group_default_capabilities.move_action_capability]: Planning request received for MoveGroup action. Forwarding to planning pipeline.
[move_group-2] [INFO] [1787658988.764811920] [moveit.ompl_planning.model_based_planning_context]: Planner configuration 'hand' will use planner 'geometric::RRTConnect'. Additional configuration parameters will be set when the planner is constructed.
[move_group-2] [INFO] [1787658988.776332446] [moveit_move_group_default_capabilities.move_action_capability]: Motion plan was computed successfully.
[roarmserver-8] [INFO] [1787658988.776725909] [move_group_interface]: Planning request complete!
[roarmserver-8] [INFO] [1787658988.777721587] [move_group_interface]: time taken to generate plan: 0.0112375 seconds
[move_group-2] [INFO] [1787658988.777937220] [moveit_move_group_default_capabilities.execute_trajectory_action_capability]: Received goal request
[roarmserver-8] [INFO] [1787658988.778074362] [move_group_interface]: Execute request accepted
[move_group-2] [INFO] [1787658988.778099602] [moveit_move_group_default_capabilities.execute_trajectory_action_capability]: Execution request received
[move_group-2] [INFO] [1787658988.778117641] [moveit.plugins.moveit_simple_controller_manager]: Returned 2 controllers in list
[move_group-2] [INFO] [1787658988.778127135] [moveit.plugins.moveit_simple_controller_manager]: Returned 2 controllers in list
[move_group-2] [INFO] [1787658988.778187918] [moveit_ros.trajectory_execution_manager]: Validating trajectory with allowed_start_tolerance 0.01
[move_group-2] [INFO] [1787658988.784546824] [moveit_ros.trajectory_execution_manager]: Starting trajectory execution ...
[move_group-2] [INFO] [1787658988.784590022] [moveit.plugins.moveit_simple_controller_manager]: Returned 2 controllers in list
[move_group-2] [INFO] [1787658988.784602291] [moveit.plugins.moveit_simple_controller_manager]: Returned 2 controllers in list
[move_group-2] [INFO] [1787658988.784698371] [moveit.simple_controller_manager.follow_joint_trajectory_controller_handle]: sending trajectory to hand_controller
[ros2_control_node-4] [INFO] [1787658988.784873095] [hand_controller]: Received new action goal
[ros2_control_node-4] [INFO] [1787658988.784909880] [hand_controller]: Accepted new action goal
[move_group-2] [INFO] [1787658988.785057793] [moveit.simple_controller_manager.follow_joint_trajectory_controller_handle]: hand_controller started execution
[move_group-2] [INFO] [1787658988.785086243] [moveit.simple_controller_manager.follow_joint_trajectory_controller_handle]: Goal request accepted!
[ros2_control_node-4] [INFO] [1787658989.404413144] [hand_controller]: Goal reached, success!
[move_group-2] [INFO] [1787658989.418370195] [moveit.simple_controller_manager.follow_joint_trajectory_controller_handle]: Controller 'hand_controller' successfully finished
[move_group-2] [INFO] [1787658989.444469294] [moveit_ros.trajectory_execution_manager]: Completed trajectory execution with status SUCCEEDED ...
[move_group-2] [INFO] [1787658989.444599611] [moveit_move_group_default_capabilities.execute_trajectory_action_capability]: Execution completed: SUCCEEDED
[roarmserver-8] [INFO] [1787658989.444874361] [move_group_interface]: Execute request success!
[roarmserver-8] [INFO] [1787658989.445167635] [roarm_server]: MoveCircleCmd service executed successfully
[roarmserver-8] [INFO] [1787658989.445221879] [roarm_server]: BASE_JOINT_RAD: 0.785398, SHOULDER_JOINT_RAD: -0.258288, ELBOW_JOINT_RAD: 1.988509, WRIST_JOINT_RAD: -0.159421, ROLL_JOINT_RAD: 0.000000
[roarmserver-8] [INFO] [1787658989.445324637] [move_group_interface]: MoveGroup action client/server ready
[move_group-2] [INFO] [1787658989.445551621] [moveit_move_group_default_capabilities.move_action_capability]: Received request
[roarmserver-8] [INFO] [1787658989.445693552] [move_group_interface]: Planning request accepted
[move_group-2] [INFO] [1787658989.445715110] [moveit_move_group_default_capabilities.move_action_capability]: executing..
[move_group-2] [INFO] [1787658989.454624165] [moveit_move_group_default_capabilities.move_action_capability]: Planning request received for MoveGroup action. Forwarding to planning pipeline.
[move_group-2] [INFO] [1787658989.454950774] [moveit.ompl_planning.model_based_planning_context]: Planner configuration 'hand' will use planner 'geometric::RRTConnect'. Additional configuration parameters will be set when the planner is constructed.
[move_group-2] [INFO] [1787658989.466181537] [moveit_move_group_default_capabilities.move_action_capability]: Motion plan was computed successfully.
[roarmserver-8] [INFO] [1787658989.466601052] [move_group_interface]: Planning request complete!
[roarmserver-8] [INFO] [1787658989.466949888] [move_group_interface]: time taken to generate plan: 0.0109959 seconds
[move_group-2] [INFO] [1787658989.467192738] [moveit_move_group_default_capabilities.execute_trajectory_action_capability]: Received goal request
[move_group-2] [INFO] [1787658989.467322280] [moveit_move_group_default_capabilities.execute_trajectory_action_capability]: Execution request received
[move_group-2] [INFO] [1787658989.467341479] [moveit.plugins.moveit_simple_controller_manager]: Returned 2 controllers in list
[move_group-2] [INFO] [1787658989.467353252] [moveit.plugins.moveit_simple_controller_manager]: Returned 2 controllers in list
[roarmserver-8] [INFO] [1787658989.467390284] [move_group_interface]: Execute request accepted
[move_group-2] [INFO] [1787658989.467433362] [moveit_ros.trajectory_execution_manager]: Validating trajectory with allowed_start_tolerance 0.01
[move_group-2] [INFO] [1787658989.475130806] [moveit_ros.trajectory_execution_manager]: Starting trajectory execution ...
[move_group-2] [INFO] [1787658989.475219259] [moveit.plugins.moveit_simple_controller_manager]: Returned 2 controllers in list
[move_group-2] [INFO] [1787658989.475239820] [moveit.plugins.moveit_simple_controller_manager]: Returned 2 controllers in list
[move_group-2] [INFO] [1787658989.475342198] [moveit.simple_controller_manager.follow_joint_trajectory_controller_handle]: sending trajectory to hand_controller
[ros2_control_node-4] [INFO] [1787658989.475560905] [hand_controller]: Received new action goal
[ros2_control_node-4] [INFO] [1787658989.475614031] [hand_controller]: Accepted new action goal
[move_group-2] [INFO] [1787658989.475853773] [moveit.simple_controller_manager.follow_joint_trajectory_controller_handle]: hand_controller started execution
[move_group-2] [INFO] [1787658989.475882298] [moveit.simple_controller_manager.follow_joint_trajectory_controller_handle]: Goal request accepted!
[ros2_control_node-4] [INFO] [1787658990.134353885] [hand_controller]: Goal reached, success!
[move_group-2] [INFO] [1787658990.161714208] [moveit.simple_controller_manager.follow_joint_trajectory_controller_handle]: Controller 'hand_controller' successfully finished
[move_group-2] [INFO] [1787658990.184481299] [moveit_ros.trajectory_execution_manager]: Completed trajectory execution with status SUCCEEDED ...
[move_group-2] [INFO] [1787658990.184612850] [moveit_move_group_default_capabilities.execute_trajectory_action_capability]: Execution completed: SUCCEEDED
[roarmserver-8] [INFO] [1787658990.184918905] [move_group_interface]: Execute request success!
[roarmserver-8] [INFO] [1787658990.185933692] [roarm_server]: MoveCircleCmd service executed successfully
[roarmserver-8] [INFO] [1787659275.089567029] [moveit_rdf_loader.rdf_loader]: Loaded robot model in 0.0626754 seconds
[roarmserver-8] [INFO] [1787659275.089609627] [moveit_robot_model.robot_model]: Loading robot model 'roarm_m3'...
[roarmserver-8] [INFO] [1787659275.089615634] [moveit_robot_model.robot_model]: No root/virtual joint specified in SRDF. Assuming fixed joint
[roarmserver-8] [WARN] [1787659275.123041884] [moveit_ros.robot_model_loader]: No kinematics plugins defined. Fill and load kinematics.yaml!
[roarmserver-8] [INFO] [1787659275.138670373] [move_group_interface]: Ready to take commands for planning group hand.
[roarmserver-8] [INFO] [1787659275.138722757] [move_joint_cmd_service_node]: BASE_JOINT_RAD: 0.000000, SHOULDER_JOINT_RAD: -0.000057, ELBOW_JOINT_RAD: 2.618064, WRIST_JOINT_RAD: -1.047211, ROLL_JOINT_RAD: 0.000000
[roarmserver-8] [INFO] [1787659275.138766252] [move_joint_cmd_service_node]: x: 0.273900, y: 0.000000, z: 0.098000, roll: 0.000000, pitch: 0.000000
[roarmserver-8] [INFO] [1787659275.138806158] [move_group_interface]: MoveGroup action client/server ready
[move_group-2] [INFO] [1787659275.139028214] [moveit_move_group_default_capabilities.move_action_capability]: Received request
[roarmserver-8] [INFO] [1787659275.139149136] [move_group_interface]: Planning request accepted
[move_group-2] [INFO] [1787659275.139175791] [moveit_move_group_default_capabilities.move_action_capability]: executing..
[move_group-2] [INFO] [1787659275.144567961] [moveit_move_group_default_capabilities.move_action_capability]: Planning request received for MoveGroup action. Forwarding to planning pipeline.
[move_group-2] [INFO] [1787659275.145027223] [moveit.ompl_planning.model_based_planning_context]: Planner configuration 'hand' will use planner 'geometric::RRTConnect'. Additional configuration parameters will be set when the planner is constructed.
[move_group-2] [INFO] [1787659275.156427479] [moveit_move_group_default_capabilities.move_action_capability]: Motion plan was computed successfully.
[roarmserver-8] [INFO] [1787659275.156974978] [move_group_interface]: Planning request complete!
[roarmserver-8] [INFO] [1787659275.157906024] [move_group_interface]: time taken to generate plan: 0.0106761 seconds
[move_group-2] [INFO] [1787659275.158133260] [moveit_move_group_default_capabilities.execute_trajectory_action_capability]: Received goal request
[roarmserver-8] [INFO] [1787659275.158458379] [move_group_interface]: Execute request accepted
[move_group-2] [INFO] [1787659275.158970818] [moveit_move_group_default_capabilities.execute_trajectory_action_capability]: Execution request received
[move_group-2] [INFO] [1787659275.159011685] [moveit.plugins.moveit_simple_controller_manager]: Returned 2 controllers in list
[move_group-2] [INFO] [1787659275.159025884] [moveit.plugins.moveit_simple_controller_manager]: Returned 2 controllers in list
[move_group-2] [INFO] [1787659275.159254645] [moveit_ros.trajectory_execution_manager]: Validating trajectory with allowed_start_tolerance 0.01
[move_group-2] [INFO] [1787659275.164776306] [moveit_ros.trajectory_execution_manager]: Starting trajectory execution ...
[move_group-2] [INFO] [1787659275.164825301] [moveit.plugins.moveit_simple_controller_manager]: Returned 2 controllers in list
[move_group-2] [INFO] [1787659275.164836967] [moveit.plugins.moveit_simple_controller_manager]: Returned 2 controllers in list
[move_group-2] [INFO] [1787659275.164914276] [moveit.simple_controller_manager.follow_joint_trajectory_controller_handle]: sending trajectory to hand_controller
[ros2_control_node-4] [INFO] [1787659275.165092120] [hand_controller]: Received new action goal
[ros2_control_node-4] [INFO] [1787659275.165199992] [hand_controller]: Accepted new action goal
[move_group-2] [INFO] [1787659275.165380876] [moveit.simple_controller_manager.follow_joint_trajectory_controller_handle]: hand_controller started execution
[move_group-2] [INFO] [1787659275.165411238] [moveit.simple_controller_manager.follow_joint_trajectory_controller_handle]: Goal request accepted!
[ros2_control_node-4] [INFO] [1787659277.064488053] [hand_controller]: Goal reached, success!
[move_group-2] [INFO] [1787659277.066222301] [moveit.simple_controller_manager.follow_joint_trajectory_controller_handle]: Controller 'hand_controller' successfully finished
[move_group-2] [INFO] [1787659277.094646347] [moveit_ros.trajectory_execution_manager]: Completed trajectory execution with status SUCCEEDED ...
[move_group-2] [INFO] [1787659277.094770924] [moveit_move_group_default_capabilities.execute_trajectory_action_capability]: Execution completed: SUCCEEDED
[roarmserver-8] [INFO] [1787659277.095028216] [move_group_interface]: Execute request success!
[roarmserver-8] [INFO] [1787659277.095418421] [move_joint_cmd_service_node]: MoveJointCmd service executed successfully
[roarmserver-8] [INFO] [1787659281.451195369] [moveit_rdf_loader.rdf_loader]: Loaded robot model in 0.998196 seconds
[roarmserver-8] [INFO] [1787659281.451238247] [moveit_robot_model.robot_model]: Loading robot model 'roarm_m3'...
[roarmserver-8] [INFO] [1787659281.451243538] [moveit_robot_model.robot_model]: No root/virtual joint specified in SRDF. Assuming fixed joint
[roarmserver-8] [WARN] [1787659281.478149943] [moveit_ros.robot_model_loader]: No kinematics plugins defined. Fill and load kinematics.yaml!
[roarmserver-8] [INFO] [1787659281.493485575] [move_group_interface]: Ready to take commands for planning group hand.
[roarmserver-8] [INFO] [1787659281.493527513] [roarm_server]: start_pose: x: 273.882629, y: 0.011258, z: 97.975143
[roarmserver-8] [INFO] [1787659281.493583233] [roarm_server]: BASE_JOINT_RAD: 0.000041, SHOULDER_JOINT_RAD: -0.000093, ELBOW_JOINT_RAD: 2.618156, WRIST_JOINT_RAD: -1.047139, ROLL_JOINT_RAD: -0.000077
[roarmserver-8] [INFO] [1787659281.493614060] [move_group_interface]: MoveGroup action client/server ready
[move_group-2] [INFO] [1787659281.493849006] [moveit_move_group_default_capabilities.move_action_capability]: Received request
[roarmserver-8] [INFO] [1787659281.494012766] [move_group_interface]: Planning request accepted
[move_group-2] [INFO] [1787659281.494030846] [moveit_move_group_default_capabilities.move_action_capability]: executing..
[move_group-2] [INFO] [1787659281.494443582] [moveit_move_group_default_capabilities.move_action_capability]: Planning request received for MoveGroup action. Forwarding to planning pipeline.
[move_group-2] [INFO] [1787659281.494872084] [moveit.ompl_planning.model_based_planning_context]: Planner configuration 'hand' will use planner 'geometric::RRTConnect'. Additional configuration parameters will be set when the planner is constructed.
[move_group-2] [INFO] [1787659281.505959169] [moveit_move_group_default_capabilities.move_action_capability]: Motion plan was computed successfully.
[roarmserver-8] [INFO] [1787659281.506337977] [move_group_interface]: Planning request complete!
[roarmserver-8] [INFO] [1787659281.507327767] [move_group_interface]: time taken to generate plan: 0.0109242 seconds
[move_group-2] [INFO] [1787659281.507515083] [moveit_move_group_default_capabilities.execute_trajectory_action_capability]: Received goal request
[move_group-2] [INFO] [1787659281.507626502] [moveit_move_group_default_capabilities.execute_trajectory_action_capability]: Execution request received
[move_group-2] [INFO] [1787659281.507645279] [moveit.plugins.moveit_simple_controller_manager]: Returned 2 controllers in list
[move_group-2] [INFO] [1787659281.507657171] [moveit.plugins.moveit_simple_controller_manager]: Returned 2 controllers in list
[move_group-2] [INFO] [1787659281.507730063] [moveit_ros.trajectory_execution_manager]: Validating trajectory with allowed_start_tolerance 0.01
[roarmserver-8] [INFO] [1787659281.507700613] [move_group_interface]: Execute request accepted
[move_group-2] [INFO] [1787659281.514467069] [moveit_ros.trajectory_execution_manager]: Starting trajectory execution ...
[move_group-2] [INFO] [1787659281.514507866] [moveit.plugins.moveit_simple_controller_manager]: Returned 2 controllers in list
[move_group-2] [INFO] [1787659281.514520212] [moveit.plugins.moveit_simple_controller_manager]: Returned 2 controllers in list
[move_group-2] [INFO] [1787659281.514583008] [moveit.simple_controller_manager.follow_joint_trajectory_controller_handle]: sending trajectory to hand_controller
[ros2_control_node-4] [INFO] [1787659281.514739565] [hand_controller]: Received new action goal
[ros2_control_node-4] [INFO] [1787659281.514772547] [hand_controller]: Accepted new action goal
[move_group-2] [INFO] [1787659281.514916039] [moveit.simple_controller_manager.follow_joint_trajectory_controller_handle]: hand_controller started execution
[move_group-2] [INFO] [1787659281.514944131] [moveit.simple_controller_manager.follow_joint_trajectory_controller_handle]: Goal request accepted!
[ros2_control_node-4] [INFO] [1787659281.524267080] [hand_controller]: Goal reached, success!
[move_group-2] [INFO] [1787659281.568057866] [moveit.simple_controller_manager.follow_joint_trajectory_controller_handle]: Controller 'hand_controller' successfully finished
[move_group-2] [INFO] [1787659281.594955351] [moveit_ros.trajectory_execution_manager]: Completed trajectory execution with status SUCCEEDED ...
[move_group-2] [INFO] [1787659281.595095122] [moveit_move_group_default_capabilities.execute_trajectory_action_capability]: Execution completed: SUCCEEDED
[roarmserver-8] [INFO] [1787659281.595374947] [move_group_interface]: Execute request success!
[roarmserver-8] [INFO] [1787659281.596460002] [roarm_server]: MoveCircleCmd service executed successfully
[roarmserver-8] [INFO] [1787659281.596524160] [roarm_server]: BASE_JOINT_RAD: 0.024374, SHOULDER_JOINT_RAD: -0.196273, ELBOW_JOINT_RAD: 2.556405, WRIST_JOINT_RAD: -0.789208, ROLL_JOINT_RAD: -0.000077
[roarmserver-8] [INFO] [1787659281.596639518] [move_group_interface]: MoveGroup action client/server ready
[move_group-2] [INFO] [1787659281.596895809] [moveit_move_group_default_capabilities.move_action_capability]: Received request
[move_group-2] [INFO] [1787659281.597002877] [moveit_move_group_default_capabilities.move_action_capability]: executing..
[roarmserver-8] [INFO] [1787659281.597098849] [move_group_interface]: Planning request accepted
[move_group-2] [INFO] [1787659281.604594329] [moveit_move_group_default_capabilities.move_action_capability]: Planning request received for MoveGroup action. Forwarding to planning pipeline.
[move_group-2] [INFO] [1787659281.604935376] [moveit.ompl_planning.model_based_planning_context]: Planner configuration 'hand' will use planner 'geometric::RRTConnect'. Additional configuration parameters will be set when the planner is constructed.
[move_group-2] [INFO] [1787659281.626435544] [moveit_move_group_default_capabilities.move_action_capability]: Motion plan was computed successfully.
[roarmserver-8] [INFO] [1787659281.627082565] [move_group_interface]: Planning request complete!
[roarmserver-8] [INFO] [1787659281.627185419] [move_group_interface]: time taken to generate plan: 0.0210982 seconds
[move_group-2] [INFO] [1787659281.627428914] [moveit_move_group_default_capabilities.execute_trajectory_action_capability]: Received goal request
[roarmserver-8] [INFO] [1787659281.627566476] [move_group_interface]: Execute request accepted
[move_group-2] [INFO] [1787659281.627592114] [moveit_move_group_default_capabilities.execute_trajectory_action_capability]: Execution request received
[move_group-2] [INFO] [1787659281.627612645] [moveit.plugins.moveit_simple_controller_manager]: Returned 2 controllers in list
[move_group-2] [INFO] [1787659281.627624325] [moveit.plugins.moveit_simple_controller_manager]: Returned 2 controllers in list
[move_group-2] [INFO] [1787659281.627671744] [moveit_ros.trajectory_execution_manager]: Validating trajectory with allowed_start_tolerance 0.01
[move_group-2] [INFO] [1787659281.634587089] [moveit_ros.trajectory_execution_manager]: Starting trajectory execution ...
[move_group-2] [INFO] [1787659281.634647224] [moveit.plugins.moveit_simple_controller_manager]: Returned 2 controllers in list
[move_group-2] [INFO] [1787659281.634687514] [moveit.plugins.moveit_simple_controller_manager]: Returned 2 controllers in list
[move_group-2] [INFO] [1787659281.634781307] [moveit.simple_controller_manager.follow_joint_trajectory_controller_handle]: sending trajectory to hand_controller
[ros2_control_node-4] [INFO] [1787659281.635027136] [hand_controller]: Received new action goal
[ros2_control_node-4] [INFO] [1787659281.635073826] [hand_controller]: Accepted new action goal
[move_group-2] [INFO] [1787659281.635268810] [moveit.simple_controller_manager.follow_joint_trajectory_controller_handle]: hand_controller started execution
[move_group-2] [INFO] [1787659281.635288422] [moveit.simple_controller_manager.follow_joint_trajectory_controller_handle]: Goal request accepted!
[ros2_control_node-4] [INFO] [1787659282.664268484] [hand_controller]: Goal reached, success!
[move_group-2] [INFO] [1787659282.691626289] [moveit.simple_controller_manager.follow_joint_trajectory_controller_handle]: Controller 'hand_controller' successfully finished
[move_group-2] [INFO] [1787659282.714823745] [moveit_ros.trajectory_execution_manager]: Completed trajectory execution with status SUCCEEDED ...
[move_group-2] [INFO] [1787659282.714938343] [moveit_move_group_default_capabilities.execute_trajectory_action_capability]: Execution completed: SUCCEEDED
[roarmserver-8] [INFO] [1787659282.715234632] [move_group_interface]: Execute request success!
[roarmserver-8] [INFO] [1787659282.716244737] [roarm_server]: MoveCircleCmd service executed successfully
[roarmserver-8] [INFO] [1787659282.716300468] [roarm_server]: BASE_JOINT_RAD: 0.075687, SHOULDER_JOINT_RAD: -0.355901, ELBOW_JOINT_RAD: 2.468363, WRIST_JOINT_RAD: -0.541537, ROLL_JOINT_RAD: -0.000077
[roarmserver-8] [INFO] [1787659282.716389899] [move_group_interface]: MoveGroup action client/server ready
[move_group-2] [INFO] [1787659282.716593077] [moveit_move_group_default_capabilities.move_action_capability]: Received request
[move_group-2] [INFO] [1787659282.716755284] [moveit_move_group_default_capabilities.move_action_capability]: executing..
[roarmserver-8] [INFO] [1787659282.716753926] [move_group_interface]: Planning request accepted
[move_group-2] [INFO] [1787659282.724689281] [moveit_move_group_default_capabilities.move_action_capability]: Planning request received for MoveGroup action. Forwarding to planning pipeline.
[move_group-2] [INFO] [1787659282.725015321] [moveit.ompl_planning.model_based_planning_context]: Planner configuration 'hand' will use planner 'geometric::RRTConnect'. Additional configuration parameters will be set when the planner is constructed.
[move_group-2] [INFO] [1787659282.736377811] [moveit_move_group_default_capabilities.move_action_capability]: Motion plan was computed successfully.
[roarmserver-8] [INFO] [1787659282.736751750] [move_group_interface]: Planning request complete!
[roarmserver-8] [INFO] [1787659282.737820934] [move_group_interface]: time taken to generate plan: 0.0110211 seconds
[move_group-2] [INFO] [1787659282.738049654] [moveit_move_group_default_capabilities.execute_trajectory_action_capability]: Received goal request
[move_group-2] [INFO] [1787659282.738177759] [moveit_move_group_default_capabilities.execute_trajectory_action_capability]: Execution request received
[move_group-2] [INFO] [1787659282.738193949] [moveit.plugins.moveit_simple_controller_manager]: Returned 2 controllers in list
[move_group-2] [INFO] [1787659282.738203686] [moveit.plugins.moveit_simple_controller_manager]: Returned 2 controllers in list
[roarmserver-8] [INFO] [1787659282.738243216] [move_group_interface]: Execute request accepted
[move_group-2] [INFO] [1787659282.738280560] [moveit_ros.trajectory_execution_manager]: Validating trajectory with allowed_start_tolerance 0.01
[move_group-2] [INFO] [1787659282.744829163] [moveit_ros.trajectory_execution_manager]: Starting trajectory execution ...
[move_group-2] [INFO] [1787659282.744876878] [moveit.plugins.moveit_simple_controller_manager]: Returned 2 controllers in list
[move_group-2] [INFO] [1787659282.744889678] [moveit.plugins.moveit_simple_controller_manager]: Returned 2 controllers in list
[move_group-2] [INFO] [1787659282.744986184] [moveit.simple_controller_manager.follow_joint_trajectory_controller_handle]: sending trajectory to hand_controller
[ros2_control_node-4] [INFO] [1787659282.745257625] [hand_controller]: Received new action goal
[ros2_control_node-4] [INFO] [1787659282.745337931] [hand_controller]: Accepted new action goal
[move_group-2] [INFO] [1787659282.745534977] [moveit.simple_controller_manager.follow_joint_trajectory_controller_handle]: hand_controller started execution
[move_group-2] [INFO] [1787659282.745545623] [moveit.simple_controller_manager.follow_joint_trajectory_controller_handle]: Goal request accepted!
[ros2_control_node-4] [INFO] [1787659283.754373083] [hand_controller]: Goal reached, success!
[move_group-2] [INFO] [1787659283.802065989] [moveit.simple_controller_manager.follow_joint_trajectory_controller_handle]: Controller 'hand_controller' successfully finished
[move_group-2] [INFO] [1787659283.824731401] [moveit_ros.trajectory_execution_manager]: Completed trajectory execution with status SUCCEEDED ...
[move_group-2] [INFO] [1787659283.824842767] [moveit_move_group_default_capabilities.execute_trajectory_action_capability]: Execution completed: SUCCEEDED
[roarmserver-8] [INFO] [1787659283.825492788] [move_group_interface]: Execute request success!
[roarmserver-8] [INFO] [1787659283.826092559] [roarm_server]: MoveCircleCmd service executed successfully
[roarmserver-8] [INFO] [1787659283.826149156] [roarm_server]: BASE_JOINT_RAD: 0.155679, SHOULDER_JOINT_RAD: -0.466007, ELBOW_JOINT_RAD: 2.368810, WRIST_JOINT_RAD: -0.331879, ROLL_JOINT_RAD: -0.000077
[roarmserver-8] [INFO] [1787659283.826240910] [move_group_interface]: MoveGroup action client/server ready
[move_group-2] [INFO] [1787659283.826439510] [moveit_move_group_default_capabilities.move_action_capability]: Received request
[move_group-2] [INFO] [1787659283.826568143] [moveit_move_group_default_capabilities.move_action_capability]: executing..
[roarmserver-8] [INFO] [1787659283.826679288] [move_group_interface]: Planning request accepted
[move_group-2] [INFO] [1787659283.834368161] [moveit_move_group_default_capabilities.move_action_capability]: Planning request received for MoveGroup action. Forwarding to planning pipeline.
[move_group-2] [INFO] [1787659283.834687209] [moveit.ompl_planning.model_based_planning_context]: Planner configuration 'hand' will use planner 'geometric::RRTConnect'. Additional configuration parameters will be set when the planner is constructed.
[move_group-2] [INFO] [1787659283.845910615] [moveit_move_group_default_capabilities.move_action_capability]: Motion plan was computed successfully.
[roarmserver-8] [INFO] [1787659283.846308654] [move_group_interface]: Planning request complete!
[roarmserver-8] [INFO] [1787659283.846662085] [move_group_interface]: time taken to generate plan: 0.0109225 seconds
[move_group-2] [INFO] [1787659283.846878353] [moveit_move_group_default_capabilities.execute_trajectory_action_capability]: Received goal request
[roarmserver-8] [INFO] [1787659283.847014380] [move_group_interface]: Execute request accepted
[move_group-2] [INFO] [1787659283.847038691] [moveit_move_group_default_capabilities.execute_trajectory_action_capability]: Execution request received
[move_group-2] [INFO] [1787659283.847055916] [moveit.plugins.moveit_simple_controller_manager]: Returned 2 controllers in list
[move_group-2] [INFO] [1787659283.847066963] [moveit.plugins.moveit_simple_controller_manager]: Returned 2 controllers in list
[move_group-2] [INFO] [1787659283.847141893] [moveit_ros.trajectory_execution_manager]: Validating trajectory with allowed_start_tolerance 0.01
[move_group-2] [INFO] [1787659283.854431811] [moveit_ros.trajectory_execution_manager]: Starting trajectory execution ...
[move_group-2] [INFO] [1787659283.854473253] [moveit.plugins.moveit_simple_controller_manager]: Returned 2 controllers in list
[move_group-2] [INFO] [1787659283.854486137] [moveit.plugins.moveit_simple_controller_manager]: Returned 2 controllers in list
[move_group-2] [INFO] [1787659283.854564236] [moveit.simple_controller_manager.follow_joint_trajectory_controller_handle]: sending trajectory to hand_controller
[ros2_control_node-4] [INFO] [1787659283.854756557] [hand_controller]: Received new action goal
[ros2_control_node-4] [INFO] [1787659283.854796848] [hand_controller]: Accepted new action goal
[move_group-2] [INFO] [1787659283.855057357] [moveit.simple_controller_manager.follow_joint_trajectory_controller_handle]: hand_controller started execution
[move_group-2] [INFO] [1787659283.855067865] [moveit.simple_controller_manager.follow_joint_trajectory_controller_handle]: Goal request accepted!
[ros2_control_node-4] [INFO] [1787659284.784251288] [hand_controller]: Goal reached, success!
[move_group-2] [INFO] [1787659284.805849494] [moveit.simple_controller_manager.follow_joint_trajectory_controller_handle]: Controller 'hand_controller' successfully finished
[move_group-2] [INFO] [1787659284.834863800] [moveit_ros.trajectory_execution_manager]: Completed trajectory execution with status SUCCEEDED ...
[move_group-2] [INFO] [1787659284.834994589] [moveit_move_group_default_capabilities.execute_trajectory_action_capability]: Execution completed: SUCCEEDED
[roarmserver-8] [INFO] [1787659284.835335004] [move_group_interface]: Execute request success!
[roarmserver-8] [INFO] [1787659284.835436019] [roarm_server]: MoveCircleCmd service executed successfully
[roarmserver-8] [INFO] [1787659284.835478066] [roarm_server]: BASE_JOINT_RAD: 0.261731, SHOULDER_JOINT_RAD: -0.524905, ELBOW_JOINT_RAD: 2.270830, WRIST_JOINT_RAD: -0.175002, ROLL_JOINT_RAD: -0.000077
[roarmserver-8] [INFO] [1787659284.835568499] [move_group_interface]: MoveGroup action client/server ready
[move_group-2] [INFO] [1787659284.835788632] [moveit_move_group_default_capabilities.move_action_capability]: Received request
[roarmserver-8] [INFO] [1787659284.835919290] [move_group_interface]: Planning request accepted
[move_group-2] [INFO] [1787659284.835949566] [moveit_move_group_default_capabilities.move_action_capability]: executing..
[move_group-2] [INFO] [1787659284.844696865] [moveit_move_group_default_capabilities.move_action_capability]: Planning request received for MoveGroup action. Forwarding to planning pipeline.
[move_group-2] [INFO] [1787659284.845011191] [moveit.ompl_planning.model_based_planning_context]: Planner configuration 'hand' will use planner 'geometric::RRTConnect'. Additional configuration parameters will be set when the planner is constructed.
[move_group-2] [INFO] [1787659284.856266666] [moveit_move_group_default_capabilities.move_action_capability]: Motion plan was computed successfully.
[roarmserver-8] [INFO] [1787659284.856735793] [move_group_interface]: Planning request complete!
[roarmserver-8] [INFO] [1787659284.857170047] [move_group_interface]: time taken to generate plan: 0.0109365 seconds
[move_group-2] [INFO] [1787659284.857377849] [moveit_move_group_default_capabilities.execute_trajectory_action_capability]: Received goal request
[move_group-2] [INFO] [1787659284.857468978] [moveit_move_group_default_capabilities.execute_trajectory_action_capability]: Execution request received
[move_group-2] [INFO] [1787659284.857497179] [moveit.plugins.moveit_simple_controller_manager]: Returned 2 controllers in list
[move_group-2] [INFO] [1787659284.857507445] [moveit.plugins.moveit_simple_controller_manager]: Returned 2 controllers in list
[move_group-2] [INFO] [1787659284.857549915] [moveit_ros.trajectory_execution_manager]: Validating trajectory with allowed_start_tolerance 0.01
[roarmserver-8] [INFO] [1787659284.857644457] [move_group_interface]: Execute request accepted
[move_group-2] [INFO] [1787659284.864599213] [moveit_ros.trajectory_execution_manager]: Starting trajectory execution ...
[move_group-2] [INFO] [1787659284.864649510] [moveit.plugins.moveit_simple_controller_manager]: Returned 2 controllers in list
[move_group-2] [INFO] [1787659284.864663283] [moveit.plugins.moveit_simple_controller_manager]: Returned 2 controllers in list
[move_group-2] [INFO] [1787659284.864741716] [moveit.simple_controller_manager.follow_joint_trajectory_controller_handle]: sending trajectory to hand_controller
[ros2_control_node-4] [INFO] [1787659284.864915356] [hand_controller]: Received new action goal
[ros2_control_node-4] [INFO] [1787659284.864950295] [hand_controller]: Accepted new action goal
[move_group-2] [INFO] [1787659284.865099030] [moveit.simple_controller_manager.follow_joint_trajectory_controller_handle]: hand_controller started execution
[move_group-2] [INFO] [1787659284.865110120] [moveit.simple_controller_manager.follow_joint_trajectory_controller_handle]: Goal request accepted!
[ros2_control_node-4] [INFO] [1787659285.674386187] [hand_controller]: Goal reached, success!
[move_group-2] [INFO] [1787659285.710391219] [moveit.simple_controller_manager.follow_joint_trajectory_controller_handle]: Controller 'hand_controller' successfully finished
[move_group-2] [INFO] [1787659285.734439362] [moveit_ros.trajectory_execution_manager]: Completed trajectory execution with status SUCCEEDED ...
[move_group-2] [INFO] [1787659285.734619212] [moveit_move_group_default_capabilities.execute_trajectory_action_capability]: Execution completed: SUCCEEDED
[roarmserver-8] [INFO] [1787659285.734933634] [move_group_interface]: Execute request success!
[roarmserver-8] [INFO] [1787659285.735312103] [roarm_server]: MoveCircleCmd service executed successfully
[roarmserver-8] [INFO] [1787659285.735370554] [roarm_server]: BASE_JOINT_RAD: 0.384798, SHOULDER_JOINT_RAD: -0.536847, ELBOW_JOINT_RAD: 2.184194, WRIST_JOINT_RAD: -0.076423, ROLL_JOINT_RAD: -0.000077
[roarmserver-8] [INFO] [1787659285.735461155] [move_group_interface]: MoveGroup action client/server ready
[move_group-2] [INFO] [1787659285.735681912] [moveit_move_group_default_capabilities.move_action_capability]: Received request
[roarmserver-8] [INFO] [1787659285.735821890] [move_group_interface]: Planning request accepted
[move_group-2] [INFO] [1787659285.735843501] [moveit_move_group_default_capabilities.move_action_capability]: executing..
[move_group-2] [INFO] [1787659285.744729932] [moveit_move_group_default_capabilities.move_action_capability]: Planning request received for MoveGroup action. Forwarding to planning pipeline.
[move_group-2] [INFO] [1787659285.745052370] [moveit.ompl_planning.model_based_planning_context]: Planner configuration 'hand' will use planner 'geometric::RRTConnect'. Additional configuration parameters will be set when the planner is constructed.
[move_group-2] [INFO] [1787659285.766136389] [moveit_move_group_default_capabilities.move_action_capability]: Motion plan was computed successfully.
[roarmserver-8] [INFO] [1787659285.766517066] [move_group_interface]: Planning request complete!
[roarmserver-8] [INFO] [1787659285.767148421] [move_group_interface]: time taken to generate plan: 0.0207924 seconds
[move_group-2] [INFO] [1787659285.767366137] [moveit_move_group_default_capabilities.execute_trajectory_action_capability]: Received goal request
[move_group-2] [INFO] [1787659285.767480439] [moveit_move_group_default_capabilities.execute_trajectory_action_capability]: Execution request received
[move_group-2] [INFO] [1787659285.767497285] [moveit.plugins.moveit_simple_controller_manager]: Returned 2 controllers in list
[move_group-2] [INFO] [1787659285.767527292] [moveit.plugins.moveit_simple_controller_manager]: Returned 2 controllers in list
[move_group-2] [INFO] [1787659285.767599695] [moveit_ros.trajectory_execution_manager]: Validating trajectory with allowed_start_tolerance 0.01
[roarmserver-8] [INFO] [1787659285.767553934] [move_group_interface]: Execute request accepted
[move_group-2] [INFO] [1787659285.774677537] [moveit_ros.trajectory_execution_manager]: Starting trajectory execution ...
[move_group-2] [INFO] [1787659285.774720091] [moveit.plugins.moveit_simple_controller_manager]: Returned 2 controllers in list
[move_group-2] [INFO] [1787659285.774731899] [moveit.plugins.moveit_simple_controller_manager]: Returned 2 controllers in list
[move_group-2] [INFO] [1787659285.774809066] [moveit.simple_controller_manager.follow_joint_trajectory_controller_handle]: sending trajectory to hand_controller
[ros2_control_node-4] [INFO] [1787659285.774991134] [hand_controller]: Received new action goal
[ros2_control_node-4] [INFO] [1787659285.775024077] [hand_controller]: Accepted new action goal
[move_group-2] [INFO] [1787659285.775166200] [moveit.simple_controller_manager.follow_joint_trajectory_controller_handle]: hand_controller started execution
[move_group-2] [INFO] [1787659285.775177396] [moveit.simple_controller_manager.follow_joint_trajectory_controller_handle]: Goal request accepted!
[ros2_control_node-4] [INFO] [1787659286.494625956] [hand_controller]: Goal reached, success!
[move_group-2] [INFO] [1787659286.514765407] [moveit.simple_controller_manager.follow_joint_trajectory_controller_handle]: Controller 'hand_controller' successfully finished
[move_group-2] [INFO] [1787659286.544703098] [moveit_ros.trajectory_execution_manager]: Completed trajectory execution with status SUCCEEDED ...
[move_group-2] [INFO] [1787659286.544823199] [moveit_move_group_default_capabilities.execute_trajectory_action_capability]: Execution completed: SUCCEEDED
[roarmserver-8] [INFO] [1787659286.545134674] [move_group_interface]: Execute request success!
[roarmserver-8] [INFO] [1787659286.545514368] [roarm_server]: MoveCircleCmd service executed successfully
[roarmserver-8] [INFO] [1787659286.545569692] [roarm_server]: BASE_JOINT_RAD: 0.510514, SHOULDER_JOINT_RAD: -0.508561, ELBOW_JOINT_RAD: 2.114081, WRIST_JOINT_RAD: -0.034595, ROLL_JOINT_RAD: -0.000077
[roarmserver-8] [INFO] [1787659286.545667803] [move_group_interface]: MoveGroup action client/server ready
[move_group-2] [INFO] [1787659286.545903785] [moveit_move_group_default_capabilities.move_action_capability]: Received request
[roarmserver-8] [INFO] [1787659286.546042417] [move_group_interface]: Planning request accepted
[move_group-2] [INFO] [1787659286.546065004] [moveit_move_group_default_capabilities.move_action_capability]: executing..
[move_group-2] [INFO] [1787659286.554889569] [moveit_move_group_default_capabilities.move_action_capability]: Planning request received for MoveGroup action. Forwarding to planning pipeline.
[move_group-2] [INFO] [1787659286.555189446] [moveit.ompl_planning.model_based_planning_context]: Planner configuration 'hand' will use planner 'geometric::RRTConnect'. Additional configuration parameters will be set when the planner is constructed.
[move_group-2] [INFO] [1787659286.576383257] [moveit_move_group_default_capabilities.move_action_capability]: Motion plan was computed successfully.
[roarmserver-8] [INFO] [1787659286.576764403] [move_group_interface]: Planning request complete!
[roarmserver-8] [INFO] [1787659286.577328870] [move_group_interface]: time taken to generate plan: 0.0209003 seconds
[move_group-2] [INFO] [1787659286.577609551] [moveit_move_group_default_capabilities.execute_trajectory_action_capability]: Received goal request
[roarmserver-8] [INFO] [1787659286.577792680] [move_group_interface]: Execute request accepted
[move_group-2] [INFO] [1787659286.577827900] [moveit_move_group_default_capabilities.execute_trajectory_action_capability]: Execution request received
[move_group-2] [INFO] [1787659286.577848348] [moveit.plugins.moveit_simple_controller_manager]: Returned 2 controllers in list
[move_group-2] [INFO] [1787659286.577860758] [moveit.plugins.moveit_simple_controller_manager]: Returned 2 controllers in list
[move_group-2] [INFO] [1787659286.577960675] [moveit_ros.trajectory_execution_manager]: Validating trajectory with allowed_start_tolerance 0.01
[move_group-2] [INFO] [1787659286.585012159] [moveit_ros.trajectory_execution_manager]: Starting trajectory execution ...
[move_group-2] [INFO] [1787659286.585092146] [moveit.plugins.moveit_simple_controller_manager]: Returned 2 controllers in list
[move_group-2] [INFO] [1787659286.585115731] [moveit.plugins.moveit_simple_controller_manager]: Returned 2 controllers in list
[move_group-2] [INFO] [1787659286.585221573] [moveit.simple_controller_manager.follow_joint_trajectory_controller_handle]: sending trajectory to hand_controller
[ros2_control_node-4] [INFO] [1787659286.585433109] [hand_controller]: Received new action goal
[ros2_control_node-4] [INFO] [1787659286.585494242] [hand_controller]: Accepted new action goal
[move_group-2] [INFO] [1787659286.585655203] [moveit.simple_controller_manager.follow_joint_trajectory_controller_handle]: hand_controller started execution
[move_group-2] [INFO] [1787659286.585665881] [moveit.simple_controller_manager.follow_joint_trajectory_controller_handle]: Goal request accepted!
[ros2_control_node-4] [INFO] [1787659287.304500163] [hand_controller]: Goal reached, success!
[move_group-2] [INFO] [1787659285.638492874] [moveit.simple_controller_manager.follow_joint_trajectory_controller_handle]: Controller 'hand_controller' successfully finished
[move_group-2] [INFO] [1787659285.638614468] [moveit_ros.trajectory_execution_manager]: Completed trajectory execution with status SUCCEEDED ...
[move_group-2] [INFO] [1787659285.638712691] [moveit_move_group_default_capabilities.execute_trajectory_action_capability]: Execution completed: SUCCEEDED
[roarmserver-8] [INFO] [1787659285.639023959] [move_group_interface]: Execute request success!
[roarmserver-8] [INFO] [1787659285.640031392] [roarm_server]: MoveCircleCmd service executed successfully
[roarmserver-8] [INFO] [1787659285.640087403] [roarm_server]: BASE_JOINT_RAD: 0.624371, SHOULDER_JOINT_RAD: -0.447698, ELBOW_JOINT_RAD: 2.060638, WRIST_JOINT_RAD: -0.042016, ROLL_JOINT_RAD: -0.000077
[roarmserver-8] [INFO] [1787659285.640175628] [move_group_interface]: MoveGroup action client/server ready
[move_group-2] [INFO] [1787659285.640424881] [moveit_move_group_default_capabilities.move_action_capability]: Received request
[roarmserver-8] [INFO] [1787659285.640582461] [move_group_interface]: Planning request accepted
[move_group-2] [INFO] [1787659285.640609315] [moveit_move_group_default_capabilities.move_action_capability]: executing..
[move_group-2] [INFO] [1787659285.640664396] [moveit_move_group_default_capabilities.move_action_capability]: Planning request received for MoveGroup action. Forwarding to planning pipeline.
[move_group-2] [INFO] [1787659285.640923536] [moveit.ompl_planning.model_based_planning_context]: Planner configuration 'hand' will use planner 'geometric::RRTConnect'. Additional configuration parameters will be set when the planner is constructed.
[move_group-2] [INFO] [1787659285.652115364] [moveit_move_group_default_capabilities.move_action_capability]: Motion plan was computed successfully.
[roarmserver-8] [INFO] [1787659285.652488865] [move_group_interface]: Planning request complete!
[roarmserver-8] [INFO] [1787659285.652757008] [move_group_interface]: time taken to generate plan: 0.0109587 seconds
[move_group-2] [INFO] [1787659285.652960623] [moveit_move_group_default_capabilities.execute_trajectory_action_capability]: Received goal request
[move_group-2] [INFO] [1787659285.653067606] [moveit_move_group_default_capabilities.execute_trajectory_action_capability]: Execution request received
[move_group-2] [INFO] [1787659285.653082635] [moveit.plugins.moveit_simple_controller_manager]: Returned 2 controllers in list
[move_group-2] [INFO] [1787659285.653092300] [moveit.plugins.moveit_simple_controller_manager]: Returned 2 controllers in list
[roarmserver-8] [INFO] [1787659285.653141397] [move_group_interface]: Execute request accepted
[move_group-2] [INFO] [1787659285.653162358] [moveit_ros.trajectory_execution_manager]: Validating trajectory with allowed_start_tolerance 0.01
[move_group-2] [INFO] [1787659285.653233367] [moveit_ros.trajectory_execution_manager]: Starting trajectory execution ...
[move_group-2] [INFO] [1787659285.653255315] [moveit.plugins.moveit_simple_controller_manager]: Returned 2 controllers in list
[move_group-2] [INFO] [1787659285.653264831] [moveit.plugins.moveit_simple_controller_manager]: Returned 2 controllers in list
[move_group-2] [INFO] [1787659285.653340518] [moveit.simple_controller_manager.follow_joint_trajectory_controller_handle]: sending trajectory to hand_controller
[ros2_control_node-4] [INFO] [1787659285.653507250] [hand_controller]: Received new action goal
[ros2_control_node-4] [INFO] [1787659285.653536560] [hand_controller]: Accepted new action goal
[move_group-2] [INFO] [1787659285.653717826] [moveit.simple_controller_manager.follow_joint_trajectory_controller_handle]: hand_controller started execution
[move_group-2] [INFO] [1787659285.653744728] [moveit.simple_controller_manager.follow_joint_trajectory_controller_handle]: Goal request accepted!
[move_group-2] [WARN] [1787659286.896406682] [moveit.simple_controller_manager.follow_joint_trajectory_controller_handle]: waitForExecution timed out
[move_group-2] [ERROR] [1787659286.896464287] [moveit_ros.trajectory_execution_manager]: Controller is taking too long to execute trajectory (the expected upper bound for the trajectory execution was 1.242428 seconds). Stopping trajectory.
[move_group-2] [INFO] [1787659286.896511394] [moveit.simple_controller_manager.follow_joint_trajectory_controller_handle]: Cancelling execution for hand_controller
[ros2_control_node-4] [INFO] [1787659286.896749684] [hand_controller]: Got request to cancel goal
[ros2_control_node-4] [INFO] [1787659286.896787337] [hand_controller]: Canceling active action goal because cancel callback received.
[move_group-2] [INFO] [1787659286.897039845] [moveit_ros.trajectory_execution_manager]: Completed trajectory execution with status TIMED_OUT ...
[move_group-2] [INFO] [1787659286.897140014] [moveit_move_group_default_capabilities.execute_trajectory_action_capability]: Execution completed: TIMED_OUT
[roarmserver-8] [INFO] [1787659286.897402170] [move_group_interface]: Execute request aborted
[roarmserver-8] [ERROR] [1787659286.898099079] [move_group_interface]: MoveGroupInterface::execute() failed or timeout reached
[roarmserver-8] [INFO] [1787659286.898153674] [roarm_server]: MoveCircleCmd service executed successfully
[roarmserver-8] [INFO] [1787659286.898188687] [roarm_server]: BASE_JOINT_RAD: 0.716997, SHOULDER_JOINT_RAD: -0.361928, ELBOW_JOINT_RAD: 2.020337, WRIST_JOINT_RAD: -0.087484, ROLL_JOINT_RAD: -0.000077
[roarmserver-8] [INFO] [1787659286.898280028] [move_group_interface]: MoveGroup action client/server ready
[move_group-2] [INFO] [1787659286.898519934] [moveit_move_group_default_capabilities.move_action_capability]: Received request
[roarmserver-8] [INFO] [1787659286.898663377] [move_group_interface]: Planning request accepted
[move_group-2] [INFO] [1787659286.898686265] [moveit_move_group_default_capabilities.move_action_capability]: executing..
[move_group-2] [INFO] [1787659286.898802088] [moveit_move_group_default_capabilities.move_action_capability]: Planning request received for MoveGroup action. Forwarding to planning pipeline.
[move_group-2] [INFO] [1787659286.899094139] [moveit.ompl_planning.model_based_planning_context]: Planner configuration 'hand' will use planner 'geometric::RRTConnect'. Additional configuration parameters will be set when the planner is constructed.
[move_group-2] [INFO] [1787659286.910335176] [moveit_move_group_default_capabilities.move_action_capability]: Motion plan was computed successfully.
[roarmserver-8] [INFO] [1787659286.910838457] [move_group_interface]: Planning request complete!
[roarmserver-8] [INFO] [1787659286.911880291] [move_group_interface]: time taken to generate plan: 0.0109482 seconds
[move_group-2] [INFO] [1787659286.912074258] [moveit_move_group_default_capabilities.execute_trajectory_action_capability]: Received goal request
[move_group-2] [INFO] [1787659286.912197210] [moveit_move_group_default_capabilities.execute_trajectory_action_capability]: Execution request received
[move_group-2] [INFO] [1787659286.912213856] [moveit.plugins.moveit_simple_controller_manager]: Returned 2 controllers in list
[move_group-2] [INFO] [1787659286.912223753] [moveit.plugins.moveit_simple_controller_manager]: Returned 2 controllers in list
[roarmserver-8] [INFO] [1787659286.912260223] [move_group_interface]: Execute request accepted
[move_group-2] [INFO] [1787659286.912300095] [moveit_ros.trajectory_execution_manager]: Validating trajectory with allowed_start_tolerance 0.01
[move_group-2] [INFO] [1787659286.912396706] [moveit_ros.trajectory_execution_manager]: Starting trajectory execution ...
[move_group-2] [INFO] [1787659286.912419097] [moveit.plugins.moveit_simple_controller_manager]: Returned 2 controllers in list
[move_group-2] [INFO] [1787659286.912429596] [moveit.plugins.moveit_simple_controller_manager]: Returned 2 controllers in list
[move_group-2] [INFO] [1787659286.912526957] [moveit.simple_controller_manager.follow_joint_trajectory_controller_handle]: sending trajectory to hand_controller
[ros2_control_node-4] [INFO] [1787659286.912704769] [hand_controller]: Received new action goal
[ros2_control_node-4] [INFO] [1787659286.912751242] [hand_controller]: Accepted new action goal
[move_group-2] [INFO] [1787659286.912992542] [moveit.simple_controller_manager.follow_joint_trajectory_controller_handle]: hand_controller started execution
[move_group-2] [INFO] [1787659286.913020120] [moveit.simple_controller_manager.follow_joint_trajectory_controller_handle]: Goal request accepted!
[move_group-2] [INFO] [1787659286.913108122] [moveit.simple_controller_manager.follow_joint_trajectory_controller_handle]: Controller 'hand_controller' successfully finished
[ros2_control_node-4] [INFO] [1787659288.244647144] [hand_controller]: Goal reached, success!
[move_group-2] [INFO] [1787659288.286244003] [moveit.simple_controller_manager.follow_joint_trajectory_controller_handle]: Controller 'hand_controller' successfully finished
[move_group-2] [INFO] [1787659288.314981039] [moveit_ros.trajectory_execution_manager]: Completed trajectory execution with status SUCCEEDED ...
[move_group-2] [INFO] [1787659288.315085593] [moveit_move_group_default_capabilities.execute_trajectory_action_capability]: Execution completed: SUCCEEDED
[roarmserver-8] [INFO] [1787659288.315613594] [move_group_interface]: Execute request success!
[roarmserver-8] [INFO] [1787659288.315817511] [roarm_server]: MoveCircleCmd service executed successfully
[roarmserver-8] [INFO] [1787659288.315856421] [roarm_server]: BASE_JOINT_RAD: 0.785398, SHOULDER_JOINT_RAD: -0.258295, ELBOW_JOINT_RAD: 1.988365, WRIST_JOINT_RAD: -0.159146, ROLL_JOINT_RAD: -0.000077
[roarmserver-8] [INFO] [1787659288.315945185] [move_group_interface]: MoveGroup action client/server ready
[move_group-2] [INFO] [1787659288.316173589] [moveit_move_group_default_capabilities.move_action_capability]: Received request
[roarmserver-8] [INFO] [1787659288.316313814] [move_group_interface]: Planning request accepted
[move_group-2] [INFO] [1787659288.316345940] [moveit_move_group_default_capabilities.move_action_capability]: executing..
[move_group-2] [INFO] [1787659288.324657554] [moveit_move_group_default_capabilities.move_action_capability]: Planning request received for MoveGroup action. Forwarding to planning pipeline.
[move_group-2] [INFO] [1787659288.325000492] [moveit.ompl_planning.model_based_planning_context]: Planner configuration 'hand' will use planner 'geometric::RRTConnect'. Additional configuration parameters will be set when the planner is constructed.
[move_group-2] [INFO] [1787659288.336561019] [moveit_move_group_default_capabilities.move_action_capability]: Motion plan was computed successfully.
[roarmserver-8] [INFO] [1787659288.337060234] [move_group_interface]: Planning request complete!
[roarmserver-8] [INFO] [1787659288.337540764] [move_group_interface]: time taken to generate plan: 0.0112597 seconds
[move_group-2] [INFO] [1787659288.337732846] [moveit_move_group_default_capabilities.execute_trajectory_action_capability]: Received goal request
[move_group-2] [INFO] [1787659288.337853411] [moveit_move_group_default_capabilities.execute_trajectory_action_capability]: Execution request received
[move_group-2] [INFO] [1787659288.337869951] [moveit.plugins.moveit_simple_controller_manager]: Returned 2 controllers in list
[move_group-2] [INFO] [1787659288.337880038] [moveit.plugins.moveit_simple_controller_manager]: Returned 2 controllers in list
[roarmserver-8] [INFO] [1787659288.337942021] [move_group_interface]: Execute request accepted
[move_group-2] [INFO] [1787659288.337954162] [moveit_ros.trajectory_execution_manager]: Validating trajectory with allowed_start_tolerance 0.01
[move_group-2] [INFO] [1787659288.344720307] [moveit_ros.trajectory_execution_manager]: Starting trajectory execution ...
[move_group-2] [INFO] [1787659288.344761563] [moveit.plugins.moveit_simple_controller_manager]: Returned 2 controllers in list
[move_group-2] [INFO] [1787659288.344773508] [moveit.plugins.moveit_simple_controller_manager]: Returned 2 controllers in list
[move_group-2] [INFO] [1787659288.344848425] [moveit.simple_controller_manager.follow_joint_trajectory_controller_handle]: sending trajectory to hand_controller
[ros2_control_node-4] [INFO] [1787659288.345019012] [hand_controller]: Received new action goal
[ros2_control_node-4] [INFO] [1787659288.345054490] [hand_controller]: Accepted new action goal
[move_group-2] [INFO] [1787659288.345248008] [moveit.simple_controller_manager.follow_joint_trajectory_controller_handle]: hand_controller started execution
[move_group-2] [INFO] [1787659288.345275638] [moveit.simple_controller_manager.follow_joint_trajectory_controller_handle]: Goal request accepted!
[ros2_control_node-4] [INFO] [1787659289.004636559] [hand_controller]: Goal reached, success!
[move_group-2] [INFO] [1787659289.031970896] [moveit.simple_controller_manager.follow_joint_trajectory_controller_handle]: Controller 'hand_controller' successfully finished
[move_group-2] [INFO] [1787659289.054780239] [moveit_ros.trajectory_execution_manager]: Completed trajectory execution with status SUCCEEDED ...
[move_group-2] [INFO] [1787659289.054907184] [moveit_move_group_default_capabilities.execute_trajectory_action_capability]: Execution completed: SUCCEEDED
[roarmserver-8] [INFO] [1787659289.055237887] [move_group_interface]: Execute request success!
[roarmserver-8] [INFO] [1787659289.055678027] [roarm_server]: MoveCircleCmd service executed successfully
[roarmserver-8] [INFO] [1787659293.616503786] [moveit_rdf_loader.rdf_loader]: Loaded robot model in 0.986644 seconds
[roarmserver-8] [INFO] [1787659293.616548296] [moveit_robot_model.robot_model]: Loading robot model 'roarm_m3'...
[roarmserver-8] [INFO] [1787659293.616554023] [moveit_robot_model.robot_model]: No root/virtual joint specified in SRDF. Assuming fixed joint
[roarmserver-8] [WARN] [1787659293.647798699] [moveit_ros.robot_model_loader]: No kinematics plugins defined. Fill and load kinematics.yaml!
[roarmserver-8] [INFO] [1787659293.663074704] [move_group_interface]: Ready to take commands for planning group hand.
[roarmserver-8] [INFO] [1787659293.663120946] [move_joint_cmd_service_node]: BASE_JOINT_RAD: 0.000000, SHOULDER_JOINT_RAD: -0.000057, ELBOW_JOINT_RAD: 2.618064, WRIST_JOINT_RAD: -1.047211, ROLL_JOINT_RAD: 0.000000
[roarmserver-8] [INFO] [1787659293.663160449] [move_joint_cmd_service_node]: x: 0.273900, y: 0.000000, z: 0.098000, roll: 0.000000, pitch: 0.000000
[roarmserver-8] [INFO] [1787659293.663191995] [move_group_interface]: MoveGroup action client/server ready
[move_group-2] [INFO] [1787659293.663402417] [moveit_move_group_default_capabilities.move_action_capability]: Received request
[roarmserver-8] [INFO] [1787659293.663754756] [move_group_interface]: Planning request accepted
[move_group-2] [INFO] [1787659293.663786334] [moveit_move_group_default_capabilities.move_action_capability]: executing..
[move_group-2] [INFO] [1787659293.664434777] [moveit_move_group_default_capabilities.move_action_capability]: Planning request received for MoveGroup action. Forwarding to planning pipeline.
[move_group-2] [INFO] [1787659293.664816698] [moveit.ompl_planning.model_based_planning_context]: Planner configuration 'hand' will use planner 'geometric::RRTConnect'. Additional configuration parameters will be set when the planner is constructed.
[move_group-2] [INFO] [1787659293.676257188] [moveit_move_group_default_capabilities.move_action_capability]: Motion plan was computed successfully.
[roarmserver-8] [INFO] [1787659293.676658876] [move_group_interface]: Planning request complete!
[roarmserver-8] [INFO] [1787659293.676949010] [move_group_interface]: time taken to generate plan: 0.0108009 seconds
[move_group-2] [INFO] [1787659293.677149812] [moveit_move_group_default_capabilities.execute_trajectory_action_capability]: Received goal request
[move_group-2] [INFO] [1787659293.677275692] [moveit_move_group_default_capabilities.execute_trajectory_action_capability]: Execution request received
[move_group-2] [INFO] [1787659293.677294371] [moveit.plugins.moveit_simple_controller_manager]: Returned 2 controllers in list
[move_group-2] [INFO] [1787659293.677305169] [moveit.plugins.moveit_simple_controller_manager]: Returned 2 controllers in list
[roarmserver-8] [INFO] [1787659293.677343789] [move_group_interface]: Execute request accepted
[move_group-2] [INFO] [1787659293.677385546] [moveit_ros.trajectory_execution_manager]: Validating trajectory with allowed_start_tolerance 0.01
[move_group-2] [INFO] [1787659293.684427614] [moveit_ros.trajectory_execution_manager]: Starting trajectory execution ...
[move_group-2] [INFO] [1787659293.684469472] [moveit.plugins.moveit_simple_controller_manager]: Returned 2 controllers in list
[move_group-2] [INFO] [1787659293.684481168] [moveit.plugins.moveit_simple_controller_manager]: Returned 2 controllers in list
[move_group-2] [INFO] [1787659293.684543437] [moveit.simple_controller_manager.follow_joint_trajectory_controller_handle]: sending trajectory to hand_controller
[ros2_control_node-4] [INFO] [1787659293.684718286] [hand_controller]: Received new action goal
[ros2_control_node-4] [INFO] [1787659293.684749611] [hand_controller]: Accepted new action goal
[move_group-2] [INFO] [1787659293.684942605] [moveit.simple_controller_manager.follow_joint_trajectory_controller_handle]: hand_controller started execution
[move_group-2] [INFO] [1787659293.684970666] [moveit.simple_controller_manager.follow_joint_trajectory_controller_handle]: Goal request accepted!
[ros2_control_node-4] [INFO] [1787659295.584675387] [hand_controller]: Goal reached, success!
[move_group-2] [INFO] [1787659295.586987040] [moveit.simple_controller_manager.follow_joint_trajectory_controller_handle]: Controller 'hand_controller' successfully finished
[move_group-2] [INFO] [1787659295.614834160] [moveit_ros.trajectory_execution_manager]: Completed trajectory execution with status SUCCEEDED ...
[move_group-2] [INFO] [1787659295.614990247] [moveit_move_group_default_capabilities.execute_trajectory_action_capability]: Execution completed: SUCCEEDED
[roarmserver-8] [INFO] [1787659295.615347884] [move_group_interface]: Execute request success!
[roarmserver-8] [INFO] [1787659295.615772831] [move_joint_cmd_service_node]: MoveJointCmd service executed successfully
[roarmserver-8] [INFO] [1787659299.626281900] [moveit_rdf_loader.rdf_loader]: Loaded robot model in 0.0608017 seconds
[roarmserver-8] [INFO] [1787659299.626324044] [moveit_robot_model.robot_model]: Loading robot model 'roarm_m3'...
[roarmserver-8] [INFO] [1787659299.626329189] [moveit_robot_model.robot_model]: No root/virtual joint specified in SRDF. Assuming fixed joint
[roarmserver-8] [WARN] [1787659299.651780569] [moveit_ros.robot_model_loader]: No kinematics plugins defined. Fill and load kinematics.yaml!
[roarmserver-8] [INFO] [1787659299.666767676] [move_group_interface]: Ready to take commands for planning group hand.
[roarmserver-8] [INFO] [1787659299.666806153] [roarm_server]: start_pose: x: 273.882667, y: 0.023894, z: 98.003383
[roarmserver-8] [INFO] [1787659299.666857710] [roarm_server]: BASE_JOINT_RAD: 0.000087, SHOULDER_JOINT_RAD: -0.000135, ELBOW_JOINT_RAD: 2.618132, WRIST_JOINT_RAD: -1.047203, ROLL_JOINT_RAD: -0.000009
[roarmserver-8] [INFO] [1787659299.666885453] [move_group_interface]: MoveGroup action client/server ready
[move_group-2] [INFO] [1787659299.667115123] [moveit_move_group_default_capabilities.move_action_capability]: Received request
[move_group-2] [INFO] [1787659299.667231739] [moveit_move_group_default_capabilities.move_action_capability]: executing..
[roarmserver-8] [INFO] [1787659299.667326147] [move_group_interface]: Planning request accepted
[move_group-2] [INFO] [1787659299.674543434] [moveit_move_group_default_capabilities.move_action_capability]: Planning request received for MoveGroup action. Forwarding to planning pipeline.
[move_group-2] [INFO] [1787659299.675007931] [moveit.ompl_planning.model_based_planning_context]: Planner configuration 'hand' will use planner 'geometric::RRTConnect'. Additional configuration parameters will be set when the planner is constructed.
[move_group-2] [INFO] [1787659299.695911701] [moveit_move_group_default_capabilities.move_action_capability]: Motion plan was computed successfully.
[roarmserver-8] [INFO] [1787659299.696284759] [move_group_interface]: Planning request complete!
[roarmserver-8] [INFO] [1787659299.696290474] [move_group_interface]: time taken to generate plan: 0.0207551 seconds
[move_group-2] [INFO] [1787659299.696511978] [moveit_move_group_default_capabilities.execute_trajectory_action_capability]: Received goal request
[move_group-2] [INFO] [1787659299.696606925] [moveit_move_group_default_capabilities.execute_trajectory_action_capability]: Execution request received
[move_group-2] [INFO] [1787659299.696625234] [moveit.plugins.moveit_simple_controller_manager]: Returned 2 controllers in list
[move_group-2] [INFO] [1787659299.696637479] [moveit.plugins.moveit_simple_controller_manager]: Returned 2 controllers in list
[roarmserver-8] [INFO] [1787659299.696675227] [move_group_interface]: Execute request accepted
[move_group-2] [INFO] [1787659299.696711454] [moveit_ros.trajectory_execution_manager]: Validating trajectory with allowed_start_tolerance 0.01
[move_group-2] [INFO] [1787659299.704456479] [moveit_ros.trajectory_execution_manager]: Starting trajectory execution ...
[move_group-2] [INFO] [1787659299.704497935] [moveit.plugins.moveit_simple_controller_manager]: Returned 2 controllers in list
[move_group-2] [INFO] [1787659299.704510402] [moveit.plugins.moveit_simple_controller_manager]: Returned 2 controllers in list
[move_group-2] [INFO] [1787659299.704576147] [moveit.simple_controller_manager.follow_joint_trajectory_controller_handle]: sending trajectory to hand_controller
[ros2_control_node-4] [INFO] [1787659299.704748144] [hand_controller]: Received new action goal
[ros2_control_node-4] [INFO] [1787659299.704782195] [hand_controller]: Accepted new action goal
[move_group-2] [INFO] [1787659299.704923701] [moveit.simple_controller_manager.follow_joint_trajectory_controller_handle]: hand_controller started execution
[move_group-2] [INFO] [1787659299.704951180] [moveit.simple_controller_manager.follow_joint_trajectory_controller_handle]: Goal request accepted!
[ros2_control_node-4] [INFO] [1787659299.714307062] [hand_controller]: Goal reached, success!
[move_group-2] [INFO] [1787659299.758104645] [moveit.simple_controller_manager.follow_joint_trajectory_controller_handle]: Controller 'hand_controller' successfully finished
[move_group-2] [INFO] [1787659299.784392628] [moveit_ros.trajectory_execution_manager]: Completed trajectory execution with status SUCCEEDED ...
[move_group-2] [INFO] [1787659299.784500348] [moveit_move_group_default_capabilities.execute_trajectory_action_capability]: Execution completed: SUCCEEDED
[roarmserver-8] [INFO] [1787659299.784784681] [move_group_interface]: Execute request success!
[roarmserver-8] [INFO] [1787659299.785624306] [roarm_server]: MoveCircleCmd service executed successfully
[roarmserver-8] [INFO] [1787659299.785675514] [roarm_server]: BASE_JOINT_RAD: 0.024430, SHOULDER_JOINT_RAD: -0.196288, ELBOW_JOINT_RAD: 2.556409, WRIST_JOINT_RAD: -0.789326, ROLL_JOINT_RAD: -0.000009
[roarmserver-8] [INFO] [1787659299.785742136] [move_group_interface]: MoveGroup action client/server ready
[move_group-2] [INFO] [1787659299.785948014] [moveit_move_group_default_capabilities.move_action_capability]: Received request
[roarmserver-8] [INFO] [1787659299.786093123] [move_group_interface]: Planning request accepted
[move_group-2] [INFO] [1787659299.786118585] [moveit_move_group_default_capabilities.move_action_capability]: executing..
[move_group-2] [INFO] [1787659299.794564094] [moveit_move_group_default_capabilities.move_action_capability]: Planning request received for MoveGroup action. Forwarding to planning pipeline.
[move_group-2] [INFO] [1787659299.794953115] [moveit.ompl_planning.model_based_planning_context]: Planner configuration 'hand' will use planner 'geometric::RRTConnect'. Additional configuration parameters will be set when the planner is constructed.
[move_group-2] [INFO] [1787659299.816153854] [moveit_move_group_default_capabilities.move_action_capability]: Motion plan was computed successfully.
[roarmserver-8] [INFO] [1787659299.816546905] [move_group_interface]: Planning request complete!
[roarmserver-8] [INFO] [1787659299.817426111] [move_group_interface]: time taken to generate plan: 0.0208572 seconds
[move_group-2] [INFO] [1787659299.817626749] [moveit_move_group_default_capabilities.execute_trajectory_action_capability]: Received goal request
[move_group-2] [INFO] [1787659299.817750074] [moveit_move_group_default_capabilities.execute_trajectory_action_capability]: Execution request received
[move_group-2] [INFO] [1787659299.817764125] [moveit.plugins.moveit_simple_controller_manager]: Returned 2 controllers in list
[move_group-2] [INFO] [1787659299.817773380] [moveit.plugins.moveit_simple_controller_manager]: Returned 2 controllers in list
[roarmserver-8] [INFO] [1787659299.817814678] [move_group_interface]: Execute request accepted
[move_group-2] [INFO] [1787659299.817851454] [moveit_ros.trajectory_execution_manager]: Validating trajectory with allowed_start_tolerance 0.01
[move_group-2] [INFO] [1787659299.824501205] [moveit_ros.trajectory_execution_manager]: Starting trajectory execution ...
[move_group-2] [INFO] [1787659299.824540961] [moveit.plugins.moveit_simple_controller_manager]: Returned 2 controllers in list
[move_group-2] [INFO] [1787659299.824567310] [moveit.plugins.moveit_simple_controller_manager]: Returned 2 controllers in list
[move_group-2] [INFO] [1787659299.824636394] [moveit.simple_controller_manager.follow_joint_trajectory_controller_handle]: sending trajectory to hand_controller
[ros2_control_node-4] [INFO] [1787659299.824805902] [hand_controller]: Received new action goal
[ros2_control_node-4] [INFO] [1787659299.824852123] [hand_controller]: Accepted new action goal
[move_group-2] [INFO] [1787659299.825055587] [moveit.simple_controller_manager.follow_joint_trajectory_controller_handle]: hand_controller started execution
[move_group-2] [INFO] [1787659299.825066469] [moveit.simple_controller_manager.follow_joint_trajectory_controller_handle]: Goal request accepted!
[ros2_control_node-4] [INFO] [1787659300.854557127] [hand_controller]: Goal reached, success!
[move_group-2] [INFO] [1787659300.882486810] [moveit.simple_controller_manager.follow_joint_trajectory_controller_handle]: Controller 'hand_controller' successfully finished
[move_group-2] [INFO] [1787659300.904947016] [moveit_ros.trajectory_execution_manager]: Completed trajectory execution with status SUCCEEDED ...
[move_group-2] [INFO] [1787659300.905125111] [moveit_move_group_default_capabilities.execute_trajectory_action_capability]: Execution completed: SUCCEEDED
[roarmserver-8] [INFO] [1787659300.905475262] [move_group_interface]: Execute request success!
[roarmserver-8] [INFO] [1787659300.905786762] [roarm_server]: MoveCircleCmd service executed successfully
[roarmserver-8] [INFO] [1787659300.905876968] [roarm_server]: BASE_JOINT_RAD: 0.075749, SHOULDER_JOINT_RAD: -0.355900, ELBOW_JOINT_RAD: 2.468397, WRIST_JOINT_RAD: -0.541702, ROLL_JOINT_RAD: -0.000009
[roarmserver-8] [INFO] [1787659300.905973912] [move_group_interface]: MoveGroup action client/server ready
[move_group-2] [INFO] [1787659300.906209369] [moveit_move_group_default_capabilities.move_action_capability]: Received request
[roarmserver-8] [INFO] [1787659300.906346788] [move_group_interface]: Planning request accepted
[move_group-2] [INFO] [1787659300.906371143] [moveit_move_group_default_capabilities.move_action_capability]: executing..
[move_group-2] [INFO] [1787659300.914557700] [moveit_move_group_default_capabilities.move_action_capability]: Planning request received for MoveGroup action. Forwarding to planning pipeline.
[move_group-2] [INFO] [1787659300.914925377] [moveit.ompl_planning.model_based_planning_context]: Planner configuration 'hand' will use planner 'geometric::RRTConnect'. Additional configuration parameters will be set when the planner is constructed.
[move_group-2] [INFO] [1787659300.926446822] [moveit_move_group_default_capabilities.move_action_capability]: Motion plan was computed successfully.
[roarmserver-8] [INFO] [1787659300.926938681] [move_group_interface]: Planning request complete!
[roarmserver-8] [INFO] [1787659300.927477240] [move_group_interface]: time taken to generate plan: 0.0111508 seconds
[move_group-2] [INFO] [1787659300.927668303] [moveit_move_group_default_capabilities.execute_trajectory_action_capability]: Received goal request
[move_group-2] [INFO] [1787659300.927768939] [moveit_move_group_default_capabilities.execute_trajectory_action_capability]: Execution request received
[move_group-2] [INFO] [1787659300.927800851] [moveit.plugins.moveit_simple_controller_manager]: Returned 2 controllers in list
[move_group-2] [INFO] [1787659300.927814623] [moveit.plugins.moveit_simple_controller_manager]: Returned 2 controllers in list
[move_group-2] [INFO] [1787659300.927891618] [moveit_ros.trajectory_execution_manager]: Validating trajectory with allowed_start_tolerance 0.01
[roarmserver-8] [INFO] [1787659300.927846292] [move_group_interface]: Execute request accepted
[move_group-2] [INFO] [1787659300.934634734] [moveit_ros.trajectory_execution_manager]: Starting trajectory execution ...
[move_group-2] [INFO] [1787659300.934678430] [moveit.plugins.moveit_simple_controller_manager]: Returned 2 controllers in list
[move_group-2] [INFO] [1787659300.934690605] [moveit.plugins.moveit_simple_controller_manager]: Returned 2 controllers in list
[move_group-2] [INFO] [1787659300.934791738] [moveit.simple_controller_manager.follow_joint_trajectory_controller_handle]: sending trajectory to hand_controller
[ros2_control_node-4] [INFO] [1787659300.934979554] [hand_controller]: Received new action goal
[ros2_control_node-4] [INFO] [1787659300.935010631] [hand_controller]: Accepted new action goal
[move_group-2] [INFO] [1787659300.935155365] [moveit.simple_controller_manager.follow_joint_trajectory_controller_handle]: hand_controller started execution
[move_group-2] [INFO] [1787659300.935182686] [moveit.simple_controller_manager.follow_joint_trajectory_controller_handle]: Goal request accepted!
[ros2_control_node-4] [INFO] [1787659301.944177787] [hand_controller]: Goal reached, success!
[move_group-2] [INFO] [1787659301.993255160] [moveit.simple_controller_manager.follow_joint_trajectory_controller_handle]: Controller 'hand_controller' successfully finished
[move_group-2] [INFO] [1787659302.014757420] [moveit_ros.trajectory_execution_manager]: Completed trajectory execution with status SUCCEEDED ...
[move_group-2] [INFO] [1787659302.014879290] [moveit_move_group_default_capabilities.execute_trajectory_action_capability]: Execution completed: SUCCEEDED
[roarmserver-8] [INFO] [1787659302.015177187] [move_group_interface]: Execute request success!
[roarmserver-8] [INFO] [1787659302.015816889] [roarm_server]: MoveCircleCmd service executed successfully
[roarmserver-8] [INFO] [1787659302.015873394] [roarm_server]: BASE_JOINT_RAD: 0.155745, SHOULDER_JOINT_RAD: -0.466000, ELBOW_JOINT_RAD: 2.368875, WRIST_JOINT_RAD: -0.332081, ROLL_JOINT_RAD: -0.000009
[roarmserver-8] [INFO] [1787659302.015970190] [move_group_interface]: MoveGroup action client/server ready
[move_group-2] [INFO] [1787659302.016210122] [moveit_move_group_default_capabilities.move_action_capability]: Received request
[roarmserver-8] [INFO] [1787659302.016347255] [move_group_interface]: Planning request accepted
[move_group-2] [INFO] [1787659302.016377036] [moveit_move_group_default_capabilities.move_action_capability]: executing..
[move_group-2] [INFO] [1787659302.024400583] [moveit_move_group_default_capabilities.move_action_capability]: Planning request received for MoveGroup action. Forwarding to planning pipeline.
[move_group-2] [INFO] [1787659302.024712231] [moveit.ompl_planning.model_based_planning_context]: Planner configuration 'hand' will use planner 'geometric::RRTConnect'. Additional configuration parameters will be set when the planner is constructed.
[move_group-2] [INFO] [1787659302.035677442] [moveit_move_group_default_capabilities.move_action_capability]: Motion plan was computed successfully.
[roarmserver-8] [INFO] [1787659302.036082617] [move_group_interface]: Planning request complete!
[roarmserver-8] [INFO] [1787659302.036385496] [move_group_interface]: time taken to generate plan: 0.0106472 seconds
[move_group-2] [INFO] [1787659302.036608059] [moveit_move_group_default_capabilities.execute_trajectory_action_capability]: Received goal request
[move_group-2] [INFO] [1787659302.036717569] [moveit_move_group_default_capabilities.execute_trajectory_action_capability]: Execution request received
[move_group-2] [INFO] [1787659302.036734208] [moveit.plugins.moveit_simple_controller_manager]: Returned 2 controllers in list
[move_group-2] [INFO] [1787659302.036743960] [moveit.plugins.moveit_simple_controller_manager]: Returned 2 controllers in list
[roarmserver-8] [INFO] [1787659302.036785510] [move_group_interface]: Execute request accepted
[move_group-2] [INFO] [1787659302.036820902] [moveit_ros.trajectory_execution_manager]: Validating trajectory with allowed_start_tolerance 0.01
[move_group-2] [INFO] [1787659302.044450306] [moveit_ros.trajectory_execution_manager]: Starting trajectory execution ...
[move_group-2] [INFO] [1787659302.044498392] [moveit.plugins.moveit_simple_controller_manager]: Returned 2 controllers in list
[move_group-2] [INFO] [1787659302.044519727] [moveit.plugins.moveit_simple_controller_manager]: Returned 2 controllers in list
[move_group-2] [INFO] [1787659302.044598212] [moveit.simple_controller_manager.follow_joint_trajectory_controller_handle]: sending trajectory to hand_controller
[ros2_control_node-4] [INFO] [1787659302.044789810] [hand_controller]: Received new action goal
[ros2_control_node-4] [INFO] [1787659302.044840995] [hand_controller]: Accepted new action goal
[move_group-2] [INFO] [1787659302.044989372] [moveit.simple_controller_manager.follow_joint_trajectory_controller_handle]: hand_controller started execution
[move_group-2] [INFO] [1787659302.045000975] [moveit.simple_controller_manager.follow_joint_trajectory_controller_handle]: Goal request accepted!
[ros2_control_node-4] [INFO] [1787659302.974557155] [hand_controller]: Goal reached, success!
[move_group-2] [INFO] [1787659302.997412884] [moveit.simple_controller_manager.follow_joint_trajectory_controller_handle]: Controller 'hand_controller' successfully finished
[move_group-2] [INFO] [1787659303.024917893] [moveit_ros.trajectory_execution_manager]: Completed trajectory execution with status SUCCEEDED ...
[move_group-2] [INFO] [1787659303.025042804] [moveit_move_group_default_capabilities.execute_trajectory_action_capability]: Execution completed: SUCCEEDED
[roarmserver-8] [INFO] [1787659303.025331065] [move_group_interface]: Execute request success!
[roarmserver-8] [INFO] [1787659303.025632908] [roarm_server]: MoveCircleCmd service executed successfully
[roarmserver-8] [INFO] [1787659303.025692057] [roarm_server]: BASE_JOINT_RAD: 0.261794, SHOULDER_JOINT_RAD: -0.524895, ELBOW_JOINT_RAD: 2.270923, WRIST_JOINT_RAD: -0.175233, ROLL_JOINT_RAD: -0.000009
[roarmserver-8] [INFO] [1787659303.025782485] [move_group_interface]: MoveGroup action client/server ready
[move_group-2] [INFO] [1787659303.026018704] [moveit_move_group_default_capabilities.move_action_capability]: Received request
[roarmserver-8] [INFO] [1787659303.026158477] [move_group_interface]: Planning request accepted
[move_group-2] [INFO] [1787659303.026183726] [moveit_move_group_default_capabilities.move_action_capability]: executing..
[move_group-2] [INFO] [1787659303.034506047] [moveit_move_group_default_capabilities.move_action_capability]: Planning request received for MoveGroup action. Forwarding to planning pipeline.
[move_group-2] [INFO] [1787659303.034824084] [moveit.ompl_planning.model_based_planning_context]: Planner configuration 'hand' will use planner 'geometric::RRTConnect'. Additional configuration parameters will be set when the planner is constructed.
[move_group-2] [INFO] [1787659303.056738892] [moveit_move_group_default_capabilities.move_action_capability]: Motion plan was computed successfully.
[roarmserver-8] [INFO] [1787659303.057116502] [move_group_interface]: Planning request complete!
[roarmserver-8] [INFO] [1787659303.057555081] [move_group_interface]: time taken to generate plan: 0.0216335 seconds
[move_group-2] [INFO] [1787659303.057759631] [moveit_move_group_default_capabilities.execute_trajectory_action_capability]: Received goal request
[move_group-2] [INFO] [1787659303.057867776] [moveit_move_group_default_capabilities.execute_trajectory_action_capability]: Execution request received
[move_group-2] [INFO] [1787659303.057884542] [moveit.plugins.moveit_simple_controller_manager]: Returned 2 controllers in list
[move_group-2] [INFO] [1787659303.057897087] [moveit.plugins.moveit_simple_controller_manager]: Returned 2 controllers in list
[roarmserver-8] [INFO] [1787659303.057944041] [move_group_interface]: Execute request accepted
[move_group-2] [INFO] [1787659303.057969776] [moveit_ros.trajectory_execution_manager]: Validating trajectory with allowed_start_tolerance 0.01
[move_group-2] [INFO] [1787659303.064529446] [moveit_ros.trajectory_execution_manager]: Starting trajectory execution ...
[move_group-2] [INFO] [1787659303.064585487] [moveit.plugins.moveit_simple_controller_manager]: Returned 2 controllers in list
[move_group-2] [INFO] [1787659303.064597291] [moveit.plugins.moveit_simple_controller_manager]: Returned 2 controllers in list
[move_group-2] [INFO] [1787659303.064674613] [moveit.simple_controller_manager.follow_joint_trajectory_controller_handle]: sending trajectory to hand_controller
[ros2_control_node-4] [INFO] [1787659303.064837096] [hand_controller]: Received new action goal
[ros2_control_node-4] [INFO] [1787659303.064881755] [hand_controller]: Accepted new action goal
[move_group-2] [INFO] [1787659303.065018961] [moveit.simple_controller_manager.follow_joint_trajectory_controller_handle]: hand_controller started execution
[move_group-2] [INFO] [1787659303.065046600] [moveit.simple_controller_manager.follow_joint_trajectory_controller_handle]: Goal request accepted!
[ros2_control_node-4] [INFO] [1787659303.874557368] [hand_controller]: Goal reached, success!
[move_group-2] [INFO] [1787659303.911539335] [moveit.simple_controller_manager.follow_joint_trajectory_controller_handle]: Controller 'hand_controller' successfully finished
[move_group-2] [INFO] [1787659303.934740475] [moveit_ros.trajectory_execution_manager]: Completed trajectory execution with status SUCCEEDED ...
[move_group-2] [INFO] [1787659303.934832749] [moveit_move_group_default_capabilities.execute_trajectory_action_capability]: Execution completed: SUCCEEDED
[roarmserver-8] [INFO] [1787659303.935131222] [move_group_interface]: Execute request success!
[roarmserver-8] [INFO] [1787659303.935975574] [roarm_server]: MoveCircleCmd service executed successfully
[roarmserver-8] [INFO] [1787659303.936034988] [roarm_server]: BASE_JOINT_RAD: 0.384852, SHOULDER_JOINT_RAD: -0.536838, ELBOW_JOINT_RAD: 2.184312, WRIST_JOINT_RAD: -0.076679, ROLL_JOINT_RAD: -0.000009
[roarmserver-8] [INFO] [1787659303.936128124] [move_group_interface]: MoveGroup action client/server ready
[move_group-2] [INFO] [1787659303.936351534] [moveit_move_group_default_capabilities.move_action_capability]: Received request
[roarmserver-8] [INFO] [1787659303.936496256] [move_group_interface]: Planning request accepted
[move_group-2] [INFO] [1787659303.936522701] [moveit_move_group_default_capabilities.move_action_capability]: executing..
[move_group-2] [INFO] [1787659303.944401768] [moveit_move_group_default_capabilities.move_action_capability]: Planning request received for MoveGroup action. Forwarding to planning pipeline.
[move_group-2] [INFO] [1787659303.944733376] [moveit.ompl_planning.model_based_planning_context]: Planner configuration 'hand' will use planner 'geometric::RRTConnect'. Additional configuration parameters will be set when the planner is constructed.
[move_group-2] [INFO] [1787659303.956079920] [moveit_move_group_default_capabilities.move_action_capability]: Motion plan was computed successfully.
[roarmserver-8] [INFO] [1787659303.956457719] [move_group_interface]: Planning request complete!
[roarmserver-8] [INFO] [1787659303.956538554] [move_group_interface]: time taken to generate plan: 0.0110605 seconds
[move_group-2] [INFO] [1787659303.956726137] [moveit_move_group_default_capabilities.execute_trajectory_action_capability]: Received goal request
[move_group-2] [INFO] [1787659303.956831289] [moveit_move_group_default_capabilities.execute_trajectory_action_capability]: Execution request received
[move_group-2] [INFO] [1787659303.956864492] [moveit.plugins.moveit_simple_controller_manager]: Returned 2 controllers in list
[move_group-2] [INFO] [1787659303.956890164] [moveit.plugins.moveit_simple_controller_manager]: Returned 2 controllers in list
[move_group-2] [INFO] [1787659303.956968745] [moveit_ros.trajectory_execution_manager]: Validating trajectory with allowed_start_tolerance 0.01
[roarmserver-8] [INFO] [1787659303.956894766] [move_group_interface]: Execute request accepted
[move_group-2] [INFO] [1787659303.964459122] [moveit_ros.trajectory_execution_manager]: Starting trajectory execution ...
[move_group-2] [INFO] [1787659303.964534594] [moveit.plugins.moveit_simple_controller_manager]: Returned 2 controllers in list
[move_group-2] [INFO] [1787659303.964556235] [moveit.plugins.moveit_simple_controller_manager]: Returned 2 controllers in list
[move_group-2] [INFO] [1787659303.964656204] [moveit.simple_controller_manager.follow_joint_trajectory_controller_handle]: sending trajectory to hand_controller
[ros2_control_node-4] [INFO] [1787659303.964864810] [hand_controller]: Received new action goal
[ros2_control_node-4] [INFO] [1787659303.964914832] [hand_controller]: Accepted new action goal
[move_group-2] [INFO] [1787659303.965063584] [moveit.simple_controller_manager.follow_joint_trajectory_controller_handle]: hand_controller started execution
[move_group-2] [INFO] [1787659303.965074522] [moveit.simple_controller_manager.follow_joint_trajectory_controller_handle]: Goal request accepted!
[ros2_control_node-4] [INFO] [1787659304.684187859] [hand_controller]: Goal reached, success!
[move_group-2] [INFO] [1787659304.705785497] [moveit.simple_controller_manager.follow_joint_trajectory_controller_handle]: Controller 'hand_controller' successfully finished
[move_group-2] [INFO] [1787659304.734556868] [moveit_ros.trajectory_execution_manager]: Completed trajectory execution with status SUCCEEDED ...
[move_group-2] [INFO] [1787659304.734697603] [moveit_move_group_default_capabilities.execute_trajectory_action_capability]: Execution completed: SUCCEEDED
[roarmserver-8] [INFO] [1787659304.735200960] [move_group_interface]: Execute request success!
[roarmserver-8] [INFO] [1787659304.736304077] [roarm_server]: MoveCircleCmd service executed successfully
[roarmserver-8] [INFO] [1787659304.736361936] [roarm_server]: BASE_JOINT_RAD: 0.510555, SHOULDER_JOINT_RAD: -0.508553, ELBOW_JOINT_RAD: 2.114217, WRIST_JOINT_RAD: -0.034870, ROLL_JOINT_RAD: -0.000009
[roarmserver-8] [INFO] [1787659304.736454004] [move_group_interface]: MoveGroup action client/server ready
[move_group-2] [INFO] [1787659304.736726039] [moveit_move_group_default_capabilities.move_action_capability]: Received request
[roarmserver-8] [INFO] [1787659304.736928806] [move_group_interface]: Planning request accepted
[move_group-2] [INFO] [1787659304.737003151] [moveit_move_group_default_capabilities.move_action_capability]: executing..
[move_group-2] [INFO] [1787659304.744443077] [moveit_move_group_default_capabilities.move_action_capability]: Planning request received for MoveGroup action. Forwarding to planning pipeline.
[move_group-2] [INFO] [1787659304.744764964] [moveit.ompl_planning.model_based_planning_context]: Planner configuration 'hand' will use planner 'geometric::RRTConnect'. Additional configuration parameters will be set when the planner is constructed.
[move_group-2] [INFO] [1787659304.765816768] [moveit_move_group_default_capabilities.move_action_capability]: Motion plan was computed successfully.
[roarmserver-8] [INFO] [1787659304.766226386] [move_group_interface]: Planning request complete!
[roarmserver-8] [INFO] [1787659304.767055511] [move_group_interface]: time taken to generate plan: 0.0208064 seconds
[move_group-2] [INFO] [1787659304.767272659] [moveit_move_group_default_capabilities.execute_trajectory_action_capability]: Received goal request
[move_group-2] [INFO] [1787659304.767380709] [moveit_move_group_default_capabilities.execute_trajectory_action_capability]: Execution request received
[move_group-2] [INFO] [1787659304.767398490] [moveit.plugins.moveit_simple_controller_manager]: Returned 2 controllers in list
[move_group-2] [INFO] [1787659304.767408793] [moveit.plugins.moveit_simple_controller_manager]: Returned 2 controllers in list
[roarmserver-8] [INFO] [1787659304.767459285] [move_group_interface]: Execute request accepted
[move_group-2] [INFO] [1787659304.767483322] [moveit_ros.trajectory_execution_manager]: Validating trajectory with allowed_start_tolerance 0.01
[move_group-2] [INFO] [1787659304.774667240] [moveit_ros.trajectory_execution_manager]: Starting trajectory execution ...
[move_group-2] [INFO] [1787659304.774708123] [moveit.plugins.moveit_simple_controller_manager]: Returned 2 controllers in list
[move_group-2] [INFO] [1787659304.774719737] [moveit.plugins.moveit_simple_controller_manager]: Returned 2 controllers in list
[move_group-2] [INFO] [1787659304.774803120] [moveit.simple_controller_manager.follow_joint_trajectory_controller_handle]: sending trajectory to hand_controller
[ros2_control_node-4] [INFO] [1787659304.774977196] [hand_controller]: Received new action goal
[ros2_control_node-4] [INFO] [1787659304.775013339] [hand_controller]: Accepted new action goal
[move_group-2] [INFO] [1787659304.775261935] [moveit.simple_controller_manager.follow_joint_trajectory_controller_handle]: hand_controller started execution
[move_group-2] [INFO] [1787659304.775313976] [moveit.simple_controller_manager.follow_joint_trajectory_controller_handle]: Goal request accepted!
[ros2_control_node-4] [INFO] [1787659305.494312501] [hand_controller]: Goal reached, success!
[move_group-2] [INFO] [1787659305.515772018] [moveit.simple_controller_manager.follow_joint_trajectory_controller_handle]: Controller 'hand_controller' successfully finished
[move_group-2] [INFO] [1787659305.544439786] [moveit_ros.trajectory_execution_manager]: Completed trajectory execution with status SUCCEEDED ...
[move_group-2] [INFO] [1787659305.544566172] [moveit_move_group_default_capabilities.execute_trajectory_action_capability]: Execution completed: SUCCEEDED
[roarmserver-8] [INFO] [1787659305.544950383] [move_group_interface]: Execute request success!
[roarmserver-8] [INFO] [1787659305.546014828] [roarm_server]: MoveCircleCmd service executed successfully
[roarmserver-8] [INFO] [1787659305.546071969] [roarm_server]: BASE_JOINT_RAD: 0.624397, SHOULDER_JOINT_RAD: -0.447690, ELBOW_JOINT_RAD: 2.060787, WRIST_JOINT_RAD: -0.042302, ROLL_JOINT_RAD: -0.000009
[roarmserver-8] [INFO] [1787659305.546157372] [move_group_interface]: MoveGroup action client/server ready
[move_group-2] [INFO] [1787659305.546378613] [moveit_move_group_default_capabilities.move_action_capability]: Received request
[move_group-2] [INFO] [1787659305.546537214] [moveit_move_group_default_capabilities.move_action_capability]: executing..
[roarmserver-8] [INFO] [1787659305.546669625] [move_group_interface]: Planning request accepted
[move_group-2] [INFO] [1787659305.554534619] [moveit_move_group_default_capabilities.move_action_capability]: Planning request received for MoveGroup action. Forwarding to planning pipeline.
[move_group-2] [INFO] [1787659305.554977683] [moveit.ompl_planning.model_based_planning_context]: Planner configuration 'hand' will use planner 'geometric::RRTConnect'. Additional configuration parameters will be set when the planner is constructed.
[move_group-2] [INFO] [1787659305.576230338] [moveit_move_group_default_capabilities.move_action_capability]: Motion plan was computed successfully.
[roarmserver-8] [INFO] [1787659305.576604224] [move_group_interface]: Planning request complete!
[roarmserver-8] [INFO] [1787659305.576920283] [move_group_interface]: time taken to generate plan: 0.0208904 seconds
[move_group-2] [INFO] [1787659305.577108352] [moveit_move_group_default_capabilities.execute_trajectory_action_capability]: Received goal request
[move_group-2] [INFO] [1787659305.577235157] [moveit_move_group_default_capabilities.execute_trajectory_action_capability]: Execution request received
[move_group-2] [INFO] [1787659305.577251055] [moveit.plugins.moveit_simple_controller_manager]: Returned 2 controllers in list
[move_group-2] [INFO] [1787659305.577261675] [moveit.plugins.moveit_simple_controller_manager]: Returned 2 controllers in list
[move_group-2] [INFO] [1787659305.577304778] [moveit_ros.trajectory_execution_manager]: Validating trajectory with allowed_start_tolerance 0.01
[roarmserver-8] [INFO] [1787659305.577399374] [move_group_interface]: Execute request accepted
[move_group-2] [INFO] [1787659305.584463871] [moveit_ros.trajectory_execution_manager]: Starting trajectory execution ...
[move_group-2] [INFO] [1787659305.584504426] [moveit.plugins.moveit_simple_controller_manager]: Returned 2 controllers in list
[move_group-2] [INFO] [1787659305.584516061] [moveit.plugins.moveit_simple_controller_manager]: Returned 2 controllers in list
[move_group-2] [INFO] [1787659305.584592453] [moveit.simple_controller_manager.follow_joint_trajectory_controller_handle]: sending trajectory to hand_controller
[ros2_control_node-4] [INFO] [1787659305.584787895] [hand_controller]: Received new action goal
[ros2_control_node-4] [INFO] [1787659305.584818432] [hand_controller]: Accepted new action goal
[move_group-2] [INFO] [1787659305.584959818] [moveit.simple_controller_manager.follow_joint_trajectory_controller_handle]: hand_controller started execution
[move_group-2] [INFO] [1787659305.584987605] [moveit.simple_controller_manager.follow_joint_trajectory_controller_handle]: Goal request accepted!
[ros2_control_node-4] [INFO] [1787659306.274555899] [hand_controller]: Goal reached, success!
[move_group-2] [INFO] [1787659306.325696921] [moveit.simple_controller_manager.follow_joint_trajectory_controller_handle]: Controller 'hand_controller' successfully finished
[move_group-2] [INFO] [1787659306.354795419] [moveit_ros.trajectory_execution_manager]: Completed trajectory execution with status SUCCEEDED ...
[move_group-2] [INFO] [1787659306.354902761] [moveit_move_group_default_capabilities.execute_trajectory_action_capability]: Execution completed: SUCCEEDED
[roarmserver-8] [INFO] [1787659306.355426416] [move_group_interface]: Execute request success!
[roarmserver-8] [INFO] [1787659306.355890275] [roarm_server]: MoveCircleCmd service executed successfully
[roarmserver-8] [INFO] [1787659306.355945754] [roarm_server]: BASE_JOINT_RAD: 0.717009, SHOULDER_JOINT_RAD: -0.361921, ELBOW_JOINT_RAD: 2.020489, WRIST_JOINT_RAD: -0.087774, ROLL_JOINT_RAD: -0.000009
[roarmserver-8] [INFO] [1787659306.356033496] [move_group_interface]: MoveGroup action client/server ready
[move_group-2] [INFO] [1787659306.356269746] [moveit_move_group_default_capabilities.move_action_capability]: Received request
[roarmserver-8] [INFO] [1787659306.356404167] [move_group_interface]: Planning request accepted
[move_group-2] [INFO] [1787659306.356431795] [moveit_move_group_default_capabilities.move_action_capability]: executing..
[move_group-2] [INFO] [1787659306.364410927] [moveit_move_group_default_capabilities.move_action_capability]: Planning request received for MoveGroup action. Forwarding to planning pipeline.
[move_group-2] [INFO] [1787659306.364717403] [moveit.ompl_planning.model_based_planning_context]: Planner configuration 'hand' will use planner 'geometric::RRTConnect'. Additional configuration parameters will be set when the planner is constructed.
[move_group-2] [INFO] [1787659306.385670062] [moveit_move_group_default_capabilities.move_action_capability]: Motion plan was computed successfully.
[roarmserver-8] [INFO] [1787659306.386074291] [move_group_interface]: Planning request complete!
[roarmserver-8] [INFO] [1787659306.386676870] [move_group_interface]: time taken to generate plan: 0.0207172 seconds
[move_group-2] [INFO] [1787659306.386932711] [moveit_move_group_default_capabilities.execute_trajectory_action_capability]: Received goal request
[move_group-2] [INFO] [1787659306.387042675] [moveit_move_group_default_capabilities.execute_trajectory_action_capability]: Execution request received
[move_group-2] [INFO] [1787659306.387060065] [moveit.plugins.moveit_simple_controller_manager]: Returned 2 controllers in list
[move_group-2] [INFO] [1787659306.387070368] [moveit.plugins.moveit_simple_controller_manager]: Returned 2 controllers in list
[roarmserver-8] [INFO] [1787659306.387106755] [move_group_interface]: Execute request accepted
[move_group-2] [INFO] [1787659306.387144770] [moveit_ros.trajectory_execution_manager]: Validating trajectory with allowed_start_tolerance 0.01
[move_group-2] [INFO] [1787659306.394565850] [moveit_ros.trajectory_execution_manager]: Starting trajectory execution ...
[move_group-2] [INFO] [1787659306.394608012] [moveit.plugins.moveit_simple_controller_manager]: Returned 2 controllers in list
[move_group-2] [INFO] [1787659306.394619626] [moveit.plugins.moveit_simple_controller_manager]: Returned 2 controllers in list
[move_group-2] [INFO] [1787659306.394709589] [moveit.simple_controller_manager.follow_joint_trajectory_controller_handle]: sending trajectory to hand_controller
[ros2_control_node-4] [INFO] [1787659306.394902867] [hand_controller]: Received new action goal
[ros2_control_node-4] [INFO] [1787659306.394936494] [hand_controller]: Accepted new action goal
[move_group-2] [INFO] [1787659306.395105322] [moveit.simple_controller_manager.follow_joint_trajectory_controller_handle]: hand_controller started execution
[move_group-2] [INFO] [1787659306.395132876] [moveit.simple_controller_manager.follow_joint_trajectory_controller_handle]: Goal request accepted!
[ros2_control_node-4] [INFO] [1787659307.014533327] [hand_controller]: Goal reached, success!
[move_group-2] [INFO] [1787659307.030062817] [moveit.simple_controller_manager.follow_joint_trajectory_controller_handle]: Controller 'hand_controller' successfully finished
[move_group-2] [INFO] [1787659307.054838095] [moveit_ros.trajectory_execution_manager]: Completed trajectory execution with status SUCCEEDED ...
[move_group-2] [INFO] [1787659307.054958827] [moveit_move_group_default_capabilities.execute_trajectory_action_capability]: Execution completed: SUCCEEDED
[roarmserver-8] [INFO] [1787659307.055239864] [move_group_interface]: Execute request success!
[roarmserver-8] [INFO] [1787659307.055859901] [roarm_server]: MoveCircleCmd service executed successfully
[roarmserver-8] [INFO] [1787659307.055915814] [roarm_server]: BASE_JOINT_RAD: 0.785398, SHOULDER_JOINT_RAD: -0.258288, ELBOW_JOINT_RAD: 1.988515, WRIST_JOINT_RAD: -0.159433, ROLL_JOINT_RAD: -0.000009
[roarmserver-8] [INFO] [1787659307.056023516] [move_group_interface]: MoveGroup action client/server ready
[move_group-2] [INFO] [1787659307.056255123] [moveit_move_group_default_capabilities.move_action_capability]: Received request
[roarmserver-8] [INFO] [1787659307.056394557] [move_group_interface]: Planning request accepted
[move_group-2] [INFO] [1787659307.056422736] [moveit_move_group_default_capabilities.move_action_capability]: executing..
[move_group-2] [INFO] [1787659307.064404703] [moveit_move_group_default_capabilities.move_action_capability]: Planning request received for MoveGroup action. Forwarding to planning pipeline.
[move_group-2] [INFO] [1787659307.064698474] [moveit.ompl_planning.model_based_planning_context]: Planner configuration 'hand' will use planner 'geometric::RRTConnect'. Additional configuration parameters will be set when the planner is constructed.
[move_group-2] [INFO] [1787659307.076050170] [moveit_move_group_default_capabilities.move_action_capability]: Motion plan was computed successfully.
[roarmserver-8] [INFO] [1787659307.076398860] [move_group_interface]: Planning request complete!
[roarmserver-8] [INFO] [1787659307.076457926] [move_group_interface]: time taken to generate plan: 0.0111177 seconds
[move_group-2] [INFO] [1787659307.076627019] [moveit_move_group_default_capabilities.execute_trajectory_action_capability]: Received goal request
[roarmserver-8] [INFO] [1787659307.076744129] [move_group_interface]: Execute request accepted
[move_group-2] [INFO] [1787659307.076768463] [moveit_move_group_default_capabilities.execute_trajectory_action_capability]: Execution request received
[move_group-2] [INFO] [1787659307.076784435] [moveit.plugins.moveit_simple_controller_manager]: Returned 2 controllers in list
[move_group-2] [INFO] [1787659307.076794780] [moveit.plugins.moveit_simple_controller_manager]: Returned 2 controllers in list
[move_group-2] [INFO] [1787659307.076872113] [moveit_ros.trajectory_execution_manager]: Validating trajectory with allowed_start_tolerance 0.01
[move_group-2] [INFO] [1787659307.084562793] [moveit_ros.trajectory_execution_manager]: Starting trajectory execution ...
[move_group-2] [INFO] [1787659307.084607779] [moveit.plugins.moveit_simple_controller_manager]: Returned 2 controllers in list
[move_group-2] [INFO] [1787659307.084619774] [moveit.plugins.moveit_simple_controller_manager]: Returned 2 controllers in list
[move_group-2] [INFO] [1787659307.084698916] [moveit.simple_controller_manager.follow_joint_trajectory_controller_handle]: sending trajectory to hand_controller
[ros2_control_node-4] [INFO] [1787659307.084864107] [hand_controller]: Received new action goal
[ros2_control_node-4] [INFO] [1787659307.084893724] [hand_controller]: Accepted new action goal
[move_group-2] [INFO] [1787659307.085033035] [moveit.simple_controller_manager.follow_joint_trajectory_controller_handle]: hand_controller started execution
[move_group-2] [INFO] [1787659307.085044216] [moveit.simple_controller_manager.follow_joint_trajectory_controller_handle]: Goal request accepted!
[ros2_control_node-4] [INFO] [1787659307.744189882] [hand_controller]: Goal reached, success!
[move_group-2] [INFO] [1787659307.772841508] [moveit.simple_controller_manager.follow_joint_trajectory_controller_handle]: Controller 'hand_controller' successfully finished
[move_group-2] [INFO] [1787659307.794619775] [moveit_ros.trajectory_execution_manager]: Completed trajectory execution with status SUCCEEDED ...
[move_group-2] [INFO] [1787659307.794716687] [moveit_move_group_default_capabilities.execute_trajectory_action_capability]: Execution completed: SUCCEEDED
[roarmserver-8] [INFO] [1787659307.795291299] [move_group_interface]: Execute request success!
[roarmserver-8] [INFO] [1787659307.795690239] [roarm_server]: MoveCircleCmd service executed successfully
[roarmserver-8] [INFO] [1787659312.352932365] [moveit_rdf_loader.rdf_loader]: Loaded robot model in 0.99247 seconds
[roarmserver-8] [INFO] [1787659312.352975231] [moveit_robot_model.robot_model]: Loading robot model 'roarm_m3'...
[roarmserver-8] [INFO] [1787659312.352980604] [moveit_robot_model.robot_model]: No root/virtual joint specified in SRDF. Assuming fixed joint
[roarmserver-8] [WARN] [1787659312.383547533] [moveit_ros.robot_model_loader]: No kinematics plugins defined. Fill and load kinematics.yaml!
[roarmserver-8] [INFO] [1787659312.398619252] [move_group_interface]: Ready to take commands for planning group hand.
[roarmserver-8] [INFO] [1787659312.398666317] [move_joint_cmd_service_node]: BASE_JOINT_RAD: 0.000000, SHOULDER_JOINT_RAD: -0.000057, ELBOW_JOINT_RAD: 2.618064, WRIST_JOINT_RAD: -1.047211, ROLL_JOINT_RAD: 0.000000
[roarmserver-8] [INFO] [1787659312.398706434] [move_joint_cmd_service_node]: x: 0.273900, y: 0.000000, z: 0.098000, roll: 0.000000, pitch: 0.000000
[roarmserver-8] [INFO] [1787659312.398739887] [move_group_interface]: MoveGroup action client/server ready
[move_group-2] [INFO] [1787659312.398998386] [moveit_move_group_default_capabilities.move_action_capability]: Received request
[roarmserver-8] [INFO] [1787659312.399137006] [move_group_interface]: Planning request accepted
[move_group-2] [INFO] [1787659312.399161105] [moveit_move_group_default_capabilities.move_action_capability]: executing..
[move_group-2] [INFO] [1787659312.404431866] [moveit_move_group_default_capabilities.move_action_capability]: Planning request received for MoveGroup action. Forwarding to planning pipeline.
[move_group-2] [INFO] [1787659312.404844041] [moveit.ompl_planning.model_based_planning_context]: Planner configuration 'hand' will use planner 'geometric::RRTConnect'. Additional configuration parameters will be set when the planner is constructed.
[move_group-2] [INFO] [1787659312.426541680] [moveit_move_group_default_capabilities.move_action_capability]: Motion plan was computed successfully.
[roarmserver-8] [INFO] [1787659312.427051771] [move_group_interface]: Planning request complete!
[roarmserver-8] [INFO] [1787659312.427164812] [move_group_interface]: time taken to generate plan: 0.0210813 seconds
[move_group-2] [INFO] [1787659312.427360603] [moveit_move_group_default_capabilities.execute_trajectory_action_capability]: Received goal request
[move_group-2] [INFO] [1787659312.427460127] [moveit_move_group_default_capabilities.execute_trajectory_action_capability]: Execution request received
[move_group-2] [INFO] [1787659312.427496679] [moveit.plugins.moveit_simple_controller_manager]: Returned 2 controllers in list
[move_group-2] [INFO] [1787659312.427509255] [moveit.plugins.moveit_simple_controller_manager]: Returned 2 controllers in list
[roarmserver-8] [INFO] [1787659312.427563348] [move_group_interface]: Execute request accepted
[move_group-2] [INFO] [1787659312.427592301] [moveit_ros.trajectory_execution_manager]: Validating trajectory with allowed_start_tolerance 0.01
[move_group-2] [INFO] [1787659312.434729835] [moveit_ros.trajectory_execution_manager]: Starting trajectory execution ...
[move_group-2] [INFO] [1787659312.434772659] [moveit.plugins.moveit_simple_controller_manager]: Returned 2 controllers in list
[move_group-2] [INFO] [1787659312.434784536] [moveit.plugins.moveit_simple_controller_manager]: Returned 2 controllers in list
[move_group-2] [INFO] [1787659312.434856139] [moveit.simple_controller_manager.follow_joint_trajectory_controller_handle]: sending trajectory to hand_controller
[ros2_control_node-4] [INFO] [1787659312.435182020] [hand_controller]: Received new action goal
[ros2_control_node-4] [INFO] [1787659312.435232058] [hand_controller]: Accepted new action goal
[move_group-2] [INFO] [1787659312.435425390] [moveit.simple_controller_manager.follow_joint_trajectory_controller_handle]: hand_controller started execution
[move_group-2] [INFO] [1787659312.435436082] [moveit.simple_controller_manager.follow_joint_trajectory_controller_handle]: Goal request accepted!
[ros2_control_node-4] [INFO] [1787659314.334542676] [hand_controller]: Goal reached, success!
[move_group-2] [INFO] [1787659314.339456487] [moveit.simple_controller_manager.follow_joint_trajectory_controller_handle]: Controller 'hand_controller' successfully finished
[move_group-2] [INFO] [1787659314.364907949] [moveit_ros.trajectory_execution_manager]: Completed trajectory execution with status SUCCEEDED ...
[move_group-2] [INFO] [1787659314.365024248] [moveit_move_group_default_capabilities.execute_trajectory_action_capability]: Execution completed: SUCCEEDED
[roarmserver-8] [INFO] [1787659314.365634038] [move_group_interface]: Execute request success!
[roarmserver-8] [INFO] [1787659314.366150137] [move_joint_cmd_service_node]: MoveJointCmd service executed successfully
[roarmserver-8] [INFO] [1787659317.061027980] [moveit_rdf_loader.rdf_loader]: Loaded robot model in 0.0622565 seconds
[roarmserver-8] [INFO] [1787659317.061071848] [moveit_robot_model.robot_model]: Loading robot model 'roarm_m3'...
[roarmserver-8] [INFO] [1787659317.061077534] [moveit_robot_model.robot_model]: No root/virtual joint specified in SRDF. Assuming fixed joint
[roarmserver-8] [WARN] [1787659317.086730732] [moveit_ros.robot_model_loader]: No kinematics plugins defined. Fill and load kinematics.yaml!
[roarmserver-8] [INFO] [1787659317.101784093] [move_group_interface]: Ready to take commands for planning group hand.
[roarmserver-8] [INFO] [1787659317.101823734] [roarm_server]: start_pose: x: 273.899989, y: -0.010725, z: 97.968310
[roarmserver-8] [INFO] [1787659317.101890948] [roarm_server]: BASE_JOINT_RAD: -0.000039, SHOULDER_JOINT_RAD: -0.000001, ELBOW_JOINT_RAD: 2.618099, WRIST_JOINT_RAD: -1.047164, ROLL_JOINT_RAD: 0.000093
[roarmserver-8] [INFO] [1787659317.101921808] [move_group_interface]: MoveGroup action client/server ready
[move_group-2] [INFO] [1787659317.102152068] [moveit_move_group_default_capabilities.move_action_capability]: Received request
[roarmserver-8] [INFO] [1787659317.102288213] [move_group_interface]: Planning request accepted
[move_group-2] [INFO] [1787659317.102328610] [moveit_move_group_default_capabilities.move_action_capability]: executing..
[move_group-2] [INFO] [1787659317.102439195] [moveit_move_group_default_capabilities.move_action_capability]: Planning request received for MoveGroup action. Forwarding to planning pipeline.
[move_group-2] [INFO] [1787659317.102736553] [moveit.ompl_planning.model_based_planning_context]: Planner configuration 'hand' will use planner 'geometric::RRTConnect'. Additional configuration parameters will be set when the planner is constructed.
[move_group-2] [INFO] [1787659317.113935630] [moveit_move_group_default_capabilities.move_action_capability]: Motion plan was computed successfully.
[roarmserver-8] [INFO] [1787659317.114278358] [move_group_interface]: Planning request complete!
[roarmserver-8] [INFO] [1787659317.114433964] [move_group_interface]: time taken to generate plan: 0.0110576 seconds
[move_group-2] [INFO] [1787659317.114600519] [moveit_move_group_default_capabilities.execute_trajectory_action_capability]: Received goal request
[roarmserver-8] [INFO] [1787659317.114729858] [move_group_interface]: Execute request accepted
[move_group-2] [INFO] [1787659317.114760755] [moveit_move_group_default_capabilities.execute_trajectory_action_capability]: Execution request received
[move_group-2] [INFO] [1787659317.114780538] [moveit.plugins.moveit_simple_controller_manager]: Returned 2 controllers in list
[move_group-2] [INFO] [1787659317.114792555] [moveit.plugins.moveit_simple_controller_manager]: Returned 2 controllers in list
[move_group-2] [INFO] [1787659317.114866564] [moveit_ros.trajectory_execution_manager]: Validating trajectory with allowed_start_tolerance 0.01
[move_group-2] [INFO] [1787659317.114955257] [moveit_ros.trajectory_execution_manager]: Starting trajectory execution ...
[move_group-2] [INFO] [1787659317.114978063] [moveit.plugins.moveit_simple_controller_manager]: Returned 2 controllers in list
[move_group-2] [INFO] [1787659317.114987184] [moveit.plugins.moveit_simple_controller_manager]: Returned 2 controllers in list
[move_group-2] [INFO] [1787659317.115048913] [moveit.simple_controller_manager.follow_joint_trajectory_controller_handle]: sending trajectory to hand_controller
[ros2_control_node-4] [INFO] [1787659317.115213249] [hand_controller]: Received new action goal
[ros2_control_node-4] [INFO] [1787659317.115252118] [hand_controller]: Accepted new action goal
[move_group-2] [INFO] [1787659317.115394118] [moveit.simple_controller_manager.follow_joint_trajectory_controller_handle]: hand_controller started execution
[move_group-2] [INFO] [1787659317.115421765] [moveit.simple_controller_manager.follow_joint_trajectory_controller_handle]: Goal request accepted!
[move_group-2] [WARN] [1787659317.615892320] [moveit.simple_controller_manager.follow_joint_trajectory_controller_handle]: waitForExecution timed out
[move_group-2] [ERROR] [1787659317.615941420] [moveit_ros.trajectory_execution_manager]: Controller is taking too long to execute trajectory (the expected upper bound for the trajectory execution was 0.500000 seconds). Stopping trajectory.
[move_group-2] [INFO] [1787659317.615977722] [moveit.simple_controller_manager.follow_joint_trajectory_controller_handle]: Cancelling execution for hand_controller
[ros2_control_node-4] [INFO] [1787659317.616211903] [hand_controller]: Got request to cancel goal
[ros2_control_node-4] [INFO] [1787659317.616258033] [hand_controller]: Canceling active action goal because cancel callback received.
[move_group-2] [INFO] [1787659317.616578356] [moveit_ros.trajectory_execution_manager]: Completed trajectory execution with status TIMED_OUT ...
[move_group-2] [INFO] [1787659317.616673945] [moveit_move_group_default_capabilities.execute_trajectory_action_capability]: Execution completed: TIMED_OUT
[roarmserver-8] [INFO] [1787659317.616935143] [move_group_interface]: Execute request aborted
[roarmserver-8] [ERROR] [1787659317.617865174] [move_group_interface]: MoveGroupInterface::execute() failed or timeout reached
[roarmserver-8] [INFO] [1787659317.617915468] [roarm_server]: MoveCircleCmd service executed successfully
[roarmserver-8] [INFO] [1787659317.617947141] [roarm_server]: BASE_JOINT_RAD: 0.024294, SHOULDER_JOINT_RAD: -0.196192, ELBOW_JOINT_RAD: 2.556380, WRIST_JOINT_RAD: -0.789255, ROLL_JOINT_RAD: 0.000093
[roarmserver-8] [INFO] [1787659317.618034878] [move_group_interface]: MoveGroup action client/server ready
[move_group-2] [INFO] [1787659317.618293757] [moveit_move_group_default_capabilities.move_action_capability]: Received request
[roarmserver-8] [INFO] [1787659317.618439704] [move_group_interface]: Planning request accepted
[move_group-2] [INFO] [1787659317.618460080] [moveit_move_group_default_capabilities.move_action_capability]: executing..
[move_group-2] [INFO] [1787659317.618539997] [moveit_move_group_default_capabilities.move_action_capability]: Planning request received for MoveGroup action. Forwarding to planning pipeline.
[move_group-2] [INFO] [1787659317.618823743] [moveit.ompl_planning.model_based_planning_context]: Planner configuration 'hand' will use planner 'geometric::RRTConnect'. Additional configuration parameters will be set when the planner is constructed.
[move_group-2] [INFO] [1787659317.630154542] [moveit_move_group_default_capabilities.move_action_capability]: Motion plan was computed successfully.
[roarmserver-8] [INFO] [1787659317.630510780] [move_group_interface]: Planning request complete!
[roarmserver-8] [INFO] [1787659317.630611935] [move_group_interface]: time taken to generate plan: 0.0110084 seconds
[move_group-2] [INFO] [1787659317.630798475] [moveit_move_group_default_capabilities.execute_trajectory_action_capability]: Received goal request
[move_group-2] [INFO] [1787659317.630923993] [moveit_move_group_default_capabilities.execute_trajectory_action_capability]: Execution request received
[move_group-2] [INFO] [1787659317.630940216] [moveit.plugins.moveit_simple_controller_manager]: Returned 2 controllers in list
[move_group-2] [INFO] [1787659317.630950298] [moveit.plugins.moveit_simple_controller_manager]: Returned 2 controllers in list
[roarmserver-8] [INFO] [1787659317.630989305] [move_group_interface]: Execute request accepted
[move_group-2] [INFO] [1787659317.631032603] [moveit_ros.trajectory_execution_manager]: Validating trajectory with allowed_start_tolerance 0.01
[move_group-2] [INFO] [1787659317.631115368] [moveit_ros.trajectory_execution_manager]: Starting trajectory execution ...
[move_group-2] [INFO] [1787659317.631137033] [moveit.plugins.moveit_simple_controller_manager]: Returned 2 controllers in list
[move_group-2] [INFO] [1787659317.631147231] [moveit.plugins.moveit_simple_controller_manager]: Returned 2 controllers in list
[move_group-2] [INFO] [1787659317.631220627] [moveit.simple_controller_manager.follow_joint_trajectory_controller_handle]: sending trajectory to hand_controller
[ros2_control_node-4] [INFO] [1787659317.631396382] [hand_controller]: Received new action goal
[ros2_control_node-4] [INFO] [1787659317.631443960] [hand_controller]: Accepted new action goal
[move_group-2] [INFO] [1787659317.631589848] [moveit.simple_controller_manager.follow_joint_trajectory_controller_handle]: hand_controller started execution
[move_group-2] [INFO] [1787659317.631600131] [moveit.simple_controller_manager.follow_joint_trajectory_controller_handle]: Goal request accepted!
[move_group-2] [INFO] [1787659317.631712414] [moveit.simple_controller_manager.follow_joint_trajectory_controller_handle]: Controller 'hand_controller' successfully finished
[ros2_control_node-4] [INFO] [1787659318.924245270] [hand_controller]: Goal reached, success!
[move_group-2] [INFO] [1787659318.953016536] [moveit.simple_controller_manager.follow_joint_trajectory_controller_handle]: Controller 'hand_controller' successfully finished
[move_group-2] [INFO] [1787659318.974367708] [moveit_ros.trajectory_execution_manager]: Completed trajectory execution with status SUCCEEDED ...
[move_group-2] [INFO] [1787659318.974466965] [moveit_move_group_default_capabilities.execute_trajectory_action_capability]: Execution completed: SUCCEEDED
[roarmserver-8] [INFO] [1787659318.974959983] [move_group_interface]: Execute request success!
[roarmserver-8] [INFO] [1787659318.975763950] [roarm_server]: MoveCircleCmd service executed successfully
[roarmserver-8] [INFO] [1787659318.975818694] [roarm_server]: BASE_JOINT_RAD: 0.075607, SHOULDER_JOINT_RAD: -0.355844, ELBOW_JOINT_RAD: 2.468360, WRIST_JOINT_RAD: -0.541583, ROLL_JOINT_RAD: 0.000093
[roarmserver-8] [INFO] [1787659318.975909538] [move_group_interface]: MoveGroup action client/server ready
[move_group-2] [INFO] [1787659318.976130043] [moveit_move_group_default_capabilities.move_action_capability]: Received request
[roarmserver-8] [INFO] [1787659318.976275938] [move_group_interface]: Planning request accepted
[move_group-2] [INFO] [1787659318.976317724] [moveit_move_group_default_capabilities.move_action_capability]: executing..
[move_group-2] [INFO] [1787659318.984511792] [moveit_move_group_default_capabilities.move_action_capability]: Planning request received for MoveGroup action. Forwarding to planning pipeline.
[move_group-2] [INFO] [1787659318.984850176] [moveit.ompl_planning.model_based_planning_context]: Planner configuration 'hand' will use planner 'geometric::RRTConnect'. Additional configuration parameters will be set when the planner is constructed.
[move_group-2] [INFO] [1787659318.996272930] [moveit_move_group_default_capabilities.move_action_capability]: Motion plan was computed successfully.
[roarmserver-8] [INFO] [1787659318.996669270] [move_group_interface]: Planning request complete!
[roarmserver-8] [INFO] [1787659318.997570887] [move_group_interface]: time taken to generate plan: 0.011032 seconds
[move_group-2] [INFO] [1787659318.997807240] [moveit_move_group_default_capabilities.execute_trajectory_action_capability]: Received goal request
[move_group-2] [INFO] [1787659318.998019651] [moveit_move_group_default_capabilities.execute_trajectory_action_capability]: Execution request received
[move_group-2] [INFO] [1787659318.998078209] [moveit.plugins.moveit_simple_controller_manager]: Returned 2 controllers in list
[move_group-2] [INFO] [1787659318.998089263] [moveit.plugins.moveit_simple_controller_manager]: Returned 2 controllers in list
[roarmserver-8] [INFO] [1787659318.998103927] [move_group_interface]: Execute request accepted
[move_group-2] [INFO] [1787659318.998169265] [moveit_ros.trajectory_execution_manager]: Validating trajectory with allowed_start_tolerance 0.01
[move_group-2] [INFO] [1787659319.004447173] [moveit_ros.trajectory_execution_manager]: Starting trajectory execution ...
[move_group-2] [INFO] [1787659319.004496199] [moveit.plugins.moveit_simple_controller_manager]: Returned 2 controllers in list
[move_group-2] [INFO] [1787659319.004507317] [moveit.plugins.moveit_simple_controller_manager]: Returned 2 controllers in list
[move_group-2] [INFO] [1787659319.004584327] [moveit.simple_controller_manager.follow_joint_trajectory_controller_handle]: sending trajectory to hand_controller
[ros2_control_node-4] [INFO] [1787659319.004779205] [hand_controller]: Received new action goal
[ros2_control_node-4] [INFO] [1787659319.004828569] [hand_controller]: Accepted new action goal
[move_group-2] [INFO] [1787659319.004968433] [moveit.simple_controller_manager.follow_joint_trajectory_controller_handle]: hand_controller started execution
[move_group-2] [INFO] [1787659319.004979477] [moveit.simple_controller_manager.follow_joint_trajectory_controller_handle]: Goal request accepted!
[ros2_control_node-4] [INFO] [1787659320.014129340] [hand_controller]: Goal reached, success!
[move_group-2] [INFO] [1787659320.062014540] [moveit.simple_controller_manager.follow_joint_trajectory_controller_handle]: Controller 'hand_controller' successfully finished
[move_group-2] [INFO] [1787659320.084482497] [moveit_ros.trajectory_execution_manager]: Completed trajectory execution with status SUCCEEDED ...
[move_group-2] [INFO] [1787659320.084634955] [moveit_move_group_default_capabilities.execute_trajectory_action_capability]: Execution completed: SUCCEEDED
[roarmserver-8] [INFO] [1787659320.084965296] [move_group_interface]: Execute request success!
[roarmserver-8] [INFO] [1787659320.086026694] [roarm_server]: MoveCircleCmd service executed successfully
[roarmserver-8] [INFO] [1787659320.086082368] [roarm_server]: BASE_JOINT_RAD: 0.155603, SHOULDER_JOINT_RAD: -0.465976, ELBOW_JOINT_RAD: 2.368819, WRIST_JOINT_RAD: -0.331911, ROLL_JOINT_RAD: 0.000093
[roarmserver-8] [INFO] [1787659320.086171764] [move_group_interface]: MoveGroup action client/server ready
[move_group-2] [INFO] [1787659320.086408905] [moveit_move_group_default_capabilities.move_action_capability]: Received request
[roarmserver-8] [INFO] [1787659320.086551950] [move_group_interface]: Planning request accepted
[move_group-2] [INFO] [1787659320.086577256] [moveit_move_group_default_capabilities.move_action_capability]: executing..
[move_group-2] [INFO] [1787659320.094341514] [moveit_move_group_default_capabilities.move_action_capability]: Planning request received for MoveGroup action. Forwarding to planning pipeline.
[move_group-2] [INFO] [1787659320.094645107] [moveit.ompl_planning.model_based_planning_context]: Planner configuration 'hand' will use planner 'geometric::RRTConnect'. Additional configuration parameters will be set when the planner is constructed.
[move_group-2] [INFO] [1787659320.116101169] [moveit_move_group_default_capabilities.move_action_capability]: Motion plan was computed successfully.
[roarmserver-8] [INFO] [1787659320.116462481] [move_group_interface]: Planning request complete!
[roarmserver-8] [INFO] [1787659320.116927816] [move_group_interface]: time taken to generate plan: 0.0211603 seconds
[move_group-2] [INFO] [1787659320.117176549] [moveit_move_group_default_capabilities.execute_trajectory_action_capability]: Received goal request
[move_group-2] [INFO] [1787659320.117289661] [moveit_move_group_default_capabilities.execute_trajectory_action_capability]: Execution request received
[move_group-2] [INFO] [1787659320.117307405] [moveit.plugins.moveit_simple_controller_manager]: Returned 2 controllers in list
[move_group-2] [INFO] [1787659320.117318005] [moveit.plugins.moveit_simple_controller_manager]: Returned 2 controllers in list
[roarmserver-8] [INFO] [1787659320.117364790] [move_group_interface]: Execute request accepted
[move_group-2] [INFO] [1787659320.117392194] [moveit_ros.trajectory_execution_manager]: Validating trajectory with allowed_start_tolerance 0.01
[move_group-2] [INFO] [1787659320.124561599] [moveit_ros.trajectory_execution_manager]: Starting trajectory execution ...
[move_group-2] [INFO] [1787659320.124605130] [moveit.plugins.moveit_simple_controller_manager]: Returned 2 controllers in list
[move_group-2] [INFO] [1787659320.124615962] [moveit.plugins.moveit_simple_controller_manager]: Returned 2 controllers in list
[move_group-2] [INFO] [1787659320.124693448] [moveit.simple_controller_manager.follow_joint_trajectory_controller_handle]: sending trajectory to hand_controller
[ros2_control_node-4] [INFO] [1787659320.124875961] [hand_controller]: Received new action goal
[ros2_control_node-4] [INFO] [1787659320.124925156] [hand_controller]: Accepted new action goal
[move_group-2] [INFO] [1787659320.125072213] [moveit.simple_controller_manager.follow_joint_trajectory_controller_handle]: hand_controller started execution
[move_group-2] [INFO] [1787659320.125082866] [moveit.simple_controller_manager.follow_joint_trajectory_controller_handle]: Goal request accepted!
[ros2_control_node-4] [INFO] [1787659321.054601885] [hand_controller]: Goal reached, success!
[move_group-2] [INFO] [1787659321.076547133] [moveit.simple_controller_manager.follow_joint_trajectory_controller_handle]: Controller 'hand_controller' successfully finished
[move_group-2] [INFO] [1787659321.104720952] [moveit_ros.trajectory_execution_manager]: Completed trajectory execution with status SUCCEEDED ...
[move_group-2] [INFO] [1787659321.104840183] [moveit_move_group_default_capabilities.execute_trajectory_action_capability]: Execution completed: SUCCEEDED
[roarmserver-8] [INFO] [1787659321.105140674] [move_group_interface]: Execute request success!
[roarmserver-8] [INFO] [1787659321.105339880] [roarm_server]: MoveCircleCmd service executed successfully
[roarmserver-8] [INFO] [1787659321.105395226] [roarm_server]: BASE_JOINT_RAD: 0.261663, SHOULDER_JOINT_RAD: -0.524895, ELBOW_JOINT_RAD: 2.270844, WRIST_JOINT_RAD: -0.175016, ROLL_JOINT_RAD: 0.000093
[roarmserver-8] [INFO] [1787659321.105492496] [move_group_interface]: MoveGroup action client/server ready
[move_group-2] [INFO] [1787659321.105820565] [moveit_move_group_default_capabilities.move_action_capability]: Received request
[roarmserver-8] [INFO] [1787659321.105983061] [move_group_interface]: Planning request accepted
[move_group-2] [INFO] [1787659321.105996948] [moveit_move_group_default_capabilities.move_action_capability]: executing..
[move_group-2] [INFO] [1787659321.114361683] [moveit_move_group_default_capabilities.move_action_capability]: Planning request received for MoveGroup action. Forwarding to planning pipeline.
[move_group-2] [INFO] [1787659321.114674650] [moveit.ompl_planning.model_based_planning_context]: Planner configuration 'hand' will use planner 'geometric::RRTConnect'. Additional configuration parameters will be set when the planner is constructed.
[move_group-2] [INFO] [1787659321.125999256] [moveit_move_group_default_capabilities.move_action_capability]: Motion plan was computed successfully.
[roarmserver-8] [INFO] [1787659321.126414212] [move_group_interface]: Planning request complete!
[roarmserver-8] [INFO] [1787659321.127082900] [move_group_interface]: time taken to generate plan: 0.0110779 seconds
[move_group-2] [INFO] [1787659321.127288526] [moveit_move_group_default_capabilities.execute_trajectory_action_capability]: Received goal request
[move_group-2] [INFO] [1787659321.127415366] [moveit_move_group_default_capabilities.execute_trajectory_action_capability]: Execution request received
[move_group-2] [INFO] [1787659321.127431154] [moveit.plugins.moveit_simple_controller_manager]: Returned 2 controllers in list
[move_group-2] [INFO] [1787659321.127442124] [moveit.plugins.moveit_simple_controller_manager]: Returned 2 controllers in list
[roarmserver-8] [INFO] [1787659321.127471124] [move_group_interface]: Execute request accepted
[move_group-2] [INFO] [1787659321.127518818] [moveit_ros.trajectory_execution_manager]: Validating trajectory with allowed_start_tolerance 0.01
[move_group-2] [INFO] [1787659321.134521779] [moveit_ros.trajectory_execution_manager]: Starting trajectory execution ...
[move_group-2] [INFO] [1787659321.134571207] [moveit.plugins.moveit_simple_controller_manager]: Returned 2 controllers in list
[move_group-2] [INFO] [1787659321.134583804] [moveit.plugins.moveit_simple_controller_manager]: Returned 2 controllers in list
[move_group-2] [INFO] [1787659321.134662696] [moveit.simple_controller_manager.follow_joint_trajectory_controller_handle]: sending trajectory to hand_controller
[ros2_control_node-4] [INFO] [1787659321.134887244] [hand_controller]: Received new action goal
[ros2_control_node-4] [INFO] [1787659321.134968662] [hand_controller]: Accepted new action goal
[move_group-2] [INFO] [1787659321.135141351] [moveit.simple_controller_manager.follow_joint_trajectory_controller_handle]: hand_controller started execution
[move_group-2] [INFO] [1787659321.135152437] [moveit.simple_controller_manager.follow_joint_trajectory_controller_handle]: Goal request accepted!
[ros2_control_node-4] [INFO] [1787659321.944251978] [hand_controller]: Goal reached, success!
[move_group-2] [INFO] [1787659321.980938835] [moveit.simple_controller_manager.follow_joint_trajectory_controller_handle]: Controller 'hand_controller' successfully finished
[move_group-2] [INFO] [1787659322.004556583] [moveit_ros.trajectory_execution_manager]: Completed trajectory execution with status SUCCEEDED ...
[move_group-2] [INFO] [1787659322.004666493] [moveit_move_group_default_capabilities.execute_trajectory_action_capability]: Execution completed: SUCCEEDED
[roarmserver-8] [INFO] [1787659322.005063794] [move_group_interface]: Execute request success!
[roarmserver-8] [INFO] [1787659322.005620095] [roarm_server]: MoveCircleCmd service executed successfully
[roarmserver-8] [INFO] [1787659322.005706585] [roarm_server]: BASE_JOINT_RAD: 0.384744, SHOULDER_JOINT_RAD: -0.536853, ELBOW_JOINT_RAD: 2.184208, WRIST_JOINT_RAD: -0.076422, ROLL_JOINT_RAD: 0.000093
[roarmserver-8] [INFO] [1787659322.005806951] [move_group_interface]: MoveGroup action client/server ready
[move_group-2] [INFO] [1787659322.006056340] [moveit_move_group_default_capabilities.move_action_capability]: Received request
[roarmserver-8] [INFO] [1787659322.006194065] [move_group_interface]: Planning request accepted
[move_group-2] [INFO] [1787659322.006223107] [moveit_move_group_default_capabilities.move_action_capability]: executing..
[move_group-2] [INFO] [1787659322.014346379] [moveit_move_group_default_capabilities.move_action_capability]: Planning request received for MoveGroup action. Forwarding to planning pipeline.
[move_group-2] [INFO] [1787659322.014657644] [moveit.ompl_planning.model_based_planning_context]: Planner configuration 'hand' will use planner 'geometric::RRTConnect'. Additional configuration parameters will be set when the planner is constructed.
[move_group-2] [INFO] [1787659322.026060794] [moveit_move_group_default_capabilities.move_action_capability]: Motion plan was computed successfully.
[roarmserver-8] [INFO] [1787659322.026524421] [move_group_interface]: Planning request complete!
[roarmserver-8] [INFO] [1787659322.027392933] [move_group_interface]: time taken to generate plan: 0.0111228 seconds
[move_group-2] [INFO] [1787659322.027682265] [moveit_move_group_default_capabilities.execute_trajectory_action_capability]: Received goal request
[move_group-2] [INFO] [1787659322.027815720] [moveit_move_group_default_capabilities.execute_trajectory_action_capability]: Execution request received
[move_group-2] [INFO] [1787659322.027839520] [moveit.plugins.moveit_simple_controller_manager]: Returned 2 controllers in list
[move_group-2] [INFO] [1787659322.027877724] [moveit.plugins.moveit_simple_controller_manager]: Returned 2 controllers in list
[roarmserver-8] [INFO] [1787659322.027908013] [move_group_interface]: Execute request accepted
[move_group-2] [INFO] [1787659322.028002101] [moveit_ros.trajectory_execution_manager]: Validating trajectory with allowed_start_tolerance 0.01
[move_group-2] [INFO] [1787659322.034609849] [moveit_ros.trajectory_execution_manager]: Starting trajectory execution ...
[move_group-2] [INFO] [1787659322.034663429] [moveit.plugins.moveit_simple_controller_manager]: Returned 2 controllers in list
[move_group-2] [INFO] [1787659322.034677232] [moveit.plugins.moveit_simple_controller_manager]: Returned 2 controllers in list
[move_group-2] [INFO] [1787659322.034764916] [moveit.simple_controller_manager.follow_joint_trajectory_controller_handle]: sending trajectory to hand_controller
[ros2_control_node-4] [INFO] [1787659322.034967075] [hand_controller]: Received new action goal
[ros2_control_node-4] [INFO] [1787659322.035021322] [hand_controller]: Accepted new action goal
[move_group-2] [INFO] [1787659322.035185849] [moveit.simple_controller_manager.follow_joint_trajectory_controller_handle]: hand_controller started execution
[move_group-2] [INFO] [1787659322.035203698] [moveit.simple_controller_manager.follow_joint_trajectory_controller_handle]: Goal request accepted!
[ros2_control_node-4] [INFO] [1787659322.754134395] [hand_controller]: Goal reached, success!
[move_group-2] [INFO] [1787659322.775159105] [moveit.simple_controller_manager.follow_joint_trajectory_controller_handle]: Controller 'hand_controller' successfully finished
[move_group-2] [INFO] [1787659322.804451638] [moveit_ros.trajectory_execution_manager]: Completed trajectory execution with status SUCCEEDED ...
[move_group-2] [INFO] [1787659322.804580317] [moveit_move_group_default_capabilities.execute_trajectory_action_capability]: Execution completed: SUCCEEDED
[roarmserver-8] [INFO] [1787659322.804894193] [move_group_interface]: Execute request success!
[roarmserver-8] [INFO] [1787659322.805319700] [roarm_server]: MoveCircleCmd service executed successfully
[roarmserver-8] [INFO] [1787659322.805375046] [roarm_server]: BASE_JOINT_RAD: 0.510476, SHOULDER_JOINT_RAD: -0.508575, ELBOW_JOINT_RAD: 2.114093, WRIST_JOINT_RAD: -0.034584, ROLL_JOINT_RAD: 0.000093
[roarmserver-8] [INFO] [1787659322.805461927] [move_group_interface]: MoveGroup action client/server ready
[move_group-2] [INFO] [1787659322.805680014] [moveit_move_group_default_capabilities.move_action_capability]: Received request
[roarmserver-8] [INFO] [1787659322.805829639] [move_group_interface]: Planning request accepted
[move_group-2] [INFO] [1787659322.805857412] [moveit_move_group_default_capabilities.move_action_capability]: executing..
[move_group-2] [INFO] [1787659322.814387370] [moveit_move_group_default_capabilities.move_action_capability]: Planning request received for MoveGroup action. Forwarding to planning pipeline.
[move_group-2] [INFO] [1787659322.814690192] [moveit.ompl_planning.model_based_planning_context]: Planner configuration 'hand' will use planner 'geometric::RRTConnect'. Additional configuration parameters will be set when the planner is constructed.
[move_group-2] [INFO] [1787659322.835971539] [moveit_move_group_default_capabilities.move_action_capability]: Motion plan was computed successfully.
[roarmserver-8] [INFO] [1787659322.836346235] [move_group_interface]: Planning request complete!
[roarmserver-8] [INFO] [1787659322.837127586] [move_group_interface]: time taken to generate plan: 0.0209938 seconds
[move_group-2] [INFO] [1787659322.837340493] [moveit_move_group_default_capabilities.execute_trajectory_action_capability]: Received goal request
[move_group-2] [INFO] [1787659322.837436812] [moveit_move_group_default_capabilities.execute_trajectory_action_capability]: Execution request received
[move_group-2] [INFO] [1787659322.837455412] [moveit.plugins.moveit_simple_controller_manager]: Returned 2 controllers in list
[move_group-2] [INFO] [1787659322.837467840] [moveit.plugins.moveit_simple_controller_manager]: Returned 2 controllers in list
[roarmserver-8] [INFO] [1787659322.837524027] [move_group_interface]: Execute request accepted
[move_group-2] [INFO] [1787659322.837544893] [moveit_ros.trajectory_execution_manager]: Validating trajectory with allowed_start_tolerance 0.01
[move_group-2] [INFO] [1787659322.844488662] [moveit_ros.trajectory_execution_manager]: Starting trajectory execution ...
[move_group-2] [INFO] [1787659322.844530713] [moveit.plugins.moveit_simple_controller_manager]: Returned 2 controllers in list
[move_group-2] [INFO] [1787659322.844541968] [moveit.plugins.moveit_simple_controller_manager]: Returned 2 controllers in list
[move_group-2] [INFO] [1787659322.844618884] [moveit.simple_controller_manager.follow_joint_trajectory_controller_handle]: sending trajectory to hand_controller
[ros2_control_node-4] [INFO] [1787659322.844791732] [hand_controller]: Received new action goal
[ros2_control_node-4] [INFO] [1787659322.844840293] [hand_controller]: Accepted new action goal
[move_group-2] [INFO] [1787659322.844980851] [moveit.simple_controller_manager.follow_joint_trajectory_controller_handle]: hand_controller started execution
[move_group-2] [INFO] [1787659322.844991651] [moveit.simple_controller_manager.follow_joint_trajectory_controller_handle]: Goal request accepted!
[ros2_control_node-4] [INFO] [1787659323.564252849] [hand_controller]: Goal reached, success!
[move_group-2] [INFO] [1787659323.585063891] [moveit.simple_controller_manager.follow_joint_trajectory_controller_handle]: Controller 'hand_controller' successfully finished
[move_group-2] [INFO] [1787659323.614408493] [moveit_ros.trajectory_execution_manager]: Completed trajectory execution with status SUCCEEDED ...
[move_group-2] [INFO] [1787659323.614531211] [moveit_move_group_default_capabilities.execute_trajectory_action_capability]: Execution completed: SUCCEEDED
[roarmserver-8] [INFO] [1787659323.614926272] [move_group_interface]: Execute request success!
[roarmserver-8] [INFO] [1787659323.615413773] [roarm_server]: MoveCircleCmd service executed successfully
[roarmserver-8] [INFO] [1787659323.615472152] [roarm_server]: BASE_JOINT_RAD: 0.624349, SHOULDER_JOINT_RAD: -0.447712, ELBOW_JOINT_RAD: 2.060646, WRIST_JOINT_RAD: -0.042000, ROLL_JOINT_RAD: 0.000093
[roarmserver-8] [INFO] [1787659323.615562278] [move_group_interface]: MoveGroup action client/server ready
[move_group-2] [INFO] [1787659323.615796697] [moveit_move_group_default_capabilities.move_action_capability]: Received request
[roarmserver-8] [INFO] [1787659323.615957762] [move_group_interface]: Planning request accepted
[move_group-2] [INFO] [1787659323.615987147] [moveit_move_group_default_capabilities.move_action_capability]: executing..
[move_group-2] [INFO] [1787659323.624595019] [moveit_move_group_default_capabilities.move_action_capability]: Planning request received for MoveGroup action. Forwarding to planning pipeline.
[move_group-2] [INFO] [1787659323.625029996] [moveit.ompl_planning.model_based_planning_context]: Planner configuration 'hand' will use planner 'geometric::RRTConnect'. Additional configuration parameters will be set when the planner is constructed.
[move_group-2] [INFO] [1787659323.636329989] [moveit_move_group_default_capabilities.move_action_capability]: Motion plan was computed successfully.
[roarmserver-8] [INFO] [1787659323.636701330] [move_group_interface]: Planning request complete!
[roarmserver-8] [INFO] [1787659323.637102684] [move_group_interface]: time taken to generate plan: 0.011029 seconds
[move_group-2] [INFO] [1787659323.637295924] [moveit_move_group_default_capabilities.execute_trajectory_action_capability]: Received goal request
[move_group-2] [INFO] [1787659323.637392772] [moveit_move_group_default_capabilities.execute_trajectory_action_capability]: Execution request received
[move_group-2] [INFO] [1787659323.637409649] [moveit.plugins.moveit_simple_controller_manager]: Returned 2 controllers in list
[move_group-2] [INFO] [1787659323.637420069] [moveit.plugins.moveit_simple_controller_manager]: Returned 2 controllers in list
[move_group-2] [INFO] [1787659323.637441037] [moveit_ros.trajectory_execution_manager]: Validating trajectory with allowed_start_tolerance 0.01
[roarmserver-8] [INFO] [1787659323.637456735] [move_group_interface]: Execute request accepted
[move_group-2] [INFO] [1787659323.644472469] [moveit_ros.trajectory_execution_manager]: Starting trajectory execution ...
[move_group-2] [INFO] [1787659323.644518324] [moveit.plugins.moveit_simple_controller_manager]: Returned 2 controllers in list
[move_group-2] [INFO] [1787659323.644530097] [moveit.plugins.moveit_simple_controller_manager]: Returned 2 controllers in list
[move_group-2] [INFO] [1787659323.644607467] [moveit.simple_controller_manager.follow_joint_trajectory_controller_handle]: sending trajectory to hand_controller
[ros2_control_node-4] [INFO] [1787659323.644772305] [hand_controller]: Received new action goal
[ros2_control_node-4] [INFO] [1787659323.644804273] [hand_controller]: Accepted new action goal
[move_group-2] [INFO] [1787659323.644944835] [moveit.simple_controller_manager.follow_joint_trajectory_controller_handle]: hand_controller started execution
[move_group-2] [INFO] [1787659323.644955583] [moveit.simple_controller_manager.follow_joint_trajectory_controller_handle]: Goal request accepted!
[ros2_control_node-4] [INFO] [1787659324.334129480] [hand_controller]: Goal reached, success!
[move_group-2] [INFO] [1787659324.385091336] [moveit.simple_controller_manager.follow_joint_trajectory_controller_handle]: Controller 'hand_controller' successfully finished
[move_group-2] [INFO] [1787659324.414384990] [moveit_ros.trajectory_execution_manager]: Completed trajectory execution with status SUCCEEDED ...
[move_group-2] [INFO] [1787659324.414526142] [moveit_move_group_default_capabilities.execute_trajectory_action_capability]: Execution completed: SUCCEEDED
[roarmserver-8] [INFO] [1787659324.414851720] [move_group_interface]: Execute request success!
[roarmserver-8] [INFO] [1787659324.415898616] [roarm_server]: MoveCircleCmd service executed successfully
[roarmserver-8] [INFO] [1787659324.415954006] [roarm_server]: BASE_JOINT_RAD: 0.716988, SHOULDER_JOINT_RAD: -0.361938, ELBOW_JOINT_RAD: 2.020337, WRIST_JOINT_RAD: -0.087466, ROLL_JOINT_RAD: 0.000093
[roarmserver-8] [INFO] [1787659324.416042636] [move_group_interface]: MoveGroup action client/server ready
[move_group-2] [INFO] [1787659324.416278557] [moveit_move_group_default_capabilities.move_action_capability]: Received request
[roarmserver-8] [INFO] [1787659324.416412207] [move_group_interface]: Planning request accepted
[move_group-2] [INFO] [1787659324.416443658] [moveit_move_group_default_capabilities.move_action_capability]: executing..
[move_group-2] [INFO] [1787659324.424484509] [moveit_move_group_default_capabilities.move_action_capability]: Planning request received for MoveGroup action. Forwarding to planning pipeline.
[move_group-2] [INFO] [1787659324.424801832] [moveit.ompl_planning.model_based_planning_context]: Planner configuration 'hand' will use planner 'geometric::RRTConnect'. Additional configuration parameters will be set when the planner is constructed.
[move_group-2] [INFO] [1787659324.446262839] [moveit_move_group_default_capabilities.move_action_capability]: Motion plan was computed successfully.
[roarmserver-8] [INFO] [1787659324.446642452] [move_group_interface]: Planning request complete!
[roarmserver-8] [INFO] [1787659324.446719483] [move_group_interface]: time taken to generate plan: 0.0212081 seconds
[move_group-2] [INFO] [1787659324.446919529] [moveit_move_group_default_capabilities.execute_trajectory_action_capability]: Received goal request
[roarmserver-8] [INFO] [1787659324.447048893] [move_group_interface]: Execute request accepted
[move_group-2] [INFO] [1787659324.447078725] [moveit_move_group_default_capabilities.execute_trajectory_action_capability]: Execution request received
[move_group-2] [INFO] [1787659324.447096154] [moveit.plugins.moveit_simple_controller_manager]: Returned 2 controllers in list
[move_group-2] [INFO] [1787659324.447106875] [moveit.plugins.moveit_simple_controller_manager]: Returned 2 controllers in list
[move_group-2] [INFO] [1787659324.447181462] [moveit_ros.trajectory_execution_manager]: Validating trajectory with allowed_start_tolerance 0.01
[move_group-2] [INFO] [1787659324.454410502] [moveit_ros.trajectory_execution_manager]: Starting trajectory execution ...
[move_group-2] [INFO] [1787659324.454454568] [moveit.plugins.moveit_simple_controller_manager]: Returned 2 controllers in list
[move_group-2] [INFO] [1787659324.454466813] [moveit.plugins.moveit_simple_controller_manager]: Returned 2 controllers in list
[move_group-2] [INFO] [1787659324.454583159] [moveit.simple_controller_manager.follow_joint_trajectory_controller_handle]: sending trajectory to hand_controller
[ros2_control_node-4] [INFO] [1787659324.454753361] [hand_controller]: Received new action goal
[ros2_control_node-4] [INFO] [1787659324.454802359] [hand_controller]: Accepted new action goal
[move_group-2] [INFO] [1787659324.454961040] [moveit.simple_controller_manager.follow_joint_trajectory_controller_handle]: hand_controller started execution
[move_group-2] [INFO] [1787659324.454971549] [moveit.simple_controller_manager.follow_joint_trajectory_controller_handle]: Goal request accepted!
[ros2_control_node-4] [INFO] [1787659325.074135164] [hand_controller]: Goal reached, success!
[move_group-2] [INFO] [1787659325.090222550] [moveit.simple_controller_manager.follow_joint_trajectory_controller_handle]: Controller 'hand_controller' successfully finished
[move_group-2] [INFO] [1787659325.114343568] [moveit_ros.trajectory_execution_manager]: Completed trajectory execution with status SUCCEEDED ...
[move_group-2] [INFO] [1787659325.114450189] [moveit_move_group_default_capabilities.execute_trajectory_action_capability]: Execution completed: SUCCEEDED
[roarmserver-8] [INFO] [1787659325.115035467] [move_group_interface]: Execute request success!
[roarmserver-8] [INFO] [1787659325.115625453] [roarm_server]: MoveCircleCmd service executed successfully
[roarmserver-8] [INFO] [1787659325.115680420] [roarm_server]: BASE_JOINT_RAD: 0.785398, SHOULDER_JOINT_RAD: -0.258296, ELBOW_JOINT_RAD: 1.988354, WRIST_JOINT_RAD: -0.159125, ROLL_JOINT_RAD: 0.000093
[roarmserver-8] [INFO] [1787659325.115787178] [move_group_interface]: MoveGroup action client/server ready
[move_group-2] [INFO] [1787659325.116010844] [moveit_move_group_default_capabilities.move_action_capability]: Received request
[roarmserver-8] [INFO] [1787659325.116151283] [move_group_interface]: Planning request accepted
[move_group-2] [INFO] [1787659325.116180009] [moveit_move_group_default_capabilities.move_action_capability]: executing..
[move_group-2] [INFO] [1787659325.124549274] [moveit_move_group_default_capabilities.move_action_capability]: Planning request received for MoveGroup action. Forwarding to planning pipeline.
[move_group-2] [INFO] [1787659325.124842691] [moveit.ompl_planning.model_based_planning_context]: Planner configuration 'hand' will use planner 'geometric::RRTConnect'. Additional configuration parameters will be set when the planner is constructed.
[move_group-2] [INFO] [1787659325.136114279] [moveit_move_group_default_capabilities.move_action_capability]: Motion plan was computed successfully.
[roarmserver-8] [INFO] [1787659325.136533312] [move_group_interface]: Planning request complete!
[roarmserver-8] [INFO] [1787659325.137373792] [move_group_interface]: time taken to generate plan: 0.0110462 seconds
[move_group-2] [INFO] [1787659325.137565741] [moveit_move_group_default_capabilities.execute_trajectory_action_capability]: Received goal request
[roarmserver-8] [INFO] [1787659325.137684152] [move_group_interface]: Execute request accepted
[move_group-2] [INFO] [1787659325.137750452] [moveit_move_group_default_capabilities.execute_trajectory_action_capability]: Execution request received
[move_group-2] [INFO] [1787659325.137775300] [moveit.plugins.moveit_simple_controller_manager]: Returned 2 controllers in list
[move_group-2] [INFO] [1787659325.137791566] [moveit.plugins.moveit_simple_controller_manager]: Returned 2 controllers in list
[move_group-2] [INFO] [1787659325.137895806] [moveit_ros.trajectory_execution_manager]: Validating trajectory with allowed_start_tolerance 0.01
[move_group-2] [INFO] [1787659325.144506064] [moveit_ros.trajectory_execution_manager]: Starting trajectory execution ...
[move_group-2] [INFO] [1787659325.144549400] [moveit.plugins.moveit_simple_controller_manager]: Returned 2 controllers in list
[move_group-2] [INFO] [1787659325.144570058] [moveit.plugins.moveit_simple_controller_manager]: Returned 2 controllers in list
[move_group-2] [INFO] [1787659325.144644761] [moveit.simple_controller_manager.follow_joint_trajectory_controller_handle]: sending trajectory to hand_controller
[ros2_control_node-4] [INFO] [1787659325.144812444] [hand_controller]: Received new action goal
[ros2_control_node-4] [INFO] [1787659325.144858542] [hand_controller]: Accepted new action goal
[move_group-2] [INFO] [1787659325.144999272] [moveit.simple_controller_manager.follow_joint_trajectory_controller_handle]: hand_controller started execution
[move_group-2] [INFO] [1787659325.145009611] [moveit.simple_controller_manager.follow_joint_trajectory_controller_handle]: Goal request accepted!
[ros2_control_node-4] [INFO] [1787659325.804247029] [hand_controller]: Goal reached, success!
[move_group-2] [INFO] [1787659325.833287355] [moveit.simple_controller_manager.follow_joint_trajectory_controller_handle]: Controller 'hand_controller' successfully finished
[move_group-2] [INFO] [1787659325.854334302] [moveit_ros.trajectory_execution_manager]: Completed trajectory execution with status SUCCEEDED ...
[move_group-2] [INFO] [1787659325.854455559] [moveit_move_group_default_capabilities.execute_trajectory_action_capability]: Execution completed: SUCCEEDED
[roarmserver-8] [INFO] [1787659325.854774056] [move_group_interface]: Execute request success!
[roarmserver-8] [INFO] [1787659325.855731264] [roarm_server]: MoveCircleCmd service executed successfully
[roarmserver-8] [INFO] [1787659330.738803046] [moveit_rdf_loader.rdf_loader]: Loaded robot model in 0.985777 seconds
[roarmserver-8] [INFO] [1787659330.738847071] [moveit_robot_model.robot_model]: Loading robot model 'roarm_m3'...
[roarmserver-8] [INFO] [1787659330.738852447] [moveit_robot_model.robot_model]: No root/virtual joint specified in SRDF. Assuming fixed joint
[roarmserver-8] [WARN] [1787659330.769201579] [moveit_ros.robot_model_loader]: No kinematics plugins defined. Fill and load kinematics.yaml!
[roarmserver-8] [INFO] [1787659330.784801243] [move_group_interface]: Ready to take commands for planning group hand.
[roarmserver-8] [INFO] [1787659330.784849913] [move_joint_cmd_service_node]: BASE_JOINT_RAD: 0.000000, SHOULDER_JOINT_RAD: -0.000057, ELBOW_JOINT_RAD: 2.618064, WRIST_JOINT_RAD: -1.047211, ROLL_JOINT_RAD: 0.000000
[roarmserver-8] [INFO] [1787659330.784883545] [move_joint_cmd_service_node]: x: 0.273900, y: 0.000000, z: 0.098000, roll: 0.000000, pitch: 0.000000
[roarmserver-8] [INFO] [1787659330.784935485] [move_group_interface]: MoveGroup action client/server ready
[move_group-2] [INFO] [1787659330.785163723] [moveit_move_group_default_capabilities.move_action_capability]: Received request
[roarmserver-8] [INFO] [1787659330.785294297] [move_group_interface]: Planning request accepted
[move_group-2] [INFO] [1787659330.785324707] [moveit_move_group_default_capabilities.move_action_capability]: executing..
[move_group-2] [INFO] [1787659330.794368933] [moveit_move_group_default_capabilities.move_action_capability]: Planning request received for MoveGroup action. Forwarding to planning pipeline.
[move_group-2] [INFO] [1787659330.794732487] [moveit.ompl_planning.model_based_planning_context]: Planner configuration 'hand' will use planner 'geometric::RRTConnect'. Additional configuration parameters will be set when the planner is constructed.
[move_group-2] [INFO] [1787659330.816232136] [moveit_move_group_default_capabilities.move_action_capability]: Motion plan was computed successfully.
[roarmserver-8] [INFO] [1787659330.816641032] [move_group_interface]: Planning request complete!
[roarmserver-8] [INFO] [1787659330.816770596] [move_group_interface]: time taken to generate plan: 0.0209101 seconds
[move_group-2] [INFO] [1787659330.816978505] [moveit_move_group_default_capabilities.execute_trajectory_action_capability]: Received goal request
[move_group-2] [INFO] [1787659330.817109318] [moveit_move_group_default_capabilities.execute_trajectory_action_capability]: Execution request received
[move_group-2] [INFO] [1787659330.817128176] [moveit.plugins.moveit_simple_controller_manager]: Returned 2 controllers in list
[move_group-2] [INFO] [1787659330.817139658] [moveit.plugins.moveit_simple_controller_manager]: Returned 2 controllers in list
[move_group-2] [INFO] [1787659330.817217664] [moveit_ros.trajectory_execution_manager]: Validating trajectory with allowed_start_tolerance 0.01
[roarmserver-8] [INFO] [1787659330.817172729] [move_group_interface]: Execute request accepted
[move_group-2] [INFO] [1787659330.824505606] [moveit_ros.trajectory_execution_manager]: Starting trajectory execution ...
[move_group-2] [INFO] [1787659330.824543641] [moveit.plugins.moveit_simple_controller_manager]: Returned 2 controllers in list
[move_group-2] [INFO] [1787659330.824555578] [moveit.plugins.moveit_simple_controller_manager]: Returned 2 controllers in list
[move_group-2] [INFO] [1787659330.824618863] [moveit.simple_controller_manager.follow_joint_trajectory_controller_handle]: sending trajectory to hand_controller
[ros2_control_node-4] [INFO] [1787659330.824802156] [hand_controller]: Received new action goal
[ros2_control_node-4] [INFO] [1787659330.824833904] [hand_controller]: Accepted new action goal
[move_group-2] [INFO] [1787659330.824974162] [moveit.simple_controller_manager.follow_joint_trajectory_controller_handle]: hand_controller started execution
[move_group-2] [INFO] [1787659330.825001900] [moveit.simple_controller_manager.follow_joint_trajectory_controller_handle]: Goal request accepted!
[ros2_control_node-4] [INFO] [1787659332.724518894] [hand_controller]: Goal reached, success!
[move_group-2] [INFO] [1787659332.730967531] [moveit.simple_controller_manager.follow_joint_trajectory_controller_handle]: Controller 'hand_controller' successfully finished
[move_group-2] [INFO] [1787659332.754409894] [moveit_ros.trajectory_execution_manager]: Completed trajectory execution with status SUCCEEDED ...
[move_group-2] [INFO] [1787659332.754531923] [moveit_move_group_default_capabilities.execute_trajectory_action_capability]: Execution completed: SUCCEEDED
[roarmserver-8] [INFO] [1787659332.754841452] [move_group_interface]: Execute request success!
[roarmserver-8] [INFO] [1787659332.755335482] [move_joint_cmd_service_node]: MoveJointCmd service executed successfully
[roarmserver-8] [INFO] [1787659337.125100523] [moveit_rdf_loader.rdf_loader]: Loaded robot model in 0.674744 seconds
[roarmserver-8] [INFO] [1787659337.125143430] [moveit_robot_model.robot_model]: Loading robot model 'roarm_m3'...
[roarmserver-8] [INFO] [1787659337.125149209] [moveit_robot_model.robot_model]: No root/virtual joint specified in SRDF. Assuming fixed joint
[roarmserver-8] [WARN] [1787659337.150758561] [moveit_ros.robot_model_loader]: No kinematics plugins defined. Fill and load kinematics.yaml!
[roarmserver-8] [INFO] [1787659337.165649339] [move_group_interface]: Ready to take commands for planning group hand.
[roarmserver-8] [INFO] [1787659337.165689605] [roarm_server]: start_pose: x: 273.920875, y: 0.021900, z: 97.986193
[roarmserver-8] [INFO] [1787659337.165724749] [roarm_server]: BASE_JOINT_RAD: 0.000080, SHOULDER_JOINT_RAD: 0.000039, ELBOW_JOINT_RAD: 2.617976, WRIST_JOINT_RAD: -1.047157, ROLL_JOINT_RAD: -0.000040
[roarmserver-8] [INFO] [1787659337.165753223] [move_group_interface]: MoveGroup action client/server ready
[move_group-2] [INFO] [1787659337.166004327] [moveit_move_group_default_capabilities.move_action_capability]: Received request
[roarmserver-8] [INFO] [1787659337.166144897] [move_group_interface]: Planning request accepted
[move_group-2] [INFO] [1787659337.166163588] [moveit_move_group_default_capabilities.move_action_capability]: executing..
[move_group-2] [INFO] [1787659337.174630139] [moveit_move_group_default_capabilities.move_action_capability]: Planning request received for MoveGroup action. Forwarding to planning pipeline.
[move_group-2] [INFO] [1787659337.174999914] [moveit.ompl_planning.model_based_planning_context]: Planner configuration 'hand' will use planner 'geometric::RRTConnect'. Additional configuration parameters will be set when the planner is constructed.
[move_group-2] [INFO] [1787659337.186261277] [moveit_move_group_default_capabilities.move_action_capability]: Motion plan was computed successfully.
[roarmserver-8] [INFO] [1787659337.186655495] [move_group_interface]: Planning request complete!
[roarmserver-8] [INFO] [1787659337.187385691] [move_group_interface]: time taken to generate plan: 0.0111146 seconds
[move_group-2] [INFO] [1787659337.187587392] [moveit_move_group_default_capabilities.execute_trajectory_action_capability]: Received goal request
[roarmserver-8] [INFO] [1787659337.187722051] [move_group_interface]: Execute request accepted
[move_group-2] [INFO] [1787659337.187754883] [moveit_move_group_default_capabilities.execute_trajectory_action_capability]: Execution request received
[move_group-2] [INFO] [1787659337.187774459] [moveit.plugins.moveit_simple_controller_manager]: Returned 2 controllers in list
[move_group-2] [INFO] [1787659337.187786251] [moveit.plugins.moveit_simple_controller_manager]: Returned 2 controllers in list
[move_group-2] [INFO] [1787659337.187862573] [moveit_ros.trajectory_execution_manager]: Validating trajectory with allowed_start_tolerance 0.01
[move_group-2] [INFO] [1787659337.194970249] [moveit_ros.trajectory_execution_manager]: Starting trajectory execution ...
[move_group-2] [INFO] [1787659337.195011777] [moveit.plugins.moveit_simple_controller_manager]: Returned 2 controllers in list
[move_group-2] [INFO] [1787659337.195022987] [moveit.plugins.moveit_simple_controller_manager]: Returned 2 controllers in list
[move_group-2] [INFO] [1787659337.195089743] [moveit.simple_controller_manager.follow_joint_trajectory_controller_handle]: sending trajectory to hand_controller
[ros2_control_node-4] [INFO] [1787659337.195282112] [hand_controller]: Received new action goal
[ros2_control_node-4] [INFO] [1787659337.195331169] [hand_controller]: Accepted new action goal
[move_group-2] [INFO] [1787659337.195484470] [moveit.simple_controller_manager.follow_joint_trajectory_controller_handle]: hand_controller started execution
[move_group-2] [INFO] [1787659337.195495022] [moveit.simple_controller_manager.follow_joint_trajectory_controller_handle]: Goal request accepted!
[ros2_control_node-4] [INFO] [1787659337.204488307] [hand_controller]: Goal reached, success!
[move_group-2] [INFO] [1787659337.248973547] [moveit.simple_controller_manager.follow_joint_trajectory_controller_handle]: Controller 'hand_controller' successfully finished
[move_group-2] [INFO] [1787659337.274818313] [moveit_ros.trajectory_execution_manager]: Completed trajectory execution with status SUCCEEDED ...
[move_group-2] [INFO] [1787659337.274931253] [moveit_move_group_default_capabilities.execute_trajectory_action_capability]: Execution completed: SUCCEEDED
[roarmserver-8] [INFO] [1787659337.275251705] [move_group_interface]: Execute request success!
[roarmserver-8] [INFO] [1787659337.275400850] [roarm_server]: MoveCircleCmd service executed successfully
[roarmserver-8] [INFO] [1787659337.275431837] [roarm_server]: BASE_JOINT_RAD: 0.024394, SHOULDER_JOINT_RAD: -0.196121, ELBOW_JOINT_RAD: 2.556319, WRIST_JOINT_RAD: -0.789340, ROLL_JOINT_RAD: -0.000040
[roarmserver-8] [INFO] [1787659337.275494394] [move_group_interface]: MoveGroup action client/server ready
[move_group-2] [INFO] [1787659337.275691609] [moveit_move_group_default_capabilities.move_action_capability]: Received request
[roarmserver-8] [INFO] [1787659337.275826533] [move_group_interface]: Planning request accepted
[move_group-2] [INFO] [1787659337.275854635] [moveit_move_group_default_capabilities.move_action_capability]: executing..
[move_group-2] [INFO] [1787659337.284727154] [moveit_move_group_default_capabilities.move_action_capability]: Planning request received for MoveGroup action. Forwarding to planning pipeline.
[move_group-2] [INFO] [1787659337.285145397] [moveit.ompl_planning.model_based_planning_context]: Planner configuration 'hand' will use planner 'geometric::RRTConnect'. Additional configuration parameters will be set when the planner is constructed.
[move_group-2] [INFO] [1787659337.296718214] [moveit_move_group_default_capabilities.move_action_capability]: Motion plan was computed successfully.
[roarmserver-8] [INFO] [1787659337.297113233] [move_group_interface]: Planning request complete!
[roarmserver-8] [INFO] [1787659337.297144501] [move_group_interface]: time taken to generate plan: 0.0112567 seconds
[move_group-2] [INFO] [1787659337.297378918] [moveit_move_group_default_capabilities.execute_trajectory_action_capability]: Received goal request
[move_group-2] [INFO] [1787659337.297470733] [moveit_move_group_default_capabilities.execute_trajectory_action_capability]: Execution request received
[move_group-2] [INFO] [1787659337.297500596] [moveit.plugins.moveit_simple_controller_manager]: Returned 2 controllers in list
[move_group-2] [INFO] [1787659337.297510596] [moveit.plugins.moveit_simple_controller_manager]: Returned 2 controllers in list
[roarmserver-8] [INFO] [1787659337.297580152] [move_group_interface]: Execute request accepted
[move_group-2] [INFO] [1787659337.297585274] [moveit_ros.trajectory_execution_manager]: Validating trajectory with allowed_start_tolerance 0.01
[move_group-2] [INFO] [1787659337.304770056] [moveit_ros.trajectory_execution_manager]: Starting trajectory execution ...
[move_group-2] [INFO] [1787659337.304811468] [moveit.plugins.moveit_simple_controller_manager]: Returned 2 controllers in list
[move_group-2] [INFO] [1787659337.304837746] [moveit.plugins.moveit_simple_controller_manager]: Returned 2 controllers in list
[move_group-2] [INFO] [1787659337.304900780] [moveit.simple_controller_manager.follow_joint_trajectory_controller_handle]: sending trajectory to hand_controller
[ros2_control_node-4] [INFO] [1787659337.305061548] [hand_controller]: Received new action goal
[ros2_control_node-4] [INFO] [1787659337.305089650] [hand_controller]: Accepted new action goal
[move_group-2] [INFO] [1787659337.305226880] [moveit.simple_controller_manager.follow_joint_trajectory_controller_handle]: hand_controller started execution
[move_group-2] [INFO] [1787659337.305237379] [moveit.simple_controller_manager.follow_joint_trajectory_controller_handle]: Goal request accepted!
[ros2_control_node-4] [INFO] [1787659338.334623063] [hand_controller]: Goal reached, success!
[move_group-2] [INFO] [1787659338.366024212] [moveit.simple_controller_manager.follow_joint_trajectory_controller_handle]: Controller 'hand_controller' successfully finished
[move_group-2] [INFO] [1787659338.394926464] [moveit_ros.trajectory_execution_manager]: Completed trajectory execution with status SUCCEEDED ...
[move_group-2] [INFO] [1787659338.395049712] [moveit_move_group_default_capabilities.execute_trajectory_action_capability]: Execution completed: SUCCEEDED
[roarmserver-8] [INFO] [1787659338.395373091] [move_group_interface]: Execute request success!
[roarmserver-8] [INFO] [1787659338.395408665] [roarm_server]: MoveCircleCmd service executed successfully
[roarmserver-8] [INFO] [1787659338.395447298] [roarm_server]: BASE_JOINT_RAD: 0.075689, SHOULDER_JOINT_RAD: -0.355774, ELBOW_JOINT_RAD: 2.468348, WRIST_JOINT_RAD: -0.541717, ROLL_JOINT_RAD: -0.000040
[roarmserver-8] [INFO] [1787659338.395535497] [move_group_interface]: MoveGroup action client/server ready
[move_group-2] [INFO] [1787659338.395764097] [moveit_move_group_default_capabilities.move_action_capability]: Received request
[roarmserver-8] [INFO] [1787659338.395903807] [move_group_interface]: Planning request accepted
[move_group-2] [INFO] [1787659338.395932733] [moveit_move_group_default_capabilities.move_action_capability]: executing..
[move_group-2] [INFO] [1787659338.404887146] [moveit_move_group_default_capabilities.move_action_capability]: Planning request received for MoveGroup action. Forwarding to planning pipeline.
[move_group-2] [INFO] [1787659338.405342373] [moveit.ompl_planning.model_based_planning_context]: Planner configuration 'hand' will use planner 'geometric::RRTConnect'. Additional configuration parameters will be set when the planner is constructed.
[move_group-2] [INFO] [1787659338.416278367] [moveit_move_group_default_capabilities.move_action_capability]: Motion plan was computed successfully.
[roarmserver-8] [INFO] [1787659338.416642193] [move_group_interface]: Planning request complete!
[roarmserver-8] [INFO] [1787659338.417261364] [move_group_interface]: time taken to generate plan: 0.0106349 seconds
[move_group-2] [INFO] [1787659338.417445276] [moveit_move_group_default_capabilities.execute_trajectory_action_capability]: Received goal request
[move_group-2] [INFO] [1787659338.417550421] [moveit_move_group_default_capabilities.execute_trajectory_action_capability]: Execution request received
[move_group-2] [INFO] [1787659338.417566795] [moveit.plugins.moveit_simple_controller_manager]: Returned 2 controllers in list
[move_group-2] [INFO] [1787659338.417576848] [moveit.plugins.moveit_simple_controller_manager]: Returned 2 controllers in list
[roarmserver-8] [INFO] [1787659338.417617241] [move_group_interface]: Execute request accepted
[move_group-2] [INFO] [1787659338.417649851] [moveit_ros.trajectory_execution_manager]: Validating trajectory with allowed_start_tolerance 0.01
[move_group-2] [INFO] [1787659338.424830094] [moveit_ros.trajectory_execution_manager]: Starting trajectory execution ...
[move_group-2] [INFO] [1787659338.424886681] [moveit.plugins.moveit_simple_controller_manager]: Returned 2 controllers in list
[move_group-2] [INFO] [1787659338.424899184] [moveit.plugins.moveit_simple_controller_manager]: Returned 2 controllers in list
[move_group-2] [INFO] [1787659338.424984572] [moveit.simple_controller_manager.follow_joint_trajectory_controller_handle]: sending trajectory to hand_controller
[ros2_control_node-4] [INFO] [1787659338.425163357] [hand_controller]: Received new action goal
[ros2_control_node-4] [INFO] [1787659338.425210092] [hand_controller]: Accepted new action goal
[move_group-2] [INFO] [1787659338.425359316] [moveit.simple_controller_manager.follow_joint_trajectory_controller_handle]: hand_controller started execution
[move_group-2] [INFO] [1787659338.425370324] [moveit.simple_controller_manager.follow_joint_trajectory_controller_handle]: Goal request accepted!
[ros2_control_node-4] [INFO] [1787659339.434636608] [hand_controller]: Goal reached, success!
[move_group-2] [INFO] [1787659339.486153229] [moveit.simple_controller_manager.follow_joint_trajectory_controller_handle]: Controller 'hand_controller' successfully finished
[move_group-2] [INFO] [1787659339.514890746] [moveit_ros.trajectory_execution_manager]: Completed trajectory execution with status SUCCEEDED ...
[move_group-2] [INFO] [1787659339.515021005] [moveit_move_group_default_capabilities.execute_trajectory_action_capability]: Execution completed: SUCCEEDED
[roarmserver-8] [INFO] [1787659339.515344416] [move_group_interface]: Execute request success!
[roarmserver-8] [INFO] [1787659339.516315158] [roarm_server]: MoveCircleCmd service executed successfully
[roarmserver-8] [INFO] [1787659339.516372381] [roarm_server]: BASE_JOINT_RAD: 0.155669, SHOULDER_JOINT_RAD: -0.465923, ELBOW_JOINT_RAD: 2.368842, WRIST_JOINT_RAD: -0.332062, ROLL_JOINT_RAD: -0.000040
[roarmserver-8] [INFO] [1787659339.516459890] [move_group_interface]: MoveGroup action client/server ready
[move_group-2] [INFO] [1787659339.516700309] [moveit_move_group_default_capabilities.move_action_capability]: Received request
[roarmserver-8] [INFO] [1787659339.516840508] [move_group_interface]: Planning request accepted
[move_group-2] [INFO] [1787659339.516875340] [moveit_move_group_default_capabilities.move_action_capability]: executing..
[move_group-2] [INFO] [1787659339.524751792] [moveit_move_group_default_capabilities.move_action_capability]: Planning request received for MoveGroup action. Forwarding to planning pipeline.
[move_group-2] [INFO] [1787659339.525062647] [moveit.ompl_planning.model_based_planning_context]: Planner configuration 'hand' will use planner 'geometric::RRTConnect'. Additional configuration parameters will be set when the planner is constructed.
[move_group-2] [INFO] [1787659339.546651654] [moveit_move_group_default_capabilities.move_action_capability]: Motion plan was computed successfully.
[roarmserver-8] [INFO] [1787659339.547066521] [move_group_interface]: Planning request complete!
[roarmserver-8] [INFO] [1787659339.547420765] [move_group_interface]: time taken to generate plan: 0.0212019 seconds
[move_group-2] [INFO] [1787659339.547625563] [moveit_move_group_default_capabilities.execute_trajectory_action_capability]: Received goal request
[move_group-2] [INFO] [1787659339.547790360] [moveit_move_group_default_capabilities.execute_trajectory_action_capability]: Execution request received
[move_group-2] [INFO] [1787659339.547824836] [moveit.plugins.moveit_simple_controller_manager]: Returned 2 controllers in list
[move_group-2] [INFO] [1787659339.547837657] [moveit.plugins.moveit_simple_controller_manager]: Returned 2 controllers in list
[roarmserver-8] [INFO] [1787659339.547802238] [move_group_interface]: Execute request accepted
[move_group-2] [INFO] [1787659339.547917839] [moveit_ros.trajectory_execution_manager]: Validating trajectory with allowed_start_tolerance 0.01
[move_group-2] [INFO] [1787659339.554932390] [moveit_ros.trajectory_execution_manager]: Starting trajectory execution ...
[move_group-2] [INFO] [1787659339.554977216] [moveit.plugins.moveit_simple_controller_manager]: Returned 2 controllers in list
[move_group-2] [INFO] [1787659339.554989581] [moveit.plugins.moveit_simple_controller_manager]: Returned 2 controllers in list
[move_group-2] [INFO] [1787659339.555072732] [moveit.simple_controller_manager.follow_joint_trajectory_controller_handle]: sending trajectory to hand_controller
[ros2_control_node-4] [INFO] [1787659339.555272556] [hand_controller]: Received new action goal
[ros2_control_node-4] [INFO] [1787659339.555309492] [hand_controller]: Accepted new action goal
[move_group-2] [INFO] [1787659339.555457703] [moveit.simple_controller_manager.follow_joint_trajectory_controller_handle]: hand_controller started execution
[move_group-2] [INFO] [1787659339.555486442] [moveit.simple_controller_manager.follow_joint_trajectory_controller_handle]: Goal request accepted!
[ros2_control_node-4] [INFO] [1787659340.484502950] [hand_controller]: Goal reached, success!
[move_group-2] [INFO] [1787659340.509846958] [moveit.simple_controller_manager.follow_joint_trajectory_controller_handle]: Controller 'hand_controller' successfully finished
[move_group-2] [INFO] [1787659340.534802692] [moveit_ros.trajectory_execution_manager]: Completed trajectory execution with status SUCCEEDED ...
[move_group-2] [INFO] [1787659340.534927488] [moveit_move_group_default_capabilities.execute_trajectory_action_capability]: Execution completed: SUCCEEDED
[roarmserver-8] [INFO] [1787659340.535247558] [move_group_interface]: Execute request success!
[roarmserver-8] [INFO] [1787659340.535354237] [roarm_server]: MoveCircleCmd service executed successfully
[roarmserver-8] [INFO] [1787659340.535392691] [roarm_server]: BASE_JOINT_RAD: 0.261715, SHOULDER_JOINT_RAD: -0.524864, ELBOW_JOINT_RAD: 2.270891, WRIST_JOINT_RAD: -0.175171, ROLL_JOINT_RAD: -0.000040
[roarmserver-8] [INFO] [1787659340.535483115] [move_group_interface]: MoveGroup action client/server ready
[move_group-2] [INFO] [1787659340.535711428] [moveit_move_group_default_capabilities.move_action_capability]: Received request
[roarmserver-8] [INFO] [1787659340.535851274] [move_group_interface]: Planning request accepted
[move_group-2] [INFO] [1787659340.535863753] [moveit_move_group_default_capabilities.move_action_capability]: executing..
[move_group-2] [INFO] [1787659340.544789147] [moveit_move_group_default_capabilities.move_action_capability]: Planning request received for MoveGroup action. Forwarding to planning pipeline.
[move_group-2] [INFO] [1787659340.545104849] [moveit.ompl_planning.model_based_planning_context]: Planner configuration 'hand' will use planner 'geometric::RRTConnect'. Additional configuration parameters will be set when the planner is constructed.
[move_group-2] [INFO] [1787659340.556538450] [moveit_move_group_default_capabilities.move_action_capability]: Motion plan was computed successfully.
[roarmserver-8] [INFO] [1787659340.556919273] [move_group_interface]: Planning request complete!
[roarmserver-8] [INFO] [1787659340.557123034] [move_group_interface]: time taken to generate plan: 0.0111572 seconds
[move_group-2] [INFO] [1787659340.557381647] [moveit_move_group_default_capabilities.execute_trajectory_action_capability]: Received goal request
[move_group-2] [INFO] [1787659340.557494979] [moveit_move_group_default_capabilities.execute_trajectory_action_capability]: Execution request received
[move_group-2] [INFO] [1787659340.557511287] [moveit.plugins.moveit_simple_controller_manager]: Returned 2 controllers in list
[move_group-2] [INFO] [1787659340.557521820] [moveit.plugins.moveit_simple_controller_manager]: Returned 2 controllers in list
[roarmserver-8] [INFO] [1787659340.557566085] [move_group_interface]: Execute request accepted
[move_group-2] [INFO] [1787659340.557592774] [moveit_ros.trajectory_execution_manager]: Validating trajectory with allowed_start_tolerance 0.01
[move_group-2] [INFO] [1787659340.564752445] [moveit_ros.trajectory_execution_manager]: Starting trajectory execution ...
[move_group-2] [INFO] [1787659340.564794198] [moveit.plugins.moveit_simple_controller_manager]: Returned 2 controllers in list
[move_group-2] [INFO] [1787659340.564805800] [moveit.plugins.moveit_simple_controller_manager]: Returned 2 controllers in list
[move_group-2] [INFO] [1787659340.564881598] [moveit.simple_controller_manager.follow_joint_trajectory_controller_handle]: sending trajectory to hand_controller
[ros2_control_node-4] [INFO] [1787659340.565041400] [hand_controller]: Received new action goal
[ros2_control_node-4] [INFO] [1787659340.565072694] [hand_controller]: Accepted new action goal
[move_group-2] [INFO] [1787659340.565211096] [moveit.simple_controller_manager.follow_joint_trajectory_controller_handle]: hand_controller started execution
[move_group-2] [INFO] [1787659340.565222211] [moveit.simple_controller_manager.follow_joint_trajectory_controller_handle]: Goal request accepted!
[ros2_control_node-4] [INFO] [1787659341.374617802] [hand_controller]: Goal reached, success!
[move_group-2] [INFO] [1787659341.411773039] [moveit.simple_controller_manager.follow_joint_trajectory_controller_handle]: Controller 'hand_controller' successfully finished
[move_group-2] [INFO] [1787659341.434793135] [moveit_ros.trajectory_execution_manager]: Completed trajectory execution with status SUCCEEDED ...
[move_group-2] [INFO] [1787659341.434927027] [moveit_move_group_default_capabilities.execute_trajectory_action_capability]: Execution completed: SUCCEEDED
[roarmserver-8] [INFO] [1787659341.435264325] [move_group_interface]: Execute request success!
[roarmserver-8] [INFO] [1787659341.435968903] [roarm_server]: MoveCircleCmd service executed successfully
[roarmserver-8] [INFO] [1787659341.436026468] [roarm_server]: BASE_JOINT_RAD: 0.384785, SHOULDER_JOINT_RAD: -0.536838, ELBOW_JOINT_RAD: 2.184273, WRIST_JOINT_RAD: -0.076577, ROLL_JOINT_RAD: -0.000040
[roarmserver-8] [INFO] [1787659341.436115982] [move_group_interface]: MoveGroup action client/server ready
[move_group-2] [INFO] [1787659341.436347003] [moveit_move_group_default_capabilities.move_action_capability]: Received request
[roarmserver-8] [INFO] [1787659341.436483221] [move_group_interface]: Planning request accepted
[move_group-2] [INFO] [1787659341.436517761] [moveit_move_group_default_capabilities.move_action_capability]: executing..
[move_group-2] [INFO] [1787659341.444682362] [moveit_move_group_default_capabilities.move_action_capability]: Planning request received for MoveGroup action. Forwarding to planning pipeline.
[move_group-2] [INFO] [1787659341.444990364] [moveit.ompl_planning.model_based_planning_context]: Planner configuration 'hand' will use planner 'geometric::RRTConnect'. Additional configuration parameters will be set when the planner is constructed.
[move_group-2] [INFO] [1787659341.456597341] [moveit_move_group_default_capabilities.move_action_capability]: Motion plan was computed successfully.
[roarmserver-8] [INFO] [1787659341.456974521] [move_group_interface]: Planning request complete!
[roarmserver-8] [INFO] [1787659341.457657672] [move_group_interface]: time taken to generate plan: 0.0113064 seconds
[move_group-2] [INFO] [1787659341.457875478] [moveit_move_group_default_capabilities.execute_trajectory_action_capability]: Received goal request
[move_group-2] [INFO] [1787659341.457985192] [moveit_move_group_default_capabilities.execute_trajectory_action_capability]: Execution request received
[move_group-2] [INFO] [1787659341.458000548] [moveit.plugins.moveit_simple_controller_manager]: Returned 2 controllers in list
[move_group-2] [INFO] [1787659341.458011389] [moveit.plugins.moveit_simple_controller_manager]: Returned 2 controllers in list
[roarmserver-8] [INFO] [1787659341.458055306] [move_group_interface]: Execute request accepted
[move_group-2] [INFO] [1787659341.458086245] [moveit_ros.trajectory_execution_manager]: Validating trajectory with allowed_start_tolerance 0.01
[move_group-2] [INFO] [1787659341.464838669] [moveit_ros.trajectory_execution_manager]: Starting trajectory execution ...
[move_group-2] [INFO] [1787659341.464882623] [moveit.plugins.moveit_simple_controller_manager]: Returned 2 controllers in list
[move_group-2] [INFO] [1787659341.464894436] [moveit.plugins.moveit_simple_controller_manager]: Returned 2 controllers in list
[move_group-2] [INFO] [1787659341.464971492] [moveit.simple_controller_manager.follow_joint_trajectory_controller_handle]: sending trajectory to hand_controller
[ros2_control_node-4] [INFO] [1787659341.465145117] [hand_controller]: Received new action goal
[ros2_control_node-4] [INFO] [1787659341.465178029] [hand_controller]: Accepted new action goal
[move_group-2] [INFO] [1787659341.465324869] [moveit.simple_controller_manager.follow_joint_trajectory_controller_handle]: hand_controller started execution
[move_group-2] [INFO] [1787659341.465352515] [moveit.simple_controller_manager.follow_joint_trajectory_controller_handle]: Goal request accepted!
[ros2_control_node-4] [INFO] [1787659342.184473888] [hand_controller]: Goal reached, success!
[move_group-2] [INFO] [1787659342.206058929] [moveit.simple_controller_manager.follow_joint_trajectory_controller_handle]: Controller 'hand_controller' successfully finished
[move_group-2] [INFO] [1787659342.234835541] [moveit_ros.trajectory_execution_manager]: Completed trajectory execution with status SUCCEEDED ...
[move_group-2] [INFO] [1787659342.234963806] [moveit_move_group_default_capabilities.execute_trajectory_action_capability]: Execution completed: SUCCEEDED
[roarmserver-8] [INFO] [1787659342.235275726] [move_group_interface]: Execute request success!
[roarmserver-8] [INFO] [1787659342.236244952] [roarm_server]: MoveCircleCmd service executed successfully
[roarmserver-8] [INFO] [1787659342.236300793] [roarm_server]: BASE_JOINT_RAD: 0.510508, SHOULDER_JOINT_RAD: -0.508571, ELBOW_JOINT_RAD: 2.114169, WRIST_JOINT_RAD: -0.034741, ROLL_JOINT_RAD: -0.000040
[roarmserver-8] [INFO] [1787659342.236389651] [move_group_interface]: MoveGroup action client/server ready
[move_group-2] [INFO] [1787659342.236621010] [moveit_move_group_default_capabilities.move_action_capability]: Received request
[roarmserver-8] [INFO] [1787659342.236767074] [move_group_interface]: Planning request accepted
[move_group-2] [INFO] [1787659342.236799394] [moveit_move_group_default_capabilities.move_action_capability]: executing..
[move_group-2] [INFO] [1787659342.244740070] [moveit_move_group_default_capabilities.move_action_capability]: Planning request received for MoveGroup action. Forwarding to planning pipeline.
[move_group-2] [INFO] [1787659342.245327171] [moveit.ompl_planning.model_based_planning_context]: Planner configuration 'hand' will use planner 'geometric::RRTConnect'. Additional configuration parameters will be set when the planner is constructed.
[move_group-2] [INFO] [1787659342.256306874] [moveit_move_group_default_capabilities.move_action_capability]: Motion plan was computed successfully.
[roarmserver-8] [INFO] [1787659342.256846226] [move_group_interface]: Planning request complete!
[roarmserver-8] [INFO] [1787659342.256933624] [move_group_interface]: time taken to generate plan: 0.0105918 seconds
[move_group-2] [INFO] [1787659342.257248792] [moveit_move_group_default_capabilities.execute_trajectory_action_capability]: Received goal request
[roarmserver-8] [INFO] [1787659342.257405142] [move_group_interface]: Execute request accepted
[move_group-2] [INFO] [1787659342.257432020] [moveit_move_group_default_capabilities.execute_trajectory_action_capability]: Execution request received
[move_group-2] [INFO] [1787659342.257453923] [moveit.plugins.moveit_simple_controller_manager]: Returned 2 controllers in list
[move_group-2] [INFO] [1787659342.257484878] [moveit.plugins.moveit_simple_controller_manager]: Returned 2 controllers in list
[move_group-2] [INFO] [1787659342.257573483] [moveit_ros.trajectory_execution_manager]: Validating trajectory with allowed_start_tolerance 0.01
[move_group-2] [INFO] [1787659342.264942283] [moveit_ros.trajectory_execution_manager]: Starting trajectory execution ...
[move_group-2] [INFO] [1787659342.265017879] [moveit.plugins.moveit_simple_controller_manager]: Returned 2 controllers in list
[move_group-2] [INFO] [1787659342.265037445] [moveit.plugins.moveit_simple_controller_manager]: Returned 2 controllers in list
[move_group-2] [INFO] [1787659342.265133146] [moveit.simple_controller_manager.follow_joint_trajectory_controller_handle]: sending trajectory to hand_controller
[ros2_control_node-4] [INFO] [1787659342.265384150] [hand_controller]: Received new action goal
[ros2_control_node-4] [INFO] [1787659342.265456775] [hand_controller]: Accepted new action goal
[move_group-2] [INFO] [1787659342.265671048] [moveit.simple_controller_manager.follow_joint_trajectory_controller_handle]: hand_controller started execution
[move_group-2] [INFO] [1787659342.265719803] [moveit.simple_controller_manager.follow_joint_trajectory_controller_handle]: Goal request accepted!
[ros2_control_node-4] [INFO] [1787659342.984475343] [hand_controller]: Goal reached, success!
[move_group-2] [INFO] [1787659343.006360898] [moveit.simple_controller_manager.follow_joint_trajectory_controller_handle]: Controller 'hand_controller' successfully finished
[move_group-2] [INFO] [1787659343.034812778] [moveit_ros.trajectory_execution_manager]: Completed trajectory execution with status SUCCEEDED ...
[move_group-2] [INFO] [1787659343.034918622] [moveit_move_group_default_capabilities.execute_trajectory_action_capability]: Execution completed: SUCCEEDED
[roarmserver-8] [INFO] [1787659343.035541861] [move_group_interface]: Execute request success!
[roarmserver-8] [INFO] [1787659343.035562684] [roarm_server]: MoveCircleCmd service executed successfully
[roarmserver-8] [INFO] [1787659343.035639264] [roarm_server]: BASE_JOINT_RAD: 0.624372, SHOULDER_JOINT_RAD: -0.447712, ELBOW_JOINT_RAD: 2.060730, WRIST_JOINT_RAD: -0.042161, ROLL_JOINT_RAD: -0.000040
[roarmserver-8] [INFO] [1787659343.035730059] [move_group_interface]: MoveGroup action client/server ready
[move_group-2] [INFO] [1787659343.035962031] [moveit_move_group_default_capabilities.move_action_capability]: Received request
[roarmserver-8] [INFO] [1787659343.036098147] [move_group_interface]: Planning request accepted
[move_group-2] [INFO] [1787659343.036126085] [moveit_move_group_default_capabilities.move_action_capability]: executing..
[move_group-2] [INFO] [1787659343.044739991] [moveit_move_group_default_capabilities.move_action_capability]: Planning request received for MoveGroup action. Forwarding to planning pipeline.
[move_group-2] [INFO] [1787659343.045055841] [moveit.ompl_planning.model_based_planning_context]: Planner configuration 'hand' will use planner 'geometric::RRTConnect'. Additional configuration parameters will be set when the planner is constructed.
[move_group-2] [INFO] [1787659343.056442703] [moveit_move_group_default_capabilities.move_action_capability]: Motion plan was computed successfully.
[roarmserver-8] [INFO] [1787659343.056804061] [move_group_interface]: Planning request complete!
[roarmserver-8] [INFO] [1787659343.057330065] [move_group_interface]: time taken to generate plan: 0.0111434 seconds
[move_group-2] [INFO] [1787659343.057573073] [moveit_move_group_default_capabilities.execute_trajectory_action_capability]: Received goal request
[move_group-2] [INFO] [1787659343.057739538] [moveit_move_group_default_capabilities.execute_trajectory_action_capability]: Execution request received
[move_group-2] [INFO] [1787659343.057756078] [moveit.plugins.moveit_simple_controller_manager]: Returned 2 controllers in list
[move_group-2] [INFO] [1787659343.057766824] [moveit.plugins.moveit_simple_controller_manager]: Returned 2 controllers in list
[roarmserver-8] [INFO] [1787659343.057737196] [move_group_interface]: Execute request accepted
[move_group-2] [INFO] [1787659343.057808281] [moveit_ros.trajectory_execution_manager]: Validating trajectory with allowed_start_tolerance 0.01
[move_group-2] [INFO] [1787659343.064837265] [moveit_ros.trajectory_execution_manager]: Starting trajectory execution ...
[move_group-2] [INFO] [1787659343.064882530] [moveit.plugins.moveit_simple_controller_manager]: Returned 2 controllers in list
[move_group-2] [INFO] [1787659343.064894766] [moveit.plugins.moveit_simple_controller_manager]: Returned 2 controllers in list
[move_group-2] [INFO] [1787659343.064969982] [moveit.simple_controller_manager.follow_joint_trajectory_controller_handle]: sending trajectory to hand_controller
[ros2_control_node-4] [INFO] [1787659343.065140297] [hand_controller]: Received new action goal
[ros2_control_node-4] [INFO] [1787659343.065175050] [hand_controller]: Accepted new action goal
[move_group-2] [INFO] [1787659343.065327703] [moveit.simple_controller_manager.follow_joint_trajectory_controller_handle]: hand_controller started execution
[move_group-2] [INFO] [1787659343.065356226] [moveit.simple_controller_manager.follow_joint_trajectory_controller_handle]: Goal request accepted!
[ros2_control_node-4] [INFO] [1787659343.754146194] [hand_controller]: Goal reached, success!
[move_group-2] [INFO] [1787659343.805954231] [moveit.simple_controller_manager.follow_joint_trajectory_controller_handle]: Controller 'hand_controller' successfully finished
[move_group-2] [INFO] [1787659343.834809804] [moveit_ros.trajectory_execution_manager]: Completed trajectory execution with status SUCCEEDED ...
[move_group-2] [INFO] [1787659343.834935662] [moveit_move_group_default_capabilities.execute_trajectory_action_capability]: Execution completed: SUCCEEDED
[roarmserver-8] [INFO] [1787659343.835277873] [move_group_interface]: Execute request success!
[roarmserver-8] [INFO] [1787659343.835557626] [roarm_server]: MoveCircleCmd service executed successfully
[roarmserver-8] [INFO] [1787659343.835614673] [roarm_server]: BASE_JOINT_RAD: 0.717001, SHOULDER_JOINT_RAD: -0.361937, ELBOW_JOINT_RAD: 2.020426, WRIST_JOINT_RAD: -0.087632, ROLL_JOINT_RAD: -0.000040
[roarmserver-8] [INFO] [1787659343.835706990] [move_group_interface]: MoveGroup action client/server ready
[move_group-2] [INFO] [1787659343.835905003] [moveit_move_group_default_capabilities.move_action_capability]: Received request
[move_group-2] [INFO] [1787659343.836098997] [moveit_move_group_default_capabilities.move_action_capability]: executing..
[roarmserver-8] [INFO] [1787659343.836097913] [move_group_interface]: Planning request accepted
[move_group-2] [INFO] [1787659343.844770174] [moveit_move_group_default_capabilities.move_action_capability]: Planning request received for MoveGroup action. Forwarding to planning pipeline.
[move_group-2] [INFO] [1787659343.845082798] [moveit.ompl_planning.model_based_planning_context]: Planner configuration 'hand' will use planner 'geometric::RRTConnect'. Additional configuration parameters will be set when the planner is constructed.
[move_group-2] [INFO] [1787659343.856096920] [moveit_move_group_default_capabilities.move_action_capability]: Motion plan was computed successfully.
[roarmserver-8] [INFO] [1787659343.856499429] [move_group_interface]: Planning request complete!
[roarmserver-8] [INFO] [1787659343.857319412] [move_group_interface]: time taken to generate plan: 0.0107812 seconds
[move_group-2] [INFO] [1787659343.857531840] [moveit_move_group_default_capabilities.execute_trajectory_action_capability]: Received goal request
[roarmserver-8] [INFO] [1787659343.857668259] [move_group_interface]: Execute request accepted
[move_group-2] [INFO] [1787659343.857705909] [moveit_move_group_default_capabilities.execute_trajectory_action_capability]: Execution request received
[move_group-2] [INFO] [1787659343.857723052] [moveit.plugins.moveit_simple_controller_manager]: Returned 2 controllers in list
[move_group-2] [INFO] [1787659343.857733544] [moveit.plugins.moveit_simple_controller_manager]: Returned 2 controllers in list
[move_group-2] [INFO] [1787659343.857839652] [moveit_ros.trajectory_execution_manager]: Validating trajectory with allowed_start_tolerance 0.01
[move_group-2] [INFO] [1787659343.864878933] [moveit_ros.trajectory_execution_manager]: Starting trajectory execution ...
[move_group-2] [INFO] [1787659343.864922844] [moveit.plugins.moveit_simple_controller_manager]: Returned 2 controllers in list
[move_group-2] [INFO] [1787659343.864935144] [moveit.plugins.moveit_simple_controller_manager]: Returned 2 controllers in list
[move_group-2] [INFO] [1787659343.865014600] [moveit.simple_controller_manager.follow_joint_trajectory_controller_handle]: sending trajectory to hand_controller
[ros2_control_node-4] [INFO] [1787659343.865236610] [hand_controller]: Received new action goal
[ros2_control_node-4] [INFO] [1787659343.865315813] [hand_controller]: Accepted new action goal
[move_group-2] [INFO] [1787659343.865499612] [moveit.simple_controller_manager.follow_joint_trajectory_controller_handle]: hand_controller started execution
[move_group-2] [INFO] [1787659343.865510273] [moveit.simple_controller_manager.follow_joint_trajectory_controller_handle]: Goal request accepted!
[ros2_control_node-4] [INFO] [1787659344.484484298] [hand_controller]: Goal reached, success!
[move_group-2] [INFO] [1787659344.500458359] [moveit.simple_controller_manager.follow_joint_trajectory_controller_handle]: Controller 'hand_controller' successfully finished
[move_group-2] [INFO] [1787659344.524712212] [moveit_ros.trajectory_execution_manager]: Completed trajectory execution with status SUCCEEDED ...
[move_group-2] [INFO] [1787659344.524828283] [moveit_move_group_default_capabilities.execute_trajectory_action_capability]: Execution completed: SUCCEEDED
[roarmserver-8] [INFO] [1787659344.525138792] [move_group_interface]: Execute request success!
[roarmserver-8] [INFO] [1787659344.525541628] [roarm_server]: MoveCircleCmd service executed successfully
[roarmserver-8] [INFO] [1787659344.525597596] [roarm_server]: BASE_JOINT_RAD: 0.785398, SHOULDER_JOINT_RAD: -0.258291, ELBOW_JOINT_RAD: 1.988443, WRIST_JOINT_RAD: -0.159294, ROLL_JOINT_RAD: -0.000040
[roarmserver-8] [INFO] [1787659344.525738837] [move_group_interface]: MoveGroup action client/server ready
[move_group-2] [INFO] [1787659344.526005932] [moveit_move_group_default_capabilities.move_action_capability]: Received request
[roarmserver-8] [INFO] [1787659344.526157729] [move_group_interface]: Planning request accepted
[move_group-2] [INFO] [1787659344.526200011] [moveit_move_group_default_capabilities.move_action_capability]: executing..
[move_group-2] [INFO] [1787659344.534874042] [moveit_move_group_default_capabilities.move_action_capability]: Planning request received for MoveGroup action. Forwarding to planning pipeline.
[move_group-2] [INFO] [1787659344.535173341] [moveit.ompl_planning.model_based_planning_context]: Planner configuration 'hand' will use planner 'geometric::RRTConnect'. Additional configuration parameters will be set when the planner is constructed.
[move_group-2] [INFO] [1787659344.546425771] [moveit_move_group_default_capabilities.move_action_capability]: Motion plan was computed successfully.
[roarmserver-8] [INFO] [1787659344.546811643] [move_group_interface]: Planning request complete!
[roarmserver-8] [INFO] [1787659344.547299881] [move_group_interface]: time taken to generate plan: 0.0110181 seconds
[move_group-2] [INFO] [1787659344.547493013] [moveit_move_group_default_capabilities.execute_trajectory_action_capability]: Received goal request
[move_group-2] [INFO] [1787659344.547619469] [moveit_move_group_default_capabilities.execute_trajectory_action_capability]: Execution request received
[move_group-2] [INFO] [1787659344.547635640] [moveit.plugins.moveit_simple_controller_manager]: Returned 2 controllers in list
[move_group-2] [INFO] [1787659344.547645328] [moveit.plugins.moveit_simple_controller_manager]: Returned 2 controllers in list
[move_group-2] [INFO] [1787659344.547719761] [moveit_ros.trajectory_execution_manager]: Validating trajectory with allowed_start_tolerance 0.01
[roarmserver-8] [INFO] [1787659344.547686801] [move_group_interface]: Execute request accepted
[move_group-2] [INFO] [1787659344.554912587] [moveit_ros.trajectory_execution_manager]: Starting trajectory execution ...
[move_group-2] [INFO] [1787659344.554962030] [moveit.plugins.moveit_simple_controller_manager]: Returned 2 controllers in list
[move_group-2] [INFO] [1787659344.554984176] [moveit.plugins.moveit_simple_controller_manager]: Returned 2 controllers in list
[move_group-2] [INFO] [1787659344.555077762] [moveit.simple_controller_manager.follow_joint_trajectory_controller_handle]: sending trajectory to hand_controller
[ros2_control_node-4] [INFO] [1787659344.555238854] [hand_controller]: Received new action goal
[ros2_control_node-4] [INFO] [1787659344.555273744] [hand_controller]: Accepted new action goal
[move_group-2] [INFO] [1787659344.555412918] [moveit.simple_controller_manager.follow_joint_trajectory_controller_handle]: hand_controller started execution
[move_group-2] [INFO] [1787659344.555423156] [moveit.simple_controller_manager.follow_joint_trajectory_controller_handle]: Goal request accepted!
[ros2_control_node-4] [INFO] [1787659345.214631276] [hand_controller]: Goal reached, success!
[move_group-2] [INFO] [1787659345.243087327] [moveit.simple_controller_manager.follow_joint_trajectory_controller_handle]: Controller 'hand_controller' successfully finished
[move_group-2] [INFO] [1787659345.264759561] [moveit_ros.trajectory_execution_manager]: Completed trajectory execution with status SUCCEEDED ...
[move_group-2] [INFO] [1787659345.264906233] [moveit_move_group_default_capabilities.execute_trajectory_action_capability]: Execution completed: SUCCEEDED
[roarmserver-8] [INFO] [1787659345.265391451] [move_group_interface]: Execute request success!
[roarmserver-8] [INFO] [1787659345.265684033] [roarm_server]: MoveCircleCmd service executed successfully
